{"type":"FeatureCollection","features":[{"type":"Feature","id":"040010001","geometry":{"type":"Point","coordinates":[-90.05022,20.36828]},"geometry_name":"the_geom","properties":{"CVEGEO":"040010001","NOMGEO":"Calkiní","CVE_ENT":"04","NOM_ENT":"Campeche","AMBITO":"Urbana","area_km2":11.905}},{"type":"Feature","id":"040010002","geometry":{"type":"Point","coordinates":[-90.45316,20.69696]},"geometry_name":"the_geom","properties":{"CVEGEO":"040010002","NOMGEO":"Isla Arena","CVE_ENT":"04","NOM_ENT":"Campeche","AMBITO":"Rural","area_km2":0.288}},{"type":"Feature","id":"040010004","geometry":{"type":"Point","coordinates":[-90.02812,20.44158]},"geometry_name":"the_geom","properties":{"CVEGEO":"040010004","NOMGEO":"Bécal","CVE_ENT":"04","NOM_ENT":"Campeche","AMBITO":"Urbana","area_km2":5.482}},{"type":"Feature","id":"040010005","geometry":{"type":"Point","coordinates":[-90.18178,20.31633]},"geometry_name":"the_geom","properties":{"CVEGEO":"040010005","NOMGEO":"Concepción","CVE_ENT":"04","NOM_ENT":"Campeche","AMBITO":"Rural","area_km2":0.305}},{"type":"Feature","id":"040010006","geometry":{"type":"Point","coordinates":[-90.178,20.26653]},"geometry_name":"the_geom","properties":{"CVEGEO":"040010006","NOMGEO":"San Agustín Chunhuás","CVE_ENT":"04","NOM_ENT":"Campeche","AMBITO":"Rural","area_km2":0.251}},{"type":"Feature","id":"040010008","geometry":{"type":"Point","coordinates":[-90.14637,20.40166]},"geometry_name":"the_geom","properties":{"CVEGEO":"040010008","NOMGEO":"Nunkiní","CVE_ENT":"04","NOM_ENT":"Campeche","AMBITO":"Urbana","area_km2":4.36}},{"type":"Feature","id":"040010009","geometry":{"type":"Point","coordinates":[-90.21959,20.36572]},"geometry_name":"the_geom","properties":{"CVEGEO":"040010009","NOMGEO":"Pucnachén","CVE_ENT":"04","NOM_ENT":"Campeche","AMBITO":"Rural","area_km2":0.558}},{"type":"Feature","id":"040010010","geometry":{"type":"Point","coordinates":[-90.13855,20.30743]},"geometry_name":"the_geom","properties":{"CVEGEO":"040010010","NOMGEO":"San Antonio Sahcabchén","CVE_ENT":"04","NOM_ENT":"Campeche","AMBITO":"Rural","area_km2":0.933}},{"type":"Feature","id":"040010011","geometry":{"type":"Point","coordinates":[-90.23552,20.43699]},"geometry_name":"the_geom","properties":{"CVEGEO":"040010011","NOMGEO":"San Nicolás","CVE_ENT":"04","NOM_ENT":"Campeche","AMBITO":"Rural","area_km2":0.239}},{"type":"Feature","id":"040010012","geometry":{"type":"Point","coordinates":[-90.2401,20.39693]},"geometry_name":"the_geom","properties":{"CVEGEO":"040010012","NOMGEO":"Santa Cruz Ex-Hacienda","CVE_ENT":"04","NOM_ENT":"Campeche","AMBITO":"Rural","area_km2":0.863}},{"type":"Feature","id":"040010013","geometry":{"type":"Point","coordinates":[-90.10321,20.33306]},"geometry_name":"the_geom","properties":{"CVEGEO":"040010013","NOMGEO":"Santa Cruz Pueblo","CVE_ENT":"04","NOM_ENT":"Campeche","AMBITO":"Rural","area_km2":0.658}},{"type":"Feature","id":"040010014","geometry":{"type":"Point","coordinates":[-90.24304,20.50823]},"geometry_name":"the_geom","properties":{"CVEGEO":"040010014","NOMGEO":"Tankuché","CVE_ENT":"04","NOM_ENT":"Campeche","AMBITO":"Rural","area_km2":0.73}},{"type":"Feature","id":"040010015","geometry":{"type":"Point","coordinates":[-90.04069,20.39518]},"geometry_name":"the_geom","properties":{"CVEGEO":"040010015","NOMGEO":"Tepakán","CVE_ENT":"04","NOM_ENT":"Campeche","AMBITO":"Rural","area_km2":1.354}},{"type":"Feature","id":"040010016","geometry":{"type":"Point","coordinates":[-90.24478,20.37311]},"geometry_name":"the_geom","properties":{"CVEGEO":"040010016","NOMGEO":"Santa María","CVE_ENT":"04","NOM_ENT":"Campeche","AMBITO":"Rural","area_km2":0.352}},{"type":"Feature","id":"040010232","geometry":{"type":"Point","coordinates":[-90.16834,20.23601]},"geometry_name":"the_geom","properties":{"CVEGEO":"040010232","NOMGEO":"Xkakoch","CVE_ENT":"04","NOM_ENT":"Campeche","AMBITO":"Rural","area_km2":0.134}},{"type":"Feature","id":"040020001","geometry":{"type":"Point","coordinates":[-90.51679,19.83022]},"geometry_name":"the_geom","properties":{"CVEGEO":"040020001","NOMGEO":"San Francisco de Campeche","CVE_ENT":"04","NOM_ENT":"Campeche","AMBITO":"Urbana","area_km2":52.325}},{"type":"Feature","id":"040020068","geometry":{"type":"Point","coordinates":[-90.42122,19.65747]},"geometry_name":"the_geom","properties":{"CVEGEO":"040020068","NOMGEO":"Uayamón","CVE_ENT":"04","NOM_ENT":"Campeche","AMBITO":"Rural","area_km2":0.367}},{"type":"Feature","id":"040020070","geometry":{"type":"Point","coordinates":[-90.3665,19.90761]},"geometry_name":"the_geom","properties":{"CVEGEO":"040020070","NOMGEO":"Bethania","CVE_ENT":"04","NOM_ENT":"Campeche","AMBITO":"Rural","area_km2":0.701}},{"type":"Feature","id":"040020071","geometry":{"type":"Point","coordinates":[-90.41906,19.77115]},"geometry_name":"the_geom","properties":{"CVEGEO":"040020071","NOMGEO":"San Antonio Bobolá","CVE_ENT":"04","NOM_ENT":"Campeche","AMBITO":"Rural","area_km2":0.246}},{"type":"Feature","id":"040020072","geometry":{"type":"Point","coordinates":[-90.20694,19.44241]},"geometry_name":"the_geom","properties":{"CVEGEO":"040020072","NOMGEO":"Bolonchén Cahuich","CVE_ENT":"04","NOM_ENT":"Campeche","AMBITO":"Rural","area_km2":0.324}},{"type":"Feature","id":"040020073","geometry":{"type":"Point","coordinates":[-90.43233,19.83975]},"geometry_name":"the_geom","properties":{"CVEGEO":"040020073","NOMGEO":"Castamay","CVE_ENT":"04","NOM_ENT":"Campeche","AMBITO":"Rural","area_km2":0.678}},{"type":"Feature","id":"040020075","geometry":{"type":"Point","coordinates":[-90.35583,19.92038]},"geometry_name":"the_geom","properties":{"CVEGEO":"040020075","NOMGEO":"Chemblás","CVE_ENT":"04","NOM_ENT":"Campeche","AMBITO":"Rural","area_km2":0.324}},{"type":"Feature","id":"040020077","geometry":{"type":"Point","coordinates":[-90.49785,19.76955]},"geometry_name":"the_geom","properties":{"CVEGEO":"040020077","NOMGEO":"Chiná","CVE_ENT":"04","NOM_ENT":"Campeche","AMBITO":"Urbana","area_km2":4.081}},{"type":"Feature","id":"040020081","geometry":{"type":"Point","coordinates":[-90.3871,19.9258]},"geometry_name":"the_geom","properties":{"CVEGEO":"040020081","NOMGEO":"Hampolol","CVE_ENT":"04","NOM_ENT":"Campeche","AMBITO":"Rural","area_km2":1.015}},{"type":"Feature","id":"040020082","geometry":{"type":"Point","coordinates":[-90.49231,19.60944]},"geometry_name":"the_geom","properties":{"CVEGEO":"040020082","NOMGEO":"Hobomó","CVE_ENT":"04","NOM_ENT":"Campeche","AMBITO":"Rural","area_km2":0.389}},{"type":"Feature","id":"040020086","geometry":{"type":"Point","coordinates":[-90.4712,19.87327]},"geometry_name":"the_geom","properties":{"CVEGEO":"040020086","NOMGEO":"Imí","CVE_ENT":"04","NOM_ENT":"Campeche","AMBITO":"Rural","area_km2":7.347}},{"type":"Feature","id":"040020087","geometry":{"type":"Point","coordinates":[-90.607,19.79651]},"geometry_name":"the_geom","properties":{"CVEGEO":"040020087","NOMGEO":"Lerma","CVE_ENT":"04","NOM_ENT":"Campeche","AMBITO":"Urbana","area_km2":5.665}},{"type":"Feature","id":"040020089","geometry":{"type":"Point","coordinates":[-90.46136,19.68859]},"geometry_name":"the_geom","properties":{"CVEGEO":"040020089","NOMGEO":"Mucuychakán","CVE_ENT":"04","NOM_ENT":"Campeche","AMBITO":"Rural","area_km2":0.152}},{"type":"Feature","id":"040020090","geometry":{"type":"Point","coordinates":[-90.27176,19.84566]},"geometry_name":"the_geom","properties":{"CVEGEO":"040020090","NOMGEO":"Nilchí","CVE_ENT":"04","NOM_ENT":"Campeche","AMBITO":"Rural","area_km2":0.741}},{"type":"Feature","id":"040020091","geometry":{"type":"Point","coordinates":[-90.33552,19.65456]},"geometry_name":"the_geom","properties":{"CVEGEO":"040020091","NOMGEO":"Nohakal","CVE_ENT":"04","NOM_ENT":"Campeche","AMBITO":"Rural","area_km2":0.443}},{"type":"Feature","id":"040020092","geometry":{"type":"Point","coordinates":[-90.21789,19.61593]},"geometry_name":"the_geom","properties":{"CVEGEO":"040020092","NOMGEO":"Uzahzil-Edzná (Nohyaxché)","CVE_ENT":"04","NOM_ENT":"Campeche","AMBITO":"Rural","area_km2":0.33}},{"type":"Feature","id":"040020093","geometry":{"type":"Point","coordinates":[-90.52406,19.71237]},"geometry_name":"the_geom","properties":{"CVEGEO":"040020093","NOMGEO":"San Agustín Olá","CVE_ENT":"04","NOM_ENT":"Campeche","AMBITO":"Rural","area_km2":0.396}},{"type":"Feature","id":"040020094","geometry":{"type":"Point","coordinates":[-90.07923,19.72626]},"geometry_name":"the_geom","properties":{"CVEGEO":"040020094","NOMGEO":"Crucero Oxá","CVE_ENT":"04","NOM_ENT":"Campeche","AMBITO":"Rural","area_km2":0.264}},{"type":"Feature","id":"040020096","geometry":{"type":"Point","coordinates":[-90.1173,19.48605]},"geometry_name":"the_geom","properties":{"CVEGEO":"040020096","NOMGEO":"Pich","CVE_ENT":"04","NOM_ENT":"Campeche","AMBITO":"Rural","area_km2":1.569}},{"type":"Feature","id":"040020097","geometry":{"type":"Point","coordinates":[-90.35143,19.72744]},"geometry_name":"the_geom","properties":{"CVEGEO":"040020097","NOMGEO":"Pocyaxum","CVE_ENT":"04","NOM_ENT":"Campeche","AMBITO":"Rural","area_km2":0.527}},{"type":"Feature","id":"040020098","geometry":{"type":"Point","coordinates":[-90.17622,19.7428]},"geometry_name":"the_geom","properties":{"CVEGEO":"040020098","NOMGEO":"Cayal","CVE_ENT":"04","NOM_ENT":"Campeche","AMBITO":"Rural","area_km2":0.257}},{"type":"Feature","id":"040020100","geometry":{"type":"Point","coordinates":[-90.24057,19.79705]},"geometry_name":"the_geom","properties":{"CVEGEO":"040020100","NOMGEO":"San Camilo (Chencollí)","CVE_ENT":"04","NOM_ENT":"Campeche","AMBITO":"Rural","area_km2":0.129}},{"type":"Feature","id":"040020101","geometry":{"type":"Point","coordinates":[-90.41467,19.91459]},"geometry_name":"the_geom","properties":{"CVEGEO":"040020101","NOMGEO":"San Francisco Kobén","CVE_ENT":"04","NOM_ENT":"Campeche","AMBITO":"Rural","area_km2":0.821}},{"type":"Feature","id":"040020104","geometry":{"type":"Point","coordinates":[-90.22387,19.76821]},"geometry_name":"the_geom","properties":{"CVEGEO":"040020104","NOMGEO":"Tikinmul","CVE_ENT":"04","NOM_ENT":"Campeche","AMBITO":"Rural","area_km2":0.858}},{"type":"Feature","id":"040020105","geometry":{"type":"Point","coordinates":[-90.31613,19.58268]},"geometry_name":"the_geom","properties":{"CVEGEO":"040020105","NOMGEO":"Tixmucuy","CVE_ENT":"04","NOM_ENT":"Campeche","AMBITO":"Rural","area_km2":0.663}},{"type":"Feature","id":"040020110","geometry":{"type":"Point","coordinates":[-90.18267,19.52979]},"geometry_name":"the_geom","properties":{"CVEGEO":"040020110","NOMGEO":"Alfredo V. Bonfil","CVE_ENT":"04","NOM_ENT":"Campeche","AMBITO":"Rural","area_km2":2.258}},{"type":"Feature","id":"040020118","geometry":{"type":"Point","coordinates":[-90.12229,19.74658]},"geometry_name":"the_geom","properties":{"CVEGEO":"040020118","NOMGEO":"Pueblo Nuevo","CVE_ENT":"04","NOM_ENT":"Campeche","AMBITO":"Rural","area_km2":0.364}},{"type":"Feature","id":"040020172","geometry":{"type":"Point","coordinates":[-90.2275,19.3746]},"geometry_name":"the_geom","properties":{"CVEGEO":"040020172","NOMGEO":"Melchor Ocampo","CVE_ENT":"04","NOM_ENT":"Campeche","AMBITO":"Rural","area_km2":0.844}},{"type":"Feature","id":"040020263","geometry":{"type":"Point","coordinates":[-90.10559,19.45972]},"geometry_name":"the_geom","properties":{"CVEGEO":"040020263","NOMGEO":"Quetzal Edzná","CVE_ENT":"04","NOM_ENT":"Campeche","AMBITO":"Rural","area_km2":0.304}},{"type":"Feature","id":"040020264","geometry":{"type":"Point","coordinates":[-90.10402,19.46565]},"geometry_name":"the_geom","properties":{"CVEGEO":"040020264","NOMGEO":"La Libertad","CVE_ENT":"04","NOM_ENT":"Campeche","AMBITO":"Rural","area_km2":0.199}},{"type":"Feature","id":"040020281","geometry":{"type":"Point","coordinates":[-90.01397,19.4986]},"geometry_name":"the_geom","properties":{"CVEGEO":"040020281","NOMGEO":"San Luciano","CVE_ENT":"04","NOM_ENT":"Campeche","AMBITO":"Rural","area_km2":0.374}},{"type":"Feature","id":"040020312","geometry":{"type":"Point","coordinates":[-90.20878,19.28798]},"geometry_name":"the_geom","properties":{"CVEGEO":"040020312","NOMGEO":"Kikab","CVE_ENT":"04","NOM_ENT":"Campeche","AMBITO":"Rural","area_km2":0.398}},{"type":"Feature","id":"040020313","geometry":{"type":"Point","coordinates":[-90.20998,19.30959]},"geometry_name":"the_geom","properties":{"CVEGEO":"040020313","NOMGEO":"Nuevo Pénjamo","CVE_ENT":"04","NOM_ENT":"Campeche","AMBITO":"Rural","area_km2":0.257}},{"type":"Feature","id":"040020316","geometry":{"type":"Point","coordinates":[-90.35911,19.47573]},"geometry_name":"the_geom","properties":{"CVEGEO":"040020316","NOMGEO":"Adolfo Ruiz Cortínez","CVE_ENT":"04","NOM_ENT":"Campeche","AMBITO":"Rural","area_km2":0.367}},{"type":"Feature","id":"040020318","geometry":{"type":"Point","coordinates":[-89.9953,19.46154]},"geometry_name":"the_geom","properties":{"CVEGEO":"040020318","NOMGEO":"San Miguel Allende","CVE_ENT":"04","NOM_ENT":"Campeche","AMBITO":"Rural","area_km2":0.467}},{"type":"Feature","id":"040020329","geometry":{"type":"Point","coordinates":[-90.63436,19.77908]},"geometry_name":"the_geom","properties":{"CVEGEO":"040020329","NOMGEO":"Club Náutico y Deportivo de Campeche","CVE_ENT":"04","NOM_ENT":"Campeche","AMBITO":"Rural","area_km2":0.149}},{"type":"Feature","id":"040020465","geometry":{"type":"Point","coordinates":[-89.99166,19.4861]},"geometry_name":"the_geom","properties":{"CVEGEO":"040020465","NOMGEO":"Los Laureles","CVE_ENT":"04","NOM_ENT":"Campeche","AMBITO":"Urbana","area_km2":1.494}},{"type":"Feature","id":"040020501","geometry":{"type":"Point","coordinates":[-90.4647,19.81935]},"geometry_name":"the_geom","properties":{"CVEGEO":"040020501","NOMGEO":"Nuevo San Antonio Ebulá","CVE_ENT":"04","NOM_ENT":"Campeche","AMBITO":"Rural","area_km2":0.234}},{"type":"Feature","id":"040020711","geometry":{"type":"Point","coordinates":[-89.88737,19.36997]},"geometry_name":"the_geom","properties":{"CVEGEO":"040020711","NOMGEO":"Carlos Cano Cruz (Los Tlaxcaltecas)","CVE_ENT":"04","NOM_ENT":"Campeche","AMBITO":"Rural","area_km2":0.33}},{"type":"Feature","id":"040020960","geometry":{"type":"Point","coordinates":[-90.46677,19.83171]},"geometry_name":"the_geom","properties":{"CVEGEO":"040020960","NOMGEO":"Seet Ka'an Nuevo Castamay","CVE_ENT":"04","NOM_ENT":"Campeche","AMBITO":"Rural","area_km2":0.041}},{"type":"Feature","id":"040021030","geometry":{"type":"Point","coordinates":[-90.08895,19.41933]},"geometry_name":"the_geom","properties":{"CVEGEO":"040021030","NOMGEO":"La Unión (El Zapotal)","CVE_ENT":"04","NOM_ENT":"Campeche","AMBITO":"Rural","area_km2":0.13}},{"type":"Feature","id":"040030001","geometry":{"type":"Point","coordinates":[-91.79674,18.6541]},"geometry_name":"the_geom","properties":{"CVEGEO":"040030001","NOMGEO":"Ciudad del Carmen","CVE_ENT":"04","NOM_ENT":"Campeche","AMBITO":"Urbana","area_km2":36.072}},{"type":"Feature","id":"040030005","geometry":{"type":"Point","coordinates":[-92.29628,18.6229]},"geometry_name":"the_geom","properties":{"CVEGEO":"040030005","NOMGEO":"Nuevo Progreso","CVE_ENT":"04","NOM_ENT":"Campeche","AMBITO":"Urbana","area_km2":4.231}},{"type":"Feature","id":"040030006","geometry":{"type":"Point","coordinates":[-92.11185,18.61972]},"geometry_name":"the_geom","properties":{"CVEGEO":"040030006","NOMGEO":"Atasta","CVE_ENT":"04","NOM_ENT":"Campeche","AMBITO":"Urbana","area_km2":2.836}},{"type":"Feature","id":"040030013","geometry":{"type":"Point","coordinates":[-91.94009,18.62115]},"geometry_name":"the_geom","properties":{"CVEGEO":"040030013","NOMGEO":"Puerto Rico","CVE_ENT":"04","NOM_ENT":"Campeche","AMBITO":"Rural","area_km2":0.302}},{"type":"Feature","id":"040030031","geometry":{"type":"Point","coordinates":[-91.54564,18.32388]},"geometry_name":"the_geom","properties":{"CVEGEO":"040030031","NOMGEO":"Santa Rita","CVE_ENT":"04","NOM_ENT":"Campeche","AMBITO":"Rural","area_km2":0.186}},{"type":"Feature","id":"040030058","geometry":{"type":"Point","coordinates":[-90.90444,18.72733]},"geometry_name":"the_geom","properties":{"CVEGEO":"040030058","NOMGEO":"Abelardo L. Rodríguez","CVE_ENT":"04","NOM_ENT":"Campeche","AMBITO":"Rural","area_km2":0.788}},{"type":"Feature","id":"040030064","geometry":{"type":"Point","coordinates":[-90.94325,18.89979]},"geometry_name":"the_geom","properties":{"CVEGEO":"040030064","NOMGEO":"Ignacio Gutiérrez","CVE_ENT":"04","NOM_ENT":"Campeche","AMBITO":"Rural","area_km2":0.545}},{"type":"Feature","id":"040030065","geometry":{"type":"Point","coordinates":[-90.97024,18.71913]},"geometry_name":"the_geom","properties":{"CVEGEO":"040030065","NOMGEO":"José María Pino Suárez","CVE_ENT":"04","NOM_ENT":"Campeche","AMBITO":"Rural","area_km2":0.462}},{"type":"Feature","id":"040030066","geometry":{"type":"Point","coordinates":[-90.93051,18.77653]},"geometry_name":"the_geom","properties":{"CVEGEO":"040030066","NOMGEO":"Plan de Ayala","CVE_ENT":"04","NOM_ENT":"Campeche","AMBITO":"Rural","area_km2":0.691}},{"type":"Feature","id":"040030081","geometry":{"type":"Point","coordinates":[-90.92358,18.77497]},"geometry_name":"the_geom","properties":{"CVEGEO":"040030081","NOMGEO":"Chicbul","CVE_ENT":"04","NOM_ENT":"Campeche","AMBITO":"Rural","area_km2":0.721}},{"type":"Feature","id":"040030082","geometry":{"type":"Point","coordinates":[-91.27746,18.85717]},"geometry_name":"the_geom","properties":{"CVEGEO":"040030082","NOMGEO":"Calax","CVE_ENT":"04","NOM_ENT":"Campeche","AMBITO":"Rural","area_km2":0.2}},{"type":"Feature","id":"040030101","geometry":{"type":"Point","coordinates":[-92.2289,18.61578]},"geometry_name":"the_geom","properties":{"CVEGEO":"040030101","NOMGEO":"San Antonio Cárdenas","CVE_ENT":"04","NOM_ENT":"Campeche","AMBITO":"Urbana","area_km2":3.507}},{"type":"Feature","id":"040030118","geometry":{"type":"Point","coordinates":[-92.4641,18.64512]},"geometry_name":"the_geom","properties":{"CVEGEO":"040030118","NOMGEO":"Nuevo Campechito","CVE_ENT":"04","NOM_ENT":"Campeche","AMBITO":"Rural","area_km2":0.321}},{"type":"Feature","id":"040030199","geometry":{"type":"Point","coordinates":[-91.48756,18.78847]},"geometry_name":"the_geom","properties":{"CVEGEO":"040030199","NOMGEO":"Isla Aguada","CVE_ENT":"04","NOM_ENT":"Campeche","AMBITO":"Urbana","area_km2":3.168}},{"type":"Feature","id":"040030262","geometry":{"type":"Point","coordinates":[-92.30876,18.66442]},"geometry_name":"the_geom","properties":{"CVEGEO":"040030262","NOMGEO":"Colonia Emiliano Zapata","CVE_ENT":"04","NOM_ENT":"Campeche","AMBITO":"Rural","area_km2":0.851}},{"type":"Feature","id":"040030364","geometry":{"type":"Point","coordinates":[-90.97796,18.69467]},"geometry_name":"the_geom","properties":{"CVEGEO":"040030364","NOMGEO":"Independencia","CVE_ENT":"04","NOM_ENT":"Campeche","AMBITO":"Rural","area_km2":0.539}},{"type":"Feature","id":"040030460","geometry":{"type":"Point","coordinates":[-91.65912,18.04291]},"geometry_name":"the_geom","properties":{"CVEGEO":"040030460","NOMGEO":"Vista Alegre","CVE_ENT":"04","NOM_ENT":"Campeche","AMBITO":"Rural","area_km2":0.208}},{"type":"Feature","id":"040030524","geometry":{"type":"Point","coordinates":[-91.49994,18.12603]},"geometry_name":"the_geom","properties":{"CVEGEO":"040030524","NOMGEO":"La Florida","CVE_ENT":"04","NOM_ENT":"Campeche","AMBITO":"Rural","area_km2":0.05}},{"type":"Feature","id":"040030611","geometry":{"type":"Point","coordinates":[-91.01032,18.82227]},"geometry_name":"the_geom","properties":{"CVEGEO":"040030611","NOMGEO":"Chekubul","CVE_ENT":"04","NOM_ENT":"Campeche","AMBITO":"Rural","area_km2":1.285}},{"type":"Feature","id":"040030612","geometry":{"type":"Point","coordinates":[-91.05547,18.72959]},"geometry_name":"the_geom","properties":{"CVEGEO":"040030612","NOMGEO":"La Cristalina","CVE_ENT":"04","NOM_ENT":"Campeche","AMBITO":"Rural","area_km2":0.506}},{"type":"Feature","id":"040030613","geometry":{"type":"Point","coordinates":[-90.96874,18.74115]},"geometry_name":"the_geom","properties":{"CVEGEO":"040030613","NOMGEO":"Nicolás Bravo","CVE_ENT":"04","NOM_ENT":"Campeche","AMBITO":"Rural","area_km2":0.43}},{"type":"Feature","id":"040030614","geometry":{"type":"Point","coordinates":[-91.17923,18.97072]},"geometry_name":"the_geom","properties":{"CVEGEO":"040030614","NOMGEO":"Sabancuy","CVE_ENT":"04","NOM_ENT":"Campeche","AMBITO":"Urbana","area_km2":2.44}},{"type":"Feature","id":"040030733","geometry":{"type":"Point","coordinates":[-91.22027,18.58089]},"geometry_name":"the_geom","properties":{"CVEGEO":"040030733","NOMGEO":"Bella Palizada","CVE_ENT":"04","NOM_ENT":"Campeche","AMBITO":"Rural","area_km2":0.061}},{"type":"Feature","id":"040030811","geometry":{"type":"Point","coordinates":[-91.53586,18.20402]},"geometry_name":"the_geom","properties":{"CVEGEO":"040030811","NOMGEO":"Centauro del Norte","CVE_ENT":"04","NOM_ENT":"Campeche","AMBITO":"Rural","area_km2":0.296}},{"type":"Feature","id":"040030829","geometry":{"type":"Point","coordinates":[-90.88607,18.80922]},"geometry_name":"the_geom","properties":{"CVEGEO":"040030829","NOMGEO":"Adolfo López Mateos","CVE_ENT":"04","NOM_ENT":"Campeche","AMBITO":"Rural","area_km2":0.527}},{"type":"Feature","id":"040030830","geometry":{"type":"Point","coordinates":[-91.1213,18.48822]},"geometry_name":"the_geom","properties":{"CVEGEO":"040030830","NOMGEO":"La Nueva Esperanza","CVE_ENT":"04","NOM_ENT":"Campeche","AMBITO":"Rural","area_km2":0.225}},{"type":"Feature","id":"040031138","geometry":{"type":"Point","coordinates":[-91.08155,18.71513]},"geometry_name":"the_geom","properties":{"CVEGEO":"040031138","NOMGEO":"Los Manantiales","CVE_ENT":"04","NOM_ENT":"Campeche","AMBITO":"Rural","area_km2":0.233}},{"type":"Feature","id":"040031539","geometry":{"type":"Point","coordinates":[-91.68173,18.34314]},"geometry_name":"the_geom","properties":{"CVEGEO":"040031539","NOMGEO":"Santa Cruz","CVE_ENT":"04","NOM_ENT":"Campeche","AMBITO":"Rural","area_km2":0.156}},{"type":"Feature","id":"040031776","geometry":{"type":"Point","coordinates":[-90.96662,18.86402]},"geometry_name":"the_geom","properties":{"CVEGEO":"040031776","NOMGEO":"Oxcabal","CVE_ENT":"04","NOM_ENT":"Campeche","AMBITO":"Rural","area_km2":0.47}},{"type":"Feature","id":"040032248","geometry":{"type":"Point","coordinates":[-91.57676,18.3326]},"geometry_name":"the_geom","properties":{"CVEGEO":"040032248","NOMGEO":"Generalísimo Morelos","CVE_ENT":"04","NOM_ENT":"Campeche","AMBITO":"Rural","area_km2":0.131}},{"type":"Feature","id":"040032249","geometry":{"type":"Point","coordinates":[-91.58301,18.33373]},"geometry_name":"the_geom","properties":{"CVEGEO":"040032249","NOMGEO":"Valle de Solidaridad","CVE_ENT":"04","NOM_ENT":"Campeche","AMBITO":"Rural","area_km2":0.045}},{"type":"Feature","id":"040032250","geometry":{"type":"Point","coordinates":[-91.5831,18.33624]},"geometry_name":"the_geom","properties":{"CVEGEO":"040032250","NOMGEO":"Murallas de Campeche","CVE_ENT":"04","NOM_ENT":"Campeche","AMBITO":"Rural","area_km2":0.185}},{"type":"Feature","id":"040032251","geometry":{"type":"Point","coordinates":[-91.61051,18.32336]},"geometry_name":"the_geom","properties":{"CVEGEO":"040032251","NOMGEO":"Fernando Foglio Miramontes","CVE_ENT":"04","NOM_ENT":"Campeche","AMBITO":"Rural","area_km2":0.194}},{"type":"Feature","id":"040032370","geometry":{"type":"Point","coordinates":[-91.62848,18.13455]},"geometry_name":"the_geom","properties":{"CVEGEO":"040032370","NOMGEO":"Nuevo Palizada","CVE_ENT":"04","NOM_ENT":"Campeche","AMBITO":"Rural","area_km2":0.06}},{"type":"Feature","id":"040032371","geometry":{"type":"Point","coordinates":[-91.65397,18.03939]},"geometry_name":"the_geom","properties":{"CVEGEO":"040032371","NOMGEO":"Justo Sierra","CVE_ENT":"04","NOM_ENT":"Campeche","AMBITO":"Rural","area_km2":0.034}},{"type":"Feature","id":"040033080","geometry":{"type":"Point","coordinates":[-91.80181,18.21823]},"geometry_name":"the_geom","properties":{"CVEGEO":"040033080","NOMGEO":"El Zapote","CVE_ENT":"04","NOM_ENT":"Campeche","AMBITO":"Rural","area_km2":0.242}},{"type":"Feature","id":"040033155","geometry":{"type":"Point","coordinates":[-91.43809,18.28291]},"geometry_name":"the_geom","properties":{"CVEGEO":"040033155","NOMGEO":"Juan de la Cabada Vera","CVE_ENT":"04","NOM_ENT":"Campeche","AMBITO":"Rural","area_km2":0.431}},{"type":"Feature","id":"040033217","geometry":{"type":"Point","coordinates":[-91.5099,18.2144]},"geometry_name":"the_geom","properties":{"CVEGEO":"040033217","NOMGEO":"El Aguacatal","CVE_ENT":"04","NOM_ENT":"Campeche","AMBITO":"Rural","area_km2":0.847}},{"type":"Feature","id":"040033235","geometry":{"type":"Point","coordinates":[-91.33827,18.17385]},"geometry_name":"the_geom","properties":{"CVEGEO":"040033235","NOMGEO":"Belisario Domínguez","CVE_ENT":"04","NOM_ENT":"Campeche","AMBITO":"Rural","area_km2":0.144}},{"type":"Feature","id":"040033236","geometry":{"type":"Point","coordinates":[-91.1977,18.27314]},"geometry_name":"the_geom","properties":{"CVEGEO":"040033236","NOMGEO":"San Miguel Allende","CVE_ENT":"04","NOM_ENT":"Campeche","AMBITO":"Rural","area_km2":0.087}},{"type":"Feature","id":"040033263","geometry":{"type":"Point","coordinates":[-91.28824,18.17861]},"geometry_name":"the_geom","properties":{"CVEGEO":"040033263","NOMGEO":"Conquista Campesina","CVE_ENT":"04","NOM_ENT":"Campeche","AMBITO":"Rural","area_km2":0.588}},{"type":"Feature","id":"040033277","geometry":{"type":"Point","coordinates":[-91.40904,18.15158]},"geometry_name":"the_geom","properties":{"CVEGEO":"040033277","NOMGEO":"El Chinal","CVE_ENT":"04","NOM_ENT":"Campeche","AMBITO":"Rural","area_km2":0.13}},{"type":"Feature","id":"040033304","geometry":{"type":"Point","coordinates":[-90.91777,18.66992]},"geometry_name":"the_geom","properties":{"CVEGEO":"040033304","NOMGEO":"Enrique Rodríguez Cano","CVE_ENT":"04","NOM_ENT":"Campeche","AMBITO":"Rural","area_km2":0.338}},{"type":"Feature","id":"040033321","geometry":{"type":"Point","coordinates":[-91.02719,18.39512]},"geometry_name":"the_geom","properties":{"CVEGEO":"040033321","NOMGEO":"Felipe Ángeles","CVE_ENT":"04","NOM_ENT":"Campeche","AMBITO":"Rural","area_km2":0.436}},{"type":"Feature","id":"040033333","geometry":{"type":"Point","coordinates":[-91.08902,18.52513]},"geometry_name":"the_geom","properties":{"CVEGEO":"040033333","NOMGEO":"Mamantel (Pancho Villa)","CVE_ENT":"04","NOM_ENT":"Campeche","AMBITO":"Rural","area_km2":1.241}},{"type":"Feature","id":"040033354","geometry":{"type":"Point","coordinates":[-91.30506,18.38553]},"geometry_name":"the_geom","properties":{"CVEGEO":"040033354","NOMGEO":"Ignacio Zaragoza","CVE_ENT":"04","NOM_ENT":"Campeche","AMBITO":"Rural","area_km2":0.419}},{"type":"Feature","id":"040033395","geometry":{"type":"Point","coordinates":[-91.00205,18.63145]},"geometry_name":"the_geom","properties":{"CVEGEO":"040033395","NOMGEO":"Licenciado Gustavo Díaz Ordaz (18 de Marzo)","CVE_ENT":"04","NOM_ENT":"Campeche","AMBITO":"Rural","area_km2":0.817}},{"type":"Feature","id":"040033402","geometry":{"type":"Point","coordinates":[-91.09778,18.54168]},"geometry_name":"the_geom","properties":{"CVEGEO":"040033402","NOMGEO":"Mamantel Pueblo (Mamantel Viejo)","CVE_ENT":"04","NOM_ENT":"Campeche","AMBITO":"Rural","area_km2":0.017}},{"type":"Feature","id":"040033420","geometry":{"type":"Point","coordinates":[-91.09156,18.47654]},"geometry_name":"the_geom","properties":{"CVEGEO":"040033420","NOMGEO":"Nueva Chontalpa","CVE_ENT":"04","NOM_ENT":"Campeche","AMBITO":"Rural","area_km2":0.488}},{"type":"Feature","id":"040033430","geometry":{"type":"Point","coordinates":[-91.21809,18.34014]},"geometry_name":"the_geom","properties":{"CVEGEO":"040033430","NOMGEO":"Ojo de Agua","CVE_ENT":"04","NOM_ENT":"Campeche","AMBITO":"Rural","area_km2":0.296}},{"type":"Feature","id":"040033452","geometry":{"type":"Point","coordinates":[-91.03413,18.59805]},"geometry_name":"the_geom","properties":{"CVEGEO":"040033452","NOMGEO":"El Pital","CVE_ENT":"04","NOM_ENT":"Campeche","AMBITO":"Rural","area_km2":0.343}},{"type":"Feature","id":"040033453","geometry":{"type":"Point","coordinates":[-91.12133,18.54971]},"geometry_name":"the_geom","properties":{"CVEGEO":"040033453","NOMGEO":"Pital Viejo","CVE_ENT":"04","NOM_ENT":"Campeche","AMBITO":"Rural","area_km2":0.165}},{"type":"Feature","id":"040033477","geometry":{"type":"Point","coordinates":[-91.20752,18.2987]},"geometry_name":"the_geom","properties":{"CVEGEO":"040033477","NOMGEO":"Quebrache","CVE_ENT":"04","NOM_ENT":"Campeche","AMBITO":"Rural","area_km2":0.26}},{"type":"Feature","id":"040033501","geometry":{"type":"Point","coordinates":[-91.35248,18.18585]},"geometry_name":"the_geom","properties":{"CVEGEO":"040033501","NOMGEO":"El Sacrificio","CVE_ENT":"04","NOM_ENT":"Campeche","AMBITO":"Rural","area_km2":0.25}},{"type":"Feature","id":"040033531","geometry":{"type":"Point","coordinates":[-91.05026,18.63369]},"geometry_name":"the_geom","properties":{"CVEGEO":"040033531","NOMGEO":"San Isidro","CVE_ENT":"04","NOM_ENT":"Campeche","AMBITO":"Rural","area_km2":0.511}},{"type":"Feature","id":"040033642","geometry":{"type":"Point","coordinates":[-91.34987,18.18137]},"geometry_name":"the_geom","properties":{"CVEGEO":"040033642","NOMGEO":"Venustiano Carranza","CVE_ENT":"04","NOM_ENT":"Campeche","AMBITO":"Rural","area_km2":0.434}},{"type":"Feature","id":"040033781","geometry":{"type":"Point","coordinates":[-90.91184,18.89835]},"geometry_name":"the_geom","properties":{"CVEGEO":"040033781","NOMGEO":"El Arca","CVE_ENT":"04","NOM_ENT":"Campeche","AMBITO":"Rural","area_km2":0.527}},{"type":"Feature","id":"040033789","geometry":{"type":"Point","coordinates":[-91.26743,18.25555]},"geometry_name":"the_geom","properties":{"CVEGEO":"040033789","NOMGEO":"El Carmen","CVE_ENT":"04","NOM_ENT":"Campeche","AMBITO":"Rural","area_km2":0.064}},{"type":"Feature","id":"040034564","geometry":{"type":"Point","coordinates":[-91.93656,18.63258]},"geometry_name":"the_geom","properties":{"CVEGEO":"040034564","NOMGEO":"La Antorcha","CVE_ENT":"04","NOM_ENT":"Campeche","AMBITO":"Rural","area_km2":0.112}},{"type":"Feature","id":"040034621","geometry":{"type":"Point","coordinates":[-91.94193,18.63211]},"geometry_name":"the_geom","properties":{"CVEGEO":"040034621","NOMGEO":"Colonia Jacinto Canek","CVE_ENT":"04","NOM_ENT":"Campeche","AMBITO":"Rural","area_km2":0.049}},{"type":"Feature","id":"040040001","geometry":{"type":"Point","coordinates":[-90.72339,19.34186]},"geometry_name":"the_geom","properties":{"CVEGEO":"040040001","NOMGEO":"Champotón","CVE_ENT":"04","NOM_ENT":"Campeche","AMBITO":"Urbana","area_km2":10.375}},{"type":"Feature","id":"040040003","geometry":{"type":"Point","coordinates":[-90.56529,19.19329]},"geometry_name":"the_geom","properties":{"CVEGEO":"040040003","NOMGEO":"López Mateos (La Desconfianza)","CVE_ENT":"04","NOM_ENT":"Campeche","AMBITO":"Rural","area_km2":0.234}},{"type":"Feature","id":"040040004","geometry":{"type":"Point","coordinates":[-90.46364,19.3779]},"geometry_name":"the_geom","properties":{"CVEGEO":"040040004","NOMGEO":"Arellano","CVE_ENT":"04","NOM_ENT":"Campeche","AMBITO":"Rural","area_km2":0.516}},{"type":"Feature","id":"040040005","geometry":{"type":"Point","coordinates":[-90.56744,19.29615]},"geometry_name":"the_geom","properties":{"CVEGEO":"040040005","NOMGEO":"Canasayab","CVE_ENT":"04","NOM_ENT":"Campeche","AMBITO":"Rural","area_km2":0.338}},{"type":"Feature","id":"040040010","geometry":{"type":"Point","coordinates":[-90.71463,18.96312]},"geometry_name":"the_geom","properties":{"CVEGEO":"040040010","NOMGEO":"Aquiles Serdán (Chuiná)","CVE_ENT":"04","NOM_ENT":"Campeche","AMBITO":"Rural","area_km2":0.511}},{"type":"Feature","id":"040040012","geometry":{"type":"Point","coordinates":[-90.74299,18.8063]},"geometry_name":"the_geom","properties":{"CVEGEO":"040040012","NOMGEO":"Profesor Graciano Sánchez","CVE_ENT":"04","NOM_ENT":"Campeche","AMBITO":"Rural","area_km2":0.255}},{"type":"Feature","id":"040040014","geometry":{"type":"Point","coordinates":[-90.44621,19.51361]},"geometry_name":"the_geom","properties":{"CVEGEO":"040040014","NOMGEO":"Hool","CVE_ENT":"04","NOM_ENT":"Campeche","AMBITO":"Rural","area_km2":0.937}},{"type":"Feature","id":"040040016","geometry":{"type":"Point","coordinates":[-90.6731,19.48176]},"geometry_name":"the_geom","properties":{"CVEGEO":"040040016","NOMGEO":"La Joya","CVE_ENT":"04","NOM_ENT":"Campeche","AMBITO":"Rural","area_km2":0.485}},{"type":"Feature","id":"040040017","geometry":{"type":"Point","coordinates":[-90.70169,19.47793]},"geometry_name":"the_geom","properties":{"CVEGEO":"040040017","NOMGEO":"Ciudad del Sol","CVE_ENT":"04","NOM_ENT":"Campeche","AMBITO":"Rural","area_km2":0.196}},{"type":"Feature","id":"040040019","geometry":{"type":"Point","coordinates":[-90.67327,19.35279]},"geometry_name":"the_geom","properties":{"CVEGEO":"040040019","NOMGEO":"Moquel","CVE_ENT":"04","NOM_ENT":"Campeche","AMBITO":"Rural","area_km2":0.548}},{"type":"Feature","id":"040040024","geometry":{"type":"Point","coordinates":[-90.73186,19.1353]},"geometry_name":"the_geom","properties":{"CVEGEO":"040040024","NOMGEO":"San Pablo Pixtún","CVE_ENT":"04","NOM_ENT":"Campeche","AMBITO":"Rural","area_km2":1.121}},{"type":"Feature","id":"040040027","geometry":{"type":"Point","coordinates":[-90.48041,19.14372]},"geometry_name":"the_geom","properties":{"CVEGEO":"040040027","NOMGEO":"Pustunich","CVE_ENT":"04","NOM_ENT":"Campeche","AMBITO":"Rural","area_km2":0.511}},{"type":"Feature","id":"040040028","geometry":{"type":"Point","coordinates":[-90.73174,18.90384]},"geometry_name":"the_geom","properties":{"CVEGEO":"040040028","NOMGEO":"Revolución","CVE_ENT":"04","NOM_ENT":"Campeche","AMBITO":"Rural","area_km2":0.412}},{"type":"Feature","id":"040040033","geometry":{"type":"Point","coordinates":[-90.46724,19.29826]},"geometry_name":"the_geom","properties":{"CVEGEO":"040040033","NOMGEO":"San Juan Carpizo","CVE_ENT":"04","NOM_ENT":"Campeche","AMBITO":"Rural","area_km2":0.573}},{"type":"Feature","id":"040040036","geometry":{"type":"Point","coordinates":[-90.58342,19.50139]},"geometry_name":"the_geom","properties":{"CVEGEO":"040040036","NOMGEO":"Sihochac","CVE_ENT":"04","NOM_ENT":"Campeche","AMBITO":"Urbana","area_km2":1.53}},{"type":"Feature","id":"040040038","geometry":{"type":"Point","coordinates":[-90.40502,19.40919]},"geometry_name":"the_geom","properties":{"CVEGEO":"040040038","NOMGEO":"Santa Cruz de Rovira","CVE_ENT":"04","NOM_ENT":"Campeche","AMBITO":"Rural","area_km2":0.239}},{"type":"Feature","id":"040040043","geometry":{"type":"Point","coordinates":[-90.73069,19.2186]},"geometry_name":"the_geom","properties":{"CVEGEO":"040040043","NOMGEO":"Vicente Guerrero","CVE_ENT":"04","NOM_ENT":"Campeche","AMBITO":"Rural","area_km2":0.538}},{"type":"Feature","id":"040040044","geometry":{"type":"Point","coordinates":[-90.46095,19.2709]},"geometry_name":"the_geom","properties":{"CVEGEO":"040040044","NOMGEO":"Villa de Guadalupe","CVE_ENT":"04","NOM_ENT":"Campeche","AMBITO":"Rural","area_km2":0.405}},{"type":"Feature","id":"040040047","geometry":{"type":"Point","coordinates":[-90.72162,18.94146]},"geometry_name":"the_geom","properties":{"CVEGEO":"040040047","NOMGEO":"Xbacab","CVE_ENT":"04","NOM_ENT":"Campeche","AMBITO":"Rural","area_km2":1.372}},{"type":"Feature","id":"040040050","geometry":{"type":"Point","coordinates":[-90.39668,19.14623]},"geometry_name":"the_geom","properties":{"CVEGEO":"040040050","NOMGEO":"San Antonio Yacasay","CVE_ENT":"04","NOM_ENT":"Campeche","AMBITO":"Rural","area_km2":0.393}},{"type":"Feature","id":"040040051","geometry":{"type":"Point","coordinates":[-90.31475,19.01253]},"geometry_name":"the_geom","properties":{"CVEGEO":"040040051","NOMGEO":"Yohaltún","CVE_ENT":"04","NOM_ENT":"Campeche","AMBITO":"Rural","area_km2":0.615}},{"type":"Feature","id":"040040052","geometry":{"type":"Point","coordinates":[-90.61264,19.28636]},"geometry_name":"the_geom","properties":{"CVEGEO":"040040052","NOMGEO":"El Zapote","CVE_ENT":"04","NOM_ENT":"Campeche","AMBITO":"Rural","area_km2":0.221}},{"type":"Feature","id":"040040062","geometry":{"type":"Point","coordinates":[-90.51158,19.40615]},"geometry_name":"the_geom","properties":{"CVEGEO":"040040062","NOMGEO":"San José Carpizo Uno (San Fernando)","CVE_ENT":"04","NOM_ENT":"Campeche","AMBITO":"Rural","area_km2":0.441}},{"type":"Feature","id":"040040063","geometry":{"type":"Point","coordinates":[-90.57676,19.39517]},"geometry_name":"the_geom","properties":{"CVEGEO":"040040063","NOMGEO":"San José Carpizo Dos","CVE_ENT":"04","NOM_ENT":"Campeche","AMBITO":"Rural","area_km2":0.214}},{"type":"Feature","id":"040040082","geometry":{"type":"Point","coordinates":[-90.62171,19.27241]},"geometry_name":"the_geom","properties":{"CVEGEO":"040040082","NOMGEO":"Ulumal","CVE_ENT":"04","NOM_ENT":"Campeche","AMBITO":"Rural","area_km2":0.753}},{"type":"Feature","id":"040040086","geometry":{"type":"Point","coordinates":[-90.70842,19.04131]},"geometry_name":"the_geom","properties":{"CVEGEO":"040040086","NOMGEO":"Dzacabuchén","CVE_ENT":"04","NOM_ENT":"Campeche","AMBITO":"Rural","area_km2":0.346}},{"type":"Feature","id":"040040089","geometry":{"type":"Point","coordinates":[-90.40805,19.05268]},"geometry_name":"the_geom","properties":{"CVEGEO":"040040089","NOMGEO":"Chac Chaito","CVE_ENT":"04","NOM_ENT":"Campeche","AMBITO":"Rural","area_km2":0.356}},{"type":"Feature","id":"040040091","geometry":{"type":"Point","coordinates":[-90.80714,19.06148]},"geometry_name":"the_geom","properties":{"CVEGEO":"040040091","NOMGEO":"Ley Federal de Reforma Agraria","CVE_ENT":"04","NOM_ENT":"Campeche","AMBITO":"Urbana","area_km2":2.126}},{"type":"Feature","id":"040040115","geometry":{"type":"Point","coordinates":[-90.24399,18.99811]},"geometry_name":"the_geom","properties":{"CVEGEO":"040040115","NOMGEO":"Ah-Kim-Pech","CVE_ENT":"04","NOM_ENT":"Campeche","AMBITO":"Rural","area_km2":0.223}},{"type":"Feature","id":"040040125","geometry":{"type":"Point","coordinates":[-90.27033,19.15622]},"geometry_name":"the_geom","properties":{"CVEGEO":"040040125","NOMGEO":"Buenaventura","CVE_ENT":"04","NOM_ENT":"Campeche","AMBITO":"Rural","area_km2":0.124}},{"type":"Feature","id":"040040130","geometry":{"type":"Point","coordinates":[-90.46561,19.21498]},"geometry_name":"the_geom","properties":{"CVEGEO":"040040130","NOMGEO":"Cañaveral","CVE_ENT":"04","NOM_ENT":"Campeche","AMBITO":"Rural","area_km2":0.353}},{"type":"Feature","id":"040040140","geometry":{"type":"Point","coordinates":[-90.24888,19.00301]},"geometry_name":"the_geom","properties":{"CVEGEO":"040040140","NOMGEO":"Chilam Balam","CVE_ENT":"04","NOM_ENT":"Campeche","AMBITO":"Rural","area_km2":0.278}},{"type":"Feature","id":"040040191","geometry":{"type":"Point","coordinates":[-90.50698,19.15288]},"geometry_name":"the_geom","properties":{"CVEGEO":"040040191","NOMGEO":"Maya Tecún I","CVE_ENT":"04","NOM_ENT":"Campeche","AMBITO":"Rural","area_km2":0.401}},{"type":"Feature","id":"040040192","geometry":{"type":"Point","coordinates":[-90.50583,19.16509]},"geometry_name":"the_geom","properties":{"CVEGEO":"040040192","NOMGEO":"Maya Tecún II","CVE_ENT":"04","NOM_ENT":"Campeche","AMBITO":"Rural","area_km2":0.329}},{"type":"Feature","id":"040040195","geometry":{"type":"Point","coordinates":[-90.24692,18.99891]},"geometry_name":"the_geom","properties":{"CVEGEO":"040040195","NOMGEO":"Kukulkán","CVE_ENT":"04","NOM_ENT":"Campeche","AMBITO":"Rural","area_km2":0.162}},{"type":"Feature","id":"040040218","geometry":{"type":"Point","coordinates":[-90.24949,19.22465]},"geometry_name":"the_geom","properties":{"CVEGEO":"040040218","NOMGEO":"Nayarit Castellot","CVE_ENT":"04","NOM_ENT":"Campeche","AMBITO":"Rural","area_km2":0.48}},{"type":"Feature","id":"040040220","geometry":{"type":"Point","coordinates":[-90.2544,19.23668]},"geometry_name":"the_geom","properties":{"CVEGEO":"040040220","NOMGEO":"López Portillo Número 2","CVE_ENT":"04","NOM_ENT":"Campeche","AMBITO":"Rural","area_km2":0.106}},{"type":"Feature","id":"040040233","geometry":{"type":"Point","coordinates":[-90.66611,19.46426]},"geometry_name":"the_geom","properties":{"CVEGEO":"040040233","NOMGEO":"El Porvenir","CVE_ENT":"04","NOM_ENT":"Campeche","AMBITO":"Rural","area_km2":0.368}},{"type":"Feature","id":"040040239","geometry":{"type":"Point","coordinates":[-90.63973,19.19552]},"geometry_name":"the_geom","properties":{"CVEGEO":"040040239","NOMGEO":"Nueva Esperanza Número 2 (Santo Domingo)","CVE_ENT":"04","NOM_ENT":"Campeche","AMBITO":"Rural","area_km2":0.148}},{"type":"Feature","id":"040040243","geometry":{"type":"Point","coordinates":[-90.55511,19.32198]},"geometry_name":"the_geom","properties":{"CVEGEO":"040040243","NOMGEO":"San Antonio del Río","CVE_ENT":"04","NOM_ENT":"Campeche","AMBITO":"Rural","area_km2":0.137}},{"type":"Feature","id":"040040256","geometry":{"type":"Point","coordinates":[-90.46458,19.30286]},"geometry_name":"the_geom","properties":{"CVEGEO":"040040256","NOMGEO":"San Miguel","CVE_ENT":"04","NOM_ENT":"Campeche","AMBITO":"Rural","area_km2":0.177}},{"type":"Feature","id":"040040432","geometry":{"type":"Point","coordinates":[-90.52144,19.09343]},"geometry_name":"the_geom","properties":{"CVEGEO":"040040432","NOMGEO":"Carrillo Puerto","CVE_ENT":"04","NOM_ENT":"Campeche","AMBITO":"Urbana","area_km2":2.141}},{"type":"Feature","id":"040040442","geometry":{"type":"Point","coordinates":[-90.63241,18.85665]},"geometry_name":"the_geom","properties":{"CVEGEO":"040040442","NOMGEO":"Cinco de Febrero","CVE_ENT":"04","NOM_ENT":"Campeche","AMBITO":"Rural","area_km2":0.656}},{"type":"Feature","id":"040040448","geometry":{"type":"Point","coordinates":[-90.59949,18.93332]},"geometry_name":"the_geom","properties":{"CVEGEO":"040040448","NOMGEO":"Pixoyal","CVE_ENT":"04","NOM_ENT":"Campeche","AMBITO":"Rural","area_km2":0.563}},{"type":"Feature","id":"040040453","geometry":{"type":"Point","coordinates":[-90.57002,18.9845]},"geometry_name":"the_geom","properties":{"CVEGEO":"040040453","NOMGEO":"Nueva Esperanza Uno (San Miguel Tobías)","CVE_ENT":"04","NOM_ENT":"Campeche","AMBITO":"Rural","area_km2":0.146}},{"type":"Feature","id":"040040521","geometry":{"type":"Point","coordinates":[-90.77245,19.29043]},"geometry_name":"the_geom","properties":{"CVEGEO":"040040521","NOMGEO":"Villamar","CVE_ENT":"04","NOM_ENT":"Campeche","AMBITO":"Rural","area_km2":0.362}},{"type":"Feature","id":"040040564","geometry":{"type":"Point","coordinates":[-90.51087,19.49841]},"geometry_name":"the_geom","properties":{"CVEGEO":"040040564","NOMGEO":"Santo Domingo Kesté","CVE_ENT":"04","NOM_ENT":"Campeche","AMBITO":"Urbana","area_km2":1.778}},{"type":"Feature","id":"040040637","geometry":{"type":"Point","coordinates":[-90.36644,19.21797]},"geometry_name":"the_geom","properties":{"CVEGEO":"040040637","NOMGEO":"Coronel Ortiz Ávila","CVE_ENT":"04","NOM_ENT":"Campeche","AMBITO":"Rural","area_km2":0.22}},{"type":"Feature","id":"040040642","geometry":{"type":"Point","coordinates":[-90.24163,19.22322]},"geometry_name":"the_geom","properties":{"CVEGEO":"040040642","NOMGEO":"Valle de Quetzalcóatl","CVE_ENT":"04","NOM_ENT":"Campeche","AMBITO":"Rural","area_km2":0.273}},{"type":"Feature","id":"040041603","geometry":{"type":"Point","coordinates":[-90.65461,18.78539]},"geometry_name":"the_geom","properties":{"CVEGEO":"040041603","NOMGEO":"Miguel Colorado","CVE_ENT":"04","NOM_ENT":"Campeche","AMBITO":"Rural","area_km2":0.734}},{"type":"Feature","id":"040041610","geometry":{"type":"Point","coordinates":[-90.72721,18.96741]},"geometry_name":"the_geom","properties":{"CVEGEO":"040041610","NOMGEO":"General Ortiz Ávila","CVE_ENT":"04","NOM_ENT":"Campeche","AMBITO":"Rural","area_km2":0.478}},{"type":"Feature","id":"040041614","geometry":{"type":"Point","coordinates":[-90.26618,19.15139]},"geometry_name":"the_geom","properties":{"CVEGEO":"040041614","NOMGEO":"Carlos Salinas de Gortari","CVE_ENT":"04","NOM_ENT":"Campeche","AMBITO":"Rural","area_km2":0.278}},{"type":"Feature","id":"040041615","geometry":{"type":"Point","coordinates":[-90.56485,19.01096]},"geometry_name":"the_geom","properties":{"CVEGEO":"040041615","NOMGEO":"Lázaro Cárdenas","CVE_ENT":"04","NOM_ENT":"Campeche","AMBITO":"Rural","area_km2":0.364}},{"type":"Feature","id":"040041618","geometry":{"type":"Point","coordinates":[-90.25034,18.99872]},"geometry_name":"the_geom","properties":{"CVEGEO":"040041618","NOMGEO":"Moch Cohuó","CVE_ENT":"04","NOM_ENT":"Campeche","AMBITO":"Rural","area_km2":0.152}},{"type":"Feature","id":"040041701","geometry":{"type":"Point","coordinates":[-90.26207,19.15186]},"geometry_name":"the_geom","properties":{"CVEGEO":"040041701","NOMGEO":"Dzitbalché Castellot","CVE_ENT":"04","NOM_ENT":"Campeche","AMBITO":"Rural","area_km2":0.134}},{"type":"Feature","id":"040041754","geometry":{"type":"Point","coordinates":[-90.72086,19.09194]},"geometry_name":"the_geom","properties":{"CVEGEO":"040041754","NOMGEO":"José María Morelos y Pavón","CVE_ENT":"04","NOM_ENT":"Campeche","AMBITO":"Rural","area_km2":0.349}},{"type":"Feature","id":"040041763","geometry":{"type":"Point","coordinates":[-90.24463,19.00377]},"geometry_name":"the_geom","properties":{"CVEGEO":"040041763","NOMGEO":"Ignacio López Rayón","CVE_ENT":"04","NOM_ENT":"Campeche","AMBITO":"Rural","area_km2":0.214}},{"type":"Feature","id":"040041764","geometry":{"type":"Point","coordinates":[-90.24315,18.99458]},"geometry_name":"the_geom","properties":{"CVEGEO":"040041764","NOMGEO":"La Providencia","CVE_ENT":"04","NOM_ENT":"Campeche","AMBITO":"Rural","area_km2":0.075}},{"type":"Feature","id":"040041765","geometry":{"type":"Point","coordinates":[-90.31073,19.01084]},"geometry_name":"the_geom","properties":{"CVEGEO":"040041765","NOMGEO":"Miguel Allende","CVE_ENT":"04","NOM_ENT":"Campeche","AMBITO":"Rural","area_km2":0.123}},{"type":"Feature","id":"040041766","geometry":{"type":"Point","coordinates":[-90.31825,19.01577]},"geometry_name":"the_geom","properties":{"CVEGEO":"040041766","NOMGEO":"Nuevo Paraíso [Módulo]","CVE_ENT":"04","NOM_ENT":"Campeche","AMBITO":"Rural","area_km2":0.158}},{"type":"Feature","id":"040041787","geometry":{"type":"Point","coordinates":[-90.90275,19.17931]},"geometry_name":"the_geom","properties":{"CVEGEO":"040041787","NOMGEO":"Punta Xen","CVE_ENT":"04","NOM_ENT":"Campeche","AMBITO":"Rural","area_km2":0.227}},{"type":"Feature","id":"040042119","geometry":{"type":"Point","coordinates":[-90.84967,19.22196]},"geometry_name":"the_geom","properties":{"CVEGEO":"040042119","NOMGEO":"Campeche Playa Esmeralda Resort","CVE_ENT":"04","NOM_ENT":"Campeche","AMBITO":"Rural","area_km2":0.235}},{"type":"Feature","id":"040042148","geometry":{"type":"Point","coordinates":[-90.71333,19.32793]},"geometry_name":"the_geom","properties":{"CVEGEO":"040042148","NOMGEO":"Villa de las Flores","CVE_ENT":"04","NOM_ENT":"Campeche","AMBITO":"Rural","area_km2":0.093}},{"type":"Feature","id":"040042149","geometry":{"type":"Point","coordinates":[-90.70965,19.32469]},"geometry_name":"the_geom","properties":{"CVEGEO":"040042149","NOMGEO":"Colonia Nuevo León","CVE_ENT":"04","NOM_ENT":"Campeche","AMBITO":"Rural","area_km2":0.026}},{"type":"Feature","id":"040042157","geometry":{"type":"Point","coordinates":[-90.31191,19.42971]},"geometry_name":"the_geom","properties":{"CVEGEO":"040042157","NOMGEO":"Nuevo Michoacán","CVE_ENT":"04","NOM_ENT":"Campeche","AMBITO":"Rural","area_km2":0.191}},{"type":"Feature","id":"040042247","geometry":{"type":"Point","coordinates":[-90.73086,18.75771]},"geometry_name":"the_geom","properties":{"CVEGEO":"040042247","NOMGEO":"Kilómetro Sesenta y Siete (Venustiano Carranza)","CVE_ENT":"04","NOM_ENT":"Campeche","AMBITO":"Rural","area_km2":0.264}},{"type":"Feature","id":"040042356","geometry":{"type":"Point","coordinates":[-90.71926,19.32437]},"geometry_name":"the_geom","properties":{"CVEGEO":"040042356","NOMGEO":"Tres de Mayo","CVE_ENT":"04","NOM_ENT":"Campeche","AMBITO":"Rural","area_km2":0.067}},{"type":"Feature","id":"040042567","geometry":{"type":"Point","coordinates":[-90.71844,19.32176]},"geometry_name":"the_geom","properties":{"CVEGEO":"040042567","NOMGEO":"Flor de Maculís","CVE_ENT":"04","NOM_ENT":"Campeche","AMBITO":"Rural","area_km2":0.087}},{"type":"Feature","id":"040050001","geometry":{"type":"Point","coordinates":[-90.13662,20.17864]},"geometry_name":"the_geom","properties":{"CVEGEO":"040050001","NOMGEO":"Hecelchakán","CVE_ENT":"04","NOM_ENT":"Campeche","AMBITO":"Urbana","area_km2":6.18}},{"type":"Feature","id":"040050002","geometry":{"type":"Point","coordinates":[-89.96983,20.18529]},"geometry_name":"the_geom","properties":{"CVEGEO":"040050002","NOMGEO":"Cumpich","CVE_ENT":"04","NOM_ENT":"Campeche","AMBITO":"Rural","area_km2":1.252}},{"type":"Feature","id":"040050003","geometry":{"type":"Point","coordinates":[-90.24124,20.24537]},"geometry_name":"the_geom","properties":{"CVEGEO":"040050003","NOMGEO":"Chunkanán","CVE_ENT":"04","NOM_ENT":"Campeche","AMBITO":"Rural","area_km2":0.602}},{"type":"Feature","id":"040050004","geometry":{"type":"Point","coordinates":[-90.10832,20.18494]},"geometry_name":"the_geom","properties":{"CVEGEO":"040050004","NOMGEO":"Dzitnup","CVE_ENT":"04","NOM_ENT":"Campeche","AMBITO":"Rural","area_km2":0.61}},{"type":"Feature","id":"040050005","geometry":{"type":"Point","coordinates":[-89.90777,20.10475]},"geometry_name":"the_geom","properties":{"CVEGEO":"040050005","NOMGEO":"Nohalal","CVE_ENT":"04","NOM_ENT":"Campeche","AMBITO":"Rural","area_km2":0.434}},{"type":"Feature","id":"040050006","geometry":{"type":"Point","coordinates":[-90.10075,20.23528]},"geometry_name":"the_geom","properties":{"CVEGEO":"040050006","NOMGEO":"Pocboc","CVE_ENT":"04","NOM_ENT":"Campeche","AMBITO":"Rural","area_km2":1.869}},{"type":"Feature","id":"040050007","geometry":{"type":"Point","coordinates":[-90.17515,20.13583]},"geometry_name":"the_geom","properties":{"CVEGEO":"040050007","NOMGEO":"Pomuch","CVE_ENT":"04","NOM_ENT":"Campeche","AMBITO":"Urbana","area_km2":5.91}},{"type":"Feature","id":"040050008","geometry":{"type":"Point","coordinates":[-90.118,20.20435]},"geometry_name":"the_geom","properties":{"CVEGEO":"040050008","NOMGEO":"Santa Cruz","CVE_ENT":"04","NOM_ENT":"Campeche","AMBITO":"Rural","area_km2":0.674}},{"type":"Feature","id":"040050009","geometry":{"type":"Point","coordinates":[-90.22794,20.1688]},"geometry_name":"the_geom","properties":{"CVEGEO":"040050009","NOMGEO":"Zodzil","CVE_ENT":"04","NOM_ENT":"Campeche","AMBITO":"Rural","area_km2":0.278}},{"type":"Feature","id":"040050011","geometry":{"type":"Point","coordinates":[-89.97283,20.20659]},"geometry_name":"the_geom","properties":{"CVEGEO":"040050011","NOMGEO":"Dzotchén","CVE_ENT":"04","NOM_ENT":"Campeche","AMBITO":"Rural","area_km2":0.192}},{"type":"Feature","id":"040050028","geometry":{"type":"Point","coordinates":[-89.9613,19.9522]},"geometry_name":"the_geom","properties":{"CVEGEO":"040050028","NOMGEO":"Montebello","CVE_ENT":"04","NOM_ENT":"Campeche","AMBITO":"Rural","area_km2":0.454}},{"type":"Feature","id":"040050045","geometry":{"type":"Point","coordinates":[-89.9228,20.04487]},"geometry_name":"the_geom","properties":{"CVEGEO":"040050045","NOMGEO":"Yalnón Campo Cuatro","CVE_ENT":"04","NOM_ENT":"Campeche","AMBITO":"Rural","area_km2":0.817}},{"type":"Feature","id":"040050065","geometry":{"type":"Point","coordinates":[-90.03746,20.19413]},"geometry_name":"the_geom","properties":{"CVEGEO":"040050065","NOMGEO":"Blanca Flor","CVE_ENT":"04","NOM_ENT":"Campeche","AMBITO":"Rural","area_km2":0.144}},{"type":"Feature","id":"040050130","geometry":{"type":"Point","coordinates":[-89.93137,20.04683]},"geometry_name":"the_geom","properties":{"CVEGEO":"040050130","NOMGEO":"Yalnón Campo Uno","CVE_ENT":"04","NOM_ENT":"Campeche","AMBITO":"Rural","area_km2":0.707}},{"type":"Feature","id":"040050131","geometry":{"type":"Point","coordinates":[-89.94523,20.04747]},"geometry_name":"the_geom","properties":{"CVEGEO":"040050131","NOMGEO":"Yalnón Campo Dos","CVE_ENT":"04","NOM_ENT":"Campeche","AMBITO":"Rural","area_km2":0.464}},{"type":"Feature","id":"040050132","geometry":{"type":"Point","coordinates":[-89.94318,20.06021]},"geometry_name":"the_geom","properties":{"CVEGEO":"040050132","NOMGEO":"Yalnón Campo Tres","CVE_ENT":"04","NOM_ENT":"Campeche","AMBITO":"Rural","area_km2":0.434}},{"type":"Feature","id":"040050133","geometry":{"type":"Point","coordinates":[-89.91621,20.01777]},"geometry_name":"the_geom","properties":{"CVEGEO":"040050133","NOMGEO":"Yalnón Campo Cinco","CVE_ENT":"04","NOM_ENT":"Campeche","AMBITO":"Rural","area_km2":0.428}},{"type":"Feature","id":"040050134","geometry":{"type":"Point","coordinates":[-89.91525,20.00725]},"geometry_name":"the_geom","properties":{"CVEGEO":"040050134","NOMGEO":"Yalnón Campo Seis","CVE_ENT":"04","NOM_ENT":"Campeche","AMBITO":"Rural","area_km2":0.412}},{"type":"Feature","id":"040050135","geometry":{"type":"Point","coordinates":[-89.92974,20.01107]},"geometry_name":"the_geom","properties":{"CVEGEO":"040050135","NOMGEO":"Yalnón Campo Siete","CVE_ENT":"04","NOM_ENT":"Campeche","AMBITO":"Rural","area_km2":0.425}},{"type":"Feature","id":"040060001","geometry":{"type":"Point","coordinates":[-89.84471,19.74581]},"geometry_name":"the_geom","properties":{"CVEGEO":"040060001","NOMGEO":"Hopelchén","CVE_ENT":"04","NOM_ENT":"Campeche","AMBITO":"Urbana","area_km2":5.539}},{"type":"Feature","id":"040060002","geometry":{"type":"Point","coordinates":[-89.87065,19.65127]},"geometry_name":"the_geom","properties":{"CVEGEO":"040060002","NOMGEO":"Becanchén","CVE_ENT":"04","NOM_ENT":"Campeche","AMBITO":"Rural","area_km2":0.796}},{"type":"Feature","id":"040060003","geometry":{"type":"Point","coordinates":[-89.74561,20.00414]},"geometry_name":"the_geom","properties":{"CVEGEO":"040060003","NOMGEO":"Bolonchén de Rejón","CVE_ENT":"04","NOM_ENT":"Campeche","AMBITO":"Urbana","area_km2":2.744}},{"type":"Feature","id":"040060006","geometry":{"type":"Point","coordinates":[-89.98965,19.69983]},"geometry_name":"the_geom","properties":{"CVEGEO":"040060006","NOMGEO":"Crucero San Luis","CVE_ENT":"04","NOM_ENT":"Campeche","AMBITO":"Rural","area_km2":0.519}},{"type":"Feature","id":"040060007","geometry":{"type":"Point","coordinates":[-89.2624,19.20863]},"geometry_name":"the_geom","properties":{"CVEGEO":"040060007","NOMGEO":"Chan-Chen","CVE_ENT":"04","NOM_ENT":"Campeche","AMBITO":"Rural","area_km2":0.152}},{"type":"Feature","id":"040060008","geometry":{"type":"Point","coordinates":[-89.80705,19.42261]},"geometry_name":"the_geom","properties":{"CVEGEO":"040060008","NOMGEO":"Chencoh","CVE_ENT":"04","NOM_ENT":"Campeche","AMBITO":"Rural","area_km2":0.47}},{"type":"Feature","id":"040060014","geometry":{"type":"Point","coordinates":[-89.19119,19.18572]},"geometry_name":"the_geom","properties":{"CVEGEO":"040060014","NOMGEO":"Chun-Ek","CVE_ENT":"04","NOM_ENT":"Campeche","AMBITO":"Rural","area_km2":0.095}},{"type":"Feature","id":"040060015","geometry":{"type":"Point","coordinates":[-89.5819,19.36148]},"geometry_name":"the_geom","properties":{"CVEGEO":"040060015","NOMGEO":"Chunchintok","CVE_ENT":"04","NOM_ENT":"Campeche","AMBITO":"Rural","area_km2":0.776}},{"type":"Feature","id":"040060017","geometry":{"type":"Point","coordinates":[-89.80949,20.07801]},"geometry_name":"the_geom","properties":{"CVEGEO":"040060017","NOMGEO":"Chunyaxnic","CVE_ENT":"04","NOM_ENT":"Campeche","AMBITO":"Rural","area_km2":0.218}},{"type":"Feature","id":"040060019","geometry":{"type":"Point","coordinates":[-89.73086,19.45843]},"geometry_name":"the_geom","properties":{"CVEGEO":"040060019","NOMGEO":"Dzibalchén","CVE_ENT":"04","NOM_ENT":"Campeche","AMBITO":"Rural","area_km2":1.835}},{"type":"Feature","id":"040060023","geometry":{"type":"Point","coordinates":[-89.60169,19.5785]},"geometry_name":"the_geom","properties":{"CVEGEO":"040060023","NOMGEO":"Vicente Guerrero","CVE_ENT":"04","NOM_ENT":"Campeche","AMBITO":"Urbana","area_km2":2.344}},{"type":"Feature","id":"040060024","geometry":{"type":"Point","coordinates":[-89.96682,19.73292]},"geometry_name":"the_geom","properties":{"CVEGEO":"040060024","NOMGEO":"Ich-Ek","CVE_ENT":"04","NOM_ENT":"Campeche","AMBITO":"Rural","area_km2":0.641}},{"type":"Feature","id":"040060026","geometry":{"type":"Point","coordinates":[-89.63481,19.30636]},"geometry_name":"the_geom","properties":{"CVEGEO":"040060026","NOMGEO":"Cancabchén","CVE_ENT":"04","NOM_ENT":"Campeche","AMBITO":"Rural","area_km2":0.489}},{"type":"Feature","id":"040060027","geometry":{"type":"Point","coordinates":[-89.84303,19.91062]},"geometry_name":"the_geom","properties":{"CVEGEO":"040060027","NOMGEO":"Katab","CVE_ENT":"04","NOM_ENT":"Campeche","AMBITO":"Rural","area_km2":0.175}},{"type":"Feature","id":"040060029","geometry":{"type":"Point","coordinates":[-89.85178,19.59412]},"geometry_name":"the_geom","properties":{"CVEGEO":"040060029","NOMGEO":"Komchén","CVE_ENT":"04","NOM_ENT":"Campeche","AMBITO":"Rural","area_km2":0.534}},{"type":"Feature","id":"040060032","geometry":{"type":"Point","coordinates":[-89.2486,19.14754]},"geometry_name":"the_geom","properties":{"CVEGEO":"040060032","NOMGEO":"Pachuitz","CVE_ENT":"04","NOM_ENT":"Campeche","AMBITO":"Rural","area_km2":0.161}},{"type":"Feature","id":"040060033","geometry":{"type":"Point","coordinates":[-89.7934,19.52781]},"geometry_name":"the_geom","properties":{"CVEGEO":"040060033","NOMGEO":"Pakchén","CVE_ENT":"04","NOM_ENT":"Campeche","AMBITO":"Rural","area_km2":0.309}},{"type":"Feature","id":"040060037","geometry":{"type":"Point","coordinates":[-89.46133,19.44955]},"geometry_name":"the_geom","properties":{"CVEGEO":"040060037","NOMGEO":"Ramón Corona","CVE_ENT":"04","NOM_ENT":"Campeche","AMBITO":"Rural","area_km2":0.146}},{"type":"Feature","id":"040060041","geometry":{"type":"Point","coordinates":[-89.73176,20.11227]},"geometry_name":"the_geom","properties":{"CVEGEO":"040060041","NOMGEO":"San Antonio Yaxché","CVE_ENT":"04","NOM_ENT":"Campeche","AMBITO":"Rural","area_km2":0.473}},{"type":"Feature","id":"040060043","geometry":{"type":"Point","coordinates":[-89.92735,19.87413]},"geometry_name":"the_geom","properties":{"CVEGEO":"040060043","NOMGEO":"San Juan Bautista Sahcabchén","CVE_ENT":"04","NOM_ENT":"Campeche","AMBITO":"Rural","area_km2":0.314}},{"type":"Feature","id":"040060046","geometry":{"type":"Point","coordinates":[-90.03721,19.7123]},"geometry_name":"the_geom","properties":{"CVEGEO":"040060046","NOMGEO":"Suc-Tuc","CVE_ENT":"04","NOM_ENT":"Campeche","AMBITO":"Rural","area_km2":0.844}},{"type":"Feature","id":"040060047","geometry":{"type":"Point","coordinates":[-89.81895,19.99584]},"geometry_name":"the_geom","properties":{"CVEGEO":"040060047","NOMGEO":"Xcanahaltún Huechil Unidos","CVE_ENT":"04","NOM_ENT":"Campeche","AMBITO":"Rural","area_km2":0.157}},{"type":"Feature","id":"040060048","geometry":{"type":"Point","coordinates":[-89.33523,19.24276]},"geometry_name":"the_geom","properties":{"CVEGEO":"040060048","NOMGEO":"Ukum","CVE_ENT":"04","NOM_ENT":"Campeche","AMBITO":"Rural","area_km2":1.194}},{"type":"Feature","id":"040060049","geometry":{"type":"Point","coordinates":[-89.81722,19.93831]},"geometry_name":"the_geom","properties":{"CVEGEO":"040060049","NOMGEO":"Xcalot Akal","CVE_ENT":"04","NOM_ENT":"Campeche","AMBITO":"Rural","area_km2":0.111}},{"type":"Feature","id":"040060050","geometry":{"type":"Point","coordinates":[-89.82851,19.86059]},"geometry_name":"the_geom","properties":{"CVEGEO":"040060050","NOMGEO":"El Poste","CVE_ENT":"04","NOM_ENT":"Campeche","AMBITO":"Rural","area_km2":0.21}},{"type":"Feature","id":"040060053","geometry":{"type":"Point","coordinates":[-89.82699,20.18767]},"geometry_name":"the_geom","properties":{"CVEGEO":"040060053","NOMGEO":"Xculoc","CVE_ENT":"04","NOM_ENT":"Campeche","AMBITO":"Rural","area_km2":0.361}},{"type":"Feature","id":"040060054","geometry":{"type":"Point","coordinates":[-89.85927,19.66647]},"geometry_name":"the_geom","properties":{"CVEGEO":"040060054","NOMGEO":"Xcupil","CVE_ENT":"04","NOM_ENT":"Campeche","AMBITO":"Rural","area_km2":0.728}},{"type":"Feature","id":"040060056","geometry":{"type":"Point","coordinates":[-89.3329,19.09936]},"geometry_name":"the_geom","properties":{"CVEGEO":"040060056","NOMGEO":"X-Canhá","CVE_ENT":"04","NOM_ENT":"Campeche","AMBITO":"Rural","area_km2":0.28}},{"type":"Feature","id":"040060057","geometry":{"type":"Point","coordinates":[-89.3147,19.2357]},"geometry_name":"the_geom","properties":{"CVEGEO":"040060057","NOMGEO":"Xmabén","CVE_ENT":"04","NOM_ENT":"Campeche","AMBITO":"Rural","area_km2":0.743}},{"type":"Feature","id":"040060058","geometry":{"type":"Point","coordinates":[-89.3757,19.2303]},"geometry_name":"the_geom","properties":{"CVEGEO":"040060058","NOMGEO":"Xmejía","CVE_ENT":"04","NOM_ENT":"Campeche","AMBITO":"Rural","area_km2":0.297}},{"type":"Feature","id":"040060062","geometry":{"type":"Point","coordinates":[-89.70368,19.8174]},"geometry_name":"the_geom","properties":{"CVEGEO":"040060062","NOMGEO":"Yaxché Akal","CVE_ENT":"04","NOM_ENT":"Campeche","AMBITO":"Rural","area_km2":0.125}},{"type":"Feature","id":"040060300","geometry":{"type":"Point","coordinates":[-89.51882,19.48282]},"geometry_name":"the_geom","properties":{"CVEGEO":"040060300","NOMGEO":"El Pedregal","CVE_ENT":"04","NOM_ENT":"Campeche","AMBITO":"Rural","area_km2":0.045}},{"type":"Feature","id":"040060330","geometry":{"type":"Point","coordinates":[-89.69671,19.69262]},"geometry_name":"the_geom","properties":{"CVEGEO":"040060330","NOMGEO":"Nuevo Progreso Campo Uno","CVE_ENT":"04","NOM_ENT":"Campeche","AMBITO":"Rural","area_km2":0.334}},{"type":"Feature","id":"040060331","geometry":{"type":"Point","coordinates":[-89.69684,19.68071]},"geometry_name":"the_geom","properties":{"CVEGEO":"040060331","NOMGEO":"Nuevo Progreso Campo Dos","CVE_ENT":"04","NOM_ENT":"Campeche","AMBITO":"Rural","area_km2":1.012}},{"type":"Feature","id":"040060332","geometry":{"type":"Point","coordinates":[-89.69608,19.65808]},"geometry_name":"the_geom","properties":{"CVEGEO":"040060332","NOMGEO":"Nuevo Progreso Campo Tres","CVE_ENT":"04","NOM_ENT":"Campeche","AMBITO":"Rural","area_km2":0.383}},{"type":"Feature","id":"040060333","geometry":{"type":"Point","coordinates":[-89.67554,19.65041]},"geometry_name":"the_geom","properties":{"CVEGEO":"040060333","NOMGEO":"Nuevo Progreso Campo Seis","CVE_ENT":"04","NOM_ENT":"Campeche","AMBITO":"Rural","area_km2":0.644}},{"type":"Feature","id":"040060568","geometry":{"type":"Point","coordinates":[-89.6772,19.66331]},"geometry_name":"the_geom","properties":{"CVEGEO":"040060568","NOMGEO":"Nuevo Progreso Campo Cinco","CVE_ENT":"04","NOM_ENT":"Campeche","AMBITO":"Rural","area_km2":0.331}},{"type":"Feature","id":"040060569","geometry":{"type":"Point","coordinates":[-89.66166,19.68241]},"geometry_name":"the_geom","properties":{"CVEGEO":"040060569","NOMGEO":"Nuevo Progreso Campo Siete","CVE_ENT":"04","NOM_ENT":"Campeche","AMBITO":"Rural","area_km2":0.727}},{"type":"Feature","id":"040060570","geometry":{"type":"Point","coordinates":[-89.6769,19.68151]},"geometry_name":"the_geom","properties":{"CVEGEO":"040060570","NOMGEO":"Nuevo Progreso Campo Cuatro","CVE_ENT":"04","NOM_ENT":"Campeche","AMBITO":"Rural","area_km2":0.638}},{"type":"Feature","id":"040060672","geometry":{"type":"Point","coordinates":[-89.63798,19.65139]},"geometry_name":"the_geom","properties":{"CVEGEO":"040060672","NOMGEO":"Nuevo Progreso Campo Ocho","CVE_ENT":"04","NOM_ENT":"Campeche","AMBITO":"Rural","area_km2":1.357}},{"type":"Feature","id":"040060673","geometry":{"type":"Point","coordinates":[-89.63277,19.6388]},"geometry_name":"the_geom","properties":{"CVEGEO":"040060673","NOMGEO":"Nuevo Progreso Campo Nueve","CVE_ENT":"04","NOM_ENT":"Campeche","AMBITO":"Rural","area_km2":0.472}},{"type":"Feature","id":"040060674","geometry":{"type":"Point","coordinates":[-89.64662,19.63776]},"geometry_name":"the_geom","properties":{"CVEGEO":"040060674","NOMGEO":"Nuevo Progreso Campo Díez","CVE_ENT":"04","NOM_ENT":"Campeche","AMBITO":"Rural","area_km2":0.373}},{"type":"Feature","id":"040060675","geometry":{"type":"Point","coordinates":[-89.72084,19.70314]},"geometry_name":"the_geom","properties":{"CVEGEO":"040060675","NOMGEO":"Nuevo Progreso Campo Doce","CVE_ENT":"04","NOM_ENT":"Campeche","AMBITO":"Rural","area_km2":0.508}},{"type":"Feature","id":"040060761","geometry":{"type":"Point","coordinates":[-89.62473,19.6554]},"geometry_name":"the_geom","properties":{"CVEGEO":"040060761","NOMGEO":"Nuevo Progreso Campo Once","CVE_ENT":"04","NOM_ENT":"Campeche","AMBITO":"Rural","area_km2":0.689}},{"type":"Feature","id":"040060780","geometry":{"type":"Point","coordinates":[-89.72114,19.39603]},"geometry_name":"the_geom","properties":{"CVEGEO":"040060780","NOMGEO":"La Nueva Trinidad Campo 2","CVE_ENT":"04","NOM_ENT":"Campeche","AMBITO":"Rural","area_km2":0.606}},{"type":"Feature","id":"040060781","geometry":{"type":"Point","coordinates":[-89.70264,19.39458]},"geometry_name":"the_geom","properties":{"CVEGEO":"040060781","NOMGEO":"La Nueva Trinidad Campo 3","CVE_ENT":"04","NOM_ENT":"Campeche","AMBITO":"Rural","area_km2":0.823}},{"type":"Feature","id":"040060782","geometry":{"type":"Point","coordinates":[-89.69537,19.41476]},"geometry_name":"the_geom","properties":{"CVEGEO":"040060782","NOMGEO":"La Nueva Trinidad Campo 1","CVE_ENT":"04","NOM_ENT":"Campeche","AMBITO":"Rural","area_km2":0.663}},{"type":"Feature","id":"040060783","geometry":{"type":"Point","coordinates":[-89.40518,19.41318]},"geometry_name":"the_geom","properties":{"CVEGEO":"040060783","NOMGEO":"Nuevo Durango Campo 2","CVE_ENT":"04","NOM_ENT":"Campeche","AMBITO":"Rural","area_km2":0.323}},{"type":"Feature","id":"040060784","geometry":{"type":"Point","coordinates":[-89.41621,19.41885]},"geometry_name":"the_geom","properties":{"CVEGEO":"040060784","NOMGEO":"Nuevo Durango Campo 1","CVE_ENT":"04","NOM_ENT":"Campeche","AMBITO":"Rural","area_km2":0.503}},{"type":"Feature","id":"040060800","geometry":{"type":"Point","coordinates":[-89.76834,19.93236]},"geometry_name":"the_geom","properties":{"CVEGEO":"040060800","NOMGEO":"Santa Rosa [Campo Menonita]","CVE_ENT":"04","NOM_ENT":"Campeche","AMBITO":"Rural","area_km2":2.083}},{"type":"Feature","id":"040060846","geometry":{"type":"Point","coordinates":[-89.35172,19.37857]},"geometry_name":"the_geom","properties":{"CVEGEO":"040060846","NOMGEO":"Nuevo Durango Campo 6","CVE_ENT":"04","NOM_ENT":"Campeche","AMBITO":"Rural","area_km2":0.884}},{"type":"Feature","id":"040060882","geometry":{"type":"Point","coordinates":[-89.88888,19.76567]},"geometry_name":"the_geom","properties":{"CVEGEO":"040060882","NOMGEO":"Santa Fe Uno","CVE_ENT":"04","NOM_ENT":"Campeche","AMBITO":"Rural","area_km2":1.365}},{"type":"Feature","id":"040060912","geometry":{"type":"Point","coordinates":[-89.40815,19.39798]},"geometry_name":"the_geom","properties":{"CVEGEO":"040060912","NOMGEO":"Nuevo Durango Ocho","CVE_ENT":"04","NOM_ENT":"Campeche","AMBITO":"Rural","area_km2":0.331}},{"type":"Feature","id":"040060913","geometry":{"type":"Point","coordinates":[-89.98091,19.4899]},"geometry_name":"the_geom","properties":{"CVEGEO":"040060913","NOMGEO":"El Paraíso","CVE_ENT":"04","NOM_ENT":"Campeche","AMBITO":"Rural","area_km2":0.215}},{"type":"Feature","id":"040070001","geometry":{"type":"Point","coordinates":[-92.09065,18.25748]},"geometry_name":"the_geom","properties":{"CVEGEO":"040070001","NOMGEO":"Palizada","CVE_ENT":"04","NOM_ENT":"Campeche","AMBITO":"Urbana","area_km2":1.492}},{"type":"Feature","id":"040070032","geometry":{"type":"Point","coordinates":[-92.08931,18.26909]},"geometry_name":"the_geom","properties":{"CVEGEO":"040070032","NOMGEO":"El Cuyo","CVE_ENT":"04","NOM_ENT":"Campeche","AMBITO":"Rural","area_km2":0.345}},{"type":"Feature","id":"040070053","geometry":{"type":"Point","coordinates":[-92.07783,18.2545]},"geometry_name":"the_geom","properties":{"CVEGEO":"040070053","NOMGEO":"Isla de San Isidro","CVE_ENT":"04","NOM_ENT":"Campeche","AMBITO":"Rural","area_km2":0.157}},{"type":"Feature","id":"040070056","geometry":{"type":"Point","coordinates":[-91.86502,18.04165]},"geometry_name":"the_geom","properties":{"CVEGEO":"040070056","NOMGEO":"El Juncal","CVE_ENT":"04","NOM_ENT":"Campeche","AMBITO":"Rural","area_km2":0.386}},{"type":"Feature","id":"040070110","geometry":{"type":"Point","coordinates":[-92.09587,18.33409]},"geometry_name":"the_geom","properties":{"CVEGEO":"040070110","NOMGEO":"Santa Isabel","CVE_ENT":"04","NOM_ENT":"Campeche","AMBITO":"Rural","area_km2":0.116}},{"type":"Feature","id":"040070169","geometry":{"type":"Point","coordinates":[-92.10916,18.29875]},"geometry_name":"the_geom","properties":{"CVEGEO":"040070169","NOMGEO":"Santa Cruz","CVE_ENT":"04","NOM_ENT":"Campeche","AMBITO":"Rural","area_km2":0.078}},{"type":"Feature","id":"040080001","geometry":{"type":"Point","coordinates":[-90.2264,20.04371]},"geometry_name":"the_geom","properties":{"CVEGEO":"040080001","NOMGEO":"Tenabo","CVE_ENT":"04","NOM_ENT":"Campeche","AMBITO":"Urbana","area_km2":5.68}},{"type":"Feature","id":"040080002","geometry":{"type":"Point","coordinates":[-90.15321,19.82333]},"geometry_name":"the_geom","properties":{"CVEGEO":"040080002","NOMGEO":"Emiliano Zapata","CVE_ENT":"04","NOM_ENT":"Campeche","AMBITO":"Rural","area_km2":0.418}},{"type":"Feature","id":"040080003","geometry":{"type":"Point","coordinates":[-90.11911,19.98714]},"geometry_name":"the_geom","properties":{"CVEGEO":"040080003","NOMGEO":"Kankí","CVE_ENT":"04","NOM_ENT":"Campeche","AMBITO":"Rural","area_km2":0.184}},{"type":"Feature","id":"040080005","geometry":{"type":"Point","coordinates":[-90.22535,19.9649]},"geometry_name":"the_geom","properties":{"CVEGEO":"040080005","NOMGEO":"Tinún","CVE_ENT":"04","NOM_ENT":"Campeche","AMBITO":"Rural","area_km2":0.47}},{"type":"Feature","id":"040080016","geometry":{"type":"Point","coordinates":[-90.34643,19.95435]},"geometry_name":"the_geom","properties":{"CVEGEO":"040080016","NOMGEO":"Xkuncheil","CVE_ENT":"04","NOM_ENT":"Campeche","AMBITO":"Rural","area_km2":0.194}},{"type":"Feature","id":"040080096","geometry":{"type":"Point","coordinates":[-90.28428,19.90856]},"geometry_name":"the_geom","properties":{"CVEGEO":"040080096","NOMGEO":"Nachehá","CVE_ENT":"04","NOM_ENT":"Campeche","AMBITO":"Rural","area_km2":0.036}},{"type":"Feature","id":"040080098","geometry":{"type":"Point","coordinates":[-90.24299,20.03192]},"geometry_name":"the_geom","properties":{"CVEGEO":"040080098","NOMGEO":"Santa Rosa","CVE_ENT":"04","NOM_ENT":"Campeche","AMBITO":"Rural","area_km2":0.606}},{"type":"Feature","id":"040090001","geometry":{"type":"Point","coordinates":[-90.74326,18.60756]},"geometry_name":"the_geom","properties":{"CVEGEO":"040090001","NOMGEO":"Escárcega","CVE_ENT":"04","NOM_ENT":"Campeche","AMBITO":"Urbana","area_km2":12.128}},{"type":"Feature","id":"040090002","geometry":{"type":"Point","coordinates":[-90.7663,18.52972]},"geometry_name":"the_geom","properties":{"CVEGEO":"040090002","NOMGEO":"División del Norte","CVE_ENT":"04","NOM_ENT":"Campeche","AMBITO":"Urbana","area_km2":2.875}},{"type":"Feature","id":"040090018","geometry":{"type":"Point","coordinates":[-90.82231,18.68972]},"geometry_name":"the_geom","properties":{"CVEGEO":"040090018","NOMGEO":"La Asunción","CVE_ENT":"04","NOM_ENT":"Campeche","AMBITO":"Rural","area_km2":0.309}},{"type":"Feature","id":"040090025","geometry":{"type":"Point","coordinates":[-90.57755,18.57294]},"geometry_name":"the_geom","properties":{"CVEGEO":"040090025","NOMGEO":"Belén","CVE_ENT":"04","NOM_ENT":"Campeche","AMBITO":"Rural","area_km2":0.197}},{"type":"Feature","id":"040090026","geometry":{"type":"Point","coordinates":[-90.97419,18.37694]},"geometry_name":"the_geom","properties":{"CVEGEO":"040090026","NOMGEO":"Benito Juárez Número 2 (La Polla)","CVE_ENT":"04","NOM_ENT":"Campeche","AMBITO":"Rural","area_km2":0.19}},{"type":"Feature","id":"040090073","geometry":{"type":"Point","coordinates":[-90.71849,18.62734]},"geometry_name":"the_geom","properties":{"CVEGEO":"040090073","NOMGEO":"La Chiquita","CVE_ENT":"04","NOM_ENT":"Campeche","AMBITO":"Rural","area_km2":0.378}},{"type":"Feature","id":"040090080","geometry":{"type":"Point","coordinates":[-90.69453,18.60213]},"geometry_name":"the_geom","properties":{"CVEGEO":"040090080","NOMGEO":"Colonia San Francisco (El Cinco)","CVE_ENT":"04","NOM_ENT":"Campeche","AMBITO":"Rural","area_km2":0.193}},{"type":"Feature","id":"040090108","geometry":{"type":"Point","coordinates":[-90.85748,18.35778]},"geometry_name":"the_geom","properties":{"CVEGEO":"040090108","NOMGEO":"Don Samuel","CVE_ENT":"04","NOM_ENT":"Campeche","AMBITO":"Rural","area_km2":0.875}},{"type":"Feature","id":"040090131","geometry":{"type":"Point","coordinates":[-90.73457,18.74005]},"geometry_name":"the_geom","properties":{"CVEGEO":"040090131","NOMGEO":"La Esperanza","CVE_ENT":"04","NOM_ENT":"Campeche","AMBITO":"Rural","area_km2":0.068}},{"type":"Feature","id":"040090140","geometry":{"type":"Point","coordinates":[-90.96157,18.33347]},"geometry_name":"the_geom","properties":{"CVEGEO":"040090140","NOMGEO":"La Flor","CVE_ENT":"04","NOM_ENT":"Campeche","AMBITO":"Rural","area_km2":0.242}},{"type":"Feature","id":"040090147","geometry":{"type":"Point","coordinates":[-90.88649,18.36065]},"geometry_name":"the_geom","properties":{"CVEGEO":"040090147","NOMGEO":"Francisco I. Madero","CVE_ENT":"04","NOM_ENT":"Campeche","AMBITO":"Rural","area_km2":0.402}},{"type":"Feature","id":"040090152","geometry":{"type":"Point","coordinates":[-90.98932,18.4185]},"geometry_name":"the_geom","properties":{"CVEGEO":"040090152","NOMGEO":"El Gallo","CVE_ENT":"04","NOM_ENT":"Campeche","AMBITO":"Rural","area_km2":0.164}},{"type":"Feature","id":"040090163","geometry":{"type":"Point","coordinates":[-90.6012,18.57396]},"geometry_name":"the_geom","properties":{"CVEGEO":"040090163","NOMGEO":"General Rodolfo Fierros","CVE_ENT":"04","NOM_ENT":"Campeche","AMBITO":"Rural","area_km2":0.146}},{"type":"Feature","id":"040090170","geometry":{"type":"Point","coordinates":[-90.99134,18.39324]},"geometry_name":"the_geom","properties":{"CVEGEO":"040090170","NOMGEO":"Guadalajara","CVE_ENT":"04","NOM_ENT":"Campeche","AMBITO":"Rural","area_km2":0.151}},{"type":"Feature","id":"040090178","geometry":{"type":"Point","coordinates":[-90.79205,18.44657]},"geometry_name":"the_geom","properties":{"CVEGEO":"040090178","NOMGEO":"Haro","CVE_ENT":"04","NOM_ENT":"Campeche","AMBITO":"Rural","area_km2":0.767}},{"type":"Feature","id":"040090190","geometry":{"type":"Point","coordinates":[-90.96022,18.40896]},"geometry_name":"the_geom","properties":{"CVEGEO":"040090190","NOMGEO":"El Huiro","CVE_ENT":"04","NOM_ENT":"Campeche","AMBITO":"Rural","area_km2":0.276}},{"type":"Feature","id":"040090238","geometry":{"type":"Point","coordinates":[-90.78528,18.62208]},"geometry_name":"the_geom","properties":{"CVEGEO":"040090238","NOMGEO":"José de la Cruz Blanco","CVE_ENT":"04","NOM_ENT":"Campeche","AMBITO":"Rural","area_km2":0.441}},{"type":"Feature","id":"040090242","geometry":{"type":"Point","coordinates":[-90.38515,18.62228]},"geometry_name":"the_geom","properties":{"CVEGEO":"040090242","NOMGEO":"Justicia Social","CVE_ENT":"04","NOM_ENT":"Campeche","AMBITO":"Rural","area_km2":0.713}},{"type":"Feature","id":"040090247","geometry":{"type":"Point","coordinates":[-90.84866,18.61914]},"geometry_name":"the_geom","properties":{"CVEGEO":"040090247","NOMGEO":"Kilómetro Treinta y Seis","CVE_ENT":"04","NOM_ENT":"Campeche","AMBITO":"Rural","area_km2":0.46}},{"type":"Feature","id":"040090252","geometry":{"type":"Point","coordinates":[-90.75493,18.70063]},"geometry_name":"the_geom","properties":{"CVEGEO":"040090252","NOMGEO":"Kilómetro Setenta y Cuatro","CVE_ENT":"04","NOM_ENT":"Campeche","AMBITO":"Rural","area_km2":0.312}},{"type":"Feature","id":"040090255","geometry":{"type":"Point","coordinates":[-90.42436,18.60294]},"geometry_name":"the_geom","properties":{"CVEGEO":"040090255","NOMGEO":"El Lechugal","CVE_ENT":"04","NOM_ENT":"Campeche","AMBITO":"Rural","area_km2":0.537}},{"type":"Feature","id":"040090256","geometry":{"type":"Point","coordinates":[-90.51287,18.56866]},"geometry_name":"the_geom","properties":{"CVEGEO":"040090256","NOMGEO":"La Libertad","CVE_ENT":"04","NOM_ENT":"Campeche","AMBITO":"Rural","area_km2":1.079}},{"type":"Feature","id":"040090268","geometry":{"type":"Point","coordinates":[-90.89934,18.29605]},"geometry_name":"the_geom","properties":{"CVEGEO":"040090268","NOMGEO":"Luna","CVE_ENT":"04","NOM_ENT":"Campeche","AMBITO":"Rural","area_km2":0.633}},{"type":"Feature","id":"040090282","geometry":{"type":"Point","coordinates":[-90.64586,18.58547]},"geometry_name":"the_geom","properties":{"CVEGEO":"040090282","NOMGEO":"Matamoros","CVE_ENT":"04","NOM_ENT":"Campeche","AMBITO":"Rural","area_km2":1.106}},{"type":"Feature","id":"040090288","geometry":{"type":"Point","coordinates":[-90.66813,18.54436]},"geometry_name":"the_geom","properties":{"CVEGEO":"040090288","NOMGEO":"Miguel Hidalgo (Caracol)","CVE_ENT":"04","NOM_ENT":"Campeche","AMBITO":"Rural","area_km2":0.284}},{"type":"Feature","id":"040090322","geometry":{"type":"Point","coordinates":[-90.91582,18.61839]},"geometry_name":"the_geom","properties":{"CVEGEO":"040090322","NOMGEO":"Nuevo Progreso Dos","CVE_ENT":"04","NOM_ENT":"Campeche","AMBITO":"Rural","area_km2":0.616}},{"type":"Feature","id":"040090536","geometry":{"type":"Point","coordinates":[-90.92414,18.49103]},"geometry_name":"the_geom","properties":{"CVEGEO":"040090536","NOMGEO":"La Victoria","CVE_ENT":"04","NOM_ENT":"Campeche","AMBITO":"Rural","area_km2":0.369}},{"type":"Feature","id":"040090865","geometry":{"type":"Point","coordinates":[-90.53403,18.5039]},"geometry_name":"the_geom","properties":{"CVEGEO":"040090865","NOMGEO":"Nuevo Campeche (Tres Aguadas)","CVE_ENT":"04","NOM_ENT":"Campeche","AMBITO":"Rural","area_km2":0.407}},{"type":"Feature","id":"040090936","geometry":{"type":"Point","coordinates":[-90.25555,18.58142]},"geometry_name":"the_geom","properties":{"CVEGEO":"040090936","NOMGEO":"Altamira de Zináparo","CVE_ENT":"04","NOM_ENT":"Campeche","AMBITO":"Rural","area_km2":1.181}},{"type":"Feature","id":"040090941","geometry":{"type":"Point","coordinates":[-90.28582,18.65101]},"geometry_name":"the_geom","properties":{"CVEGEO":"040090941","NOMGEO":"Centenario","CVE_ENT":"04","NOM_ENT":"Campeche","AMBITO":"Rural","area_km2":1.089}},{"type":"Feature","id":"040090945","geometry":{"type":"Point","coordinates":[-90.20824,18.48188]},"geometry_name":"the_geom","properties":{"CVEGEO":"040090945","NOMGEO":"Chan Laguna","CVE_ENT":"04","NOM_ENT":"Campeche","AMBITO":"Rural","area_km2":0.52}},{"type":"Feature","id":"040090947","geometry":{"type":"Point","coordinates":[-90.23012,18.7591]},"geometry_name":"the_geom","properties":{"CVEGEO":"040090947","NOMGEO":"Flor de Chiapas","CVE_ENT":"04","NOM_ENT":"Campeche","AMBITO":"Rural","area_km2":0.252}},{"type":"Feature","id":"040090959","geometry":{"type":"Point","coordinates":[-90.80995,18.82641]},"geometry_name":"the_geom","properties":{"CVEGEO":"040090959","NOMGEO":"Juan de la Barrera","CVE_ENT":"04","NOM_ENT":"Campeche","AMBITO":"Rural","area_km2":0.147}},{"type":"Feature","id":"040090960","geometry":{"type":"Point","coordinates":[-90.84466,18.85629]},"geometry_name":"the_geom","properties":{"CVEGEO":"040090960","NOMGEO":"Juan Escutia","CVE_ENT":"04","NOM_ENT":"Campeche","AMBITO":"Rural","area_km2":0.256}},{"type":"Feature","id":"040090961","geometry":{"type":"Point","coordinates":[-90.20334,18.5265]},"geometry_name":"the_geom","properties":{"CVEGEO":"040090961","NOMGEO":"El Jobal","CVE_ENT":"04","NOM_ENT":"Campeche","AMBITO":"Rural","area_km2":0.168}},{"type":"Feature","id":"040090963","geometry":{"type":"Point","coordinates":[-90.29067,18.82033]},"geometry_name":"the_geom","properties":{"CVEGEO":"040090963","NOMGEO":"Laguna Grande","CVE_ENT":"04","NOM_ENT":"Campeche","AMBITO":"Rural","area_km2":0.574}},{"type":"Feature","id":"040090965","geometry":{"type":"Point","coordinates":[-90.29754,18.63796]},"geometry_name":"the_geom","properties":{"CVEGEO":"040090965","NOMGEO":"Adolfo López Mateos","CVE_ENT":"04","NOM_ENT":"Campeche","AMBITO":"Rural","area_km2":0.528}},{"type":"Feature","id":"040090966","geometry":{"type":"Point","coordinates":[-90.26906,18.75178]},"geometry_name":"the_geom","properties":{"CVEGEO":"040090966","NOMGEO":"Benito Juárez Número 3","CVE_ENT":"04","NOM_ENT":"Campeche","AMBITO":"Rural","area_km2":0.347}},{"type":"Feature","id":"040090967","geometry":{"type":"Point","coordinates":[-90.59393,18.49276]},"geometry_name":"the_geom","properties":{"CVEGEO":"040090967","NOMGEO":"Miguel de la Madrid","CVE_ENT":"04","NOM_ENT":"Campeche","AMBITO":"Rural","area_km2":0.194}},{"type":"Feature","id":"040090968","geometry":{"type":"Point","coordinates":[-90.26352,18.72225]},"geometry_name":"the_geom","properties":{"CVEGEO":"040090968","NOMGEO":"José López Portillo","CVE_ENT":"04","NOM_ENT":"Campeche","AMBITO":"Rural","area_km2":0.385}},{"type":"Feature","id":"040090970","geometry":{"type":"Point","coordinates":[-90.27101,18.50039]},"geometry_name":"the_geom","properties":{"CVEGEO":"040090970","NOMGEO":"Las Maravillas","CVE_ENT":"04","NOM_ENT":"Campeche","AMBITO":"Rural","area_km2":0.125}},{"type":"Feature","id":"040090994","geometry":{"type":"Point","coordinates":[-90.81282,18.79245]},"geometry_name":"the_geom","properties":{"CVEGEO":"040090994","NOMGEO":"San José","CVE_ENT":"04","NOM_ENT":"Campeche","AMBITO":"Rural","area_km2":0.154}},{"type":"Feature","id":"040091002","geometry":{"type":"Point","coordinates":[-90.26981,18.64246]},"geometry_name":"the_geom","properties":{"CVEGEO":"040091002","NOMGEO":"Silvituc","CVE_ENT":"04","NOM_ENT":"Campeche","AMBITO":"Rural","area_km2":0.82}},{"type":"Feature","id":"040091854","geometry":{"type":"Point","coordinates":[-90.79255,18.26951]},"geometry_name":"the_geom","properties":{"CVEGEO":"040091854","NOMGEO":"Ignacio Magdaleno","CVE_ENT":"04","NOM_ENT":"Campeche","AMBITO":"Rural","area_km2":0.095}},{"type":"Feature","id":"040091871","geometry":{"type":"Point","coordinates":[-90.74564,18.63231]},"geometry_name":"the_geom","properties":{"CVEGEO":"040091871","NOMGEO":"Miguel Hidalgo y Costilla","CVE_ENT":"04","NOM_ENT":"Campeche","AMBITO":"Rural","area_km2":0.33}},{"type":"Feature","id":"040100001","geometry":{"type":"Point","coordinates":[-89.39561,18.50356]},"geometry_name":"the_geom","properties":{"CVEGEO":"040100001","NOMGEO":"Xpujil","CVE_ENT":"04","NOM_ENT":"Campeche","AMBITO":"Urbana","area_km2":3.407}},{"type":"Feature","id":"040100002","geometry":{"type":"Point","coordinates":[-89.27391,18.01824]},"geometry_name":"the_geom","properties":{"CVEGEO":"040100002","NOMGEO":"Dieciséis de Septiembre (Laguna Alvarado)","CVE_ENT":"04","NOM_ENT":"Campeche","AMBITO":"Rural","area_km2":0.195}},{"type":"Feature","id":"040100007","geometry":{"type":"Point","coordinates":[-89.21563,17.9832]},"geometry_name":"the_geom","properties":{"CVEGEO":"040100007","NOMGEO":"Los Alacranes","CVE_ENT":"04","NOM_ENT":"Campeche","AMBITO":"Rural","area_km2":0.203}},{"type":"Feature","id":"040100013","geometry":{"type":"Point","coordinates":[-89.18103,18.21555]},"geometry_name":"the_geom","properties":{"CVEGEO":"040100013","NOMGEO":"Los Ángeles","CVE_ENT":"04","NOM_ENT":"Campeche","AMBITO":"Rural","area_km2":0.423}},{"type":"Feature","id":"040100018","geometry":{"type":"Point","coordinates":[-89.24893,17.85949]},"geometry_name":"the_geom","properties":{"CVEGEO":"040100018","NOMGEO":"Arroyo Negro","CVE_ENT":"04","NOM_ENT":"Campeche","AMBITO":"Rural","area_km2":0.237}},{"type":"Feature","id":"040100021","geometry":{"type":"Point","coordinates":[-89.46209,18.51286]},"geometry_name":"the_geom","properties":{"CVEGEO":"040100021","NOMGEO":"Becán","CVE_ENT":"04","NOM_ENT":"Campeche","AMBITO":"Rural","area_km2":0.305}},{"type":"Feature","id":"040100023","geometry":{"type":"Point","coordinates":[-89.32519,18.92973]},"geometry_name":"the_geom","properties":{"CVEGEO":"040100023","NOMGEO":"Bel-Há","CVE_ENT":"04","NOM_ENT":"Campeche","AMBITO":"Rural","area_km2":0.148}},{"type":"Feature","id":"040100024","geometry":{"type":"Point","coordinates":[-89.28999,18.03398]},"geometry_name":"the_geom","properties":{"CVEGEO":"040100024","NOMGEO":"Bella Unión Veracruz (Los Chinos)","CVE_ENT":"04","NOM_ENT":"Campeche","AMBITO":"Rural","area_km2":0.15}},{"type":"Feature","id":"040100026","geometry":{"type":"Point","coordinates":[-89.31115,18.11149]},"geometry_name":"the_geom","properties":{"CVEGEO":"040100026","NOMGEO":"Blasillo","CVE_ENT":"04","NOM_ENT":"Campeche","AMBITO":"Rural","area_km2":0.277}},{"type":"Feature","id":"040100033","geometry":{"type":"Point","coordinates":[-89.37634,17.9992]},"geometry_name":"the_geom","properties":{"CVEGEO":"040100033","NOMGEO":"Santo Domingo (El Sacrificio)","CVE_ENT":"04","NOM_ENT":"Campeche","AMBITO":"Rural","area_km2":0.442}},{"type":"Feature","id":"040100037","geometry":{"type":"Point","coordinates":[-89.24858,18.03455]},"geometry_name":"the_geom","properties":{"CVEGEO":"040100037","NOMGEO":"Carlos A. Madrazo","CVE_ENT":"04","NOM_ENT":"Campeche","AMBITO":"Rural","area_km2":0.097}},{"type":"Feature","id":"040100040","geometry":{"type":"Point","coordinates":[-89.41405,18.15809]},"geometry_name":"the_geom","properties":{"CVEGEO":"040100040","NOMGEO":"El Carmen II (Las Carmelas)","CVE_ENT":"04","NOM_ENT":"Campeche","AMBITO":"Rural","area_km2":0.323}},{"type":"Feature","id":"040100046","geometry":{"type":"Point","coordinates":[-89.35379,18.13225]},"geometry_name":"the_geom","properties":{"CVEGEO":"040100046","NOMGEO":"Caña Brava","CVE_ENT":"04","NOM_ENT":"Campeche","AMBITO":"Rural","area_km2":0.222}},{"type":"Feature","id":"040100049","geometry":{"type":"Point","coordinates":[-89.53809,18.35505]},"geometry_name":"the_geom","properties":{"CVEGEO":"040100049","NOMGEO":"Centauros del Norte","CVE_ENT":"04","NOM_ENT":"Campeche","AMBITO":"Rural","area_km2":0.413}},{"type":"Feature","id":"040100053","geometry":{"type":"Point","coordinates":[-89.2159,17.99445]},"geometry_name":"the_geom","properties":{"CVEGEO":"040100053","NOMGEO":"Cerro de las Flores","CVE_ENT":"04","NOM_ENT":"Campeche","AMBITO":"Rural","area_km2":0.122}},{"type":"Feature","id":"040100060","geometry":{"type":"Point","coordinates":[-89.55341,18.52547]},"geometry_name":"the_geom","properties":{"CVEGEO":"040100060","NOMGEO":"El Chichonal","CVE_ENT":"04","NOM_ENT":"Campeche","AMBITO":"Rural","area_km2":0.185}},{"type":"Feature","id":"040100064","geometry":{"type":"Point","coordinates":[-90.13383,18.61982]},"geometry_name":"the_geom","properties":{"CVEGEO":"040100064","NOMGEO":"Concepción","CVE_ENT":"04","NOM_ENT":"Campeche","AMBITO":"Rural","area_km2":0.095}},{"type":"Feature","id":"040100066","geometry":{"type":"Point","coordinates":[-90.13611,18.62655]},"geometry_name":"the_geom","properties":{"CVEGEO":"040100066","NOMGEO":"Constitución","CVE_ENT":"04","NOM_ENT":"Campeche","AMBITO":"Rural","area_km2":0.921}},{"type":"Feature","id":"040100068","geometry":{"type":"Point","coordinates":[-89.45381,18.22121]},"geometry_name":"the_geom","properties":{"CVEGEO":"040100068","NOMGEO":"Cristóbal Colón","CVE_ENT":"04","NOM_ENT":"Campeche","AMBITO":"Rural","area_km2":0.369}},{"type":"Feature","id":"040100075","geometry":{"type":"Point","coordinates":[-89.35079,18.89324]},"geometry_name":"the_geom","properties":{"CVEGEO":"040100075","NOMGEO":"Dos Lagunas","CVE_ENT":"04","NOM_ENT":"Campeche","AMBITO":"Rural","area_km2":0.252}},{"type":"Feature","id":"040100076","geometry":{"type":"Point","coordinates":[-89.35563,17.87354]},"geometry_name":"the_geom","properties":{"CVEGEO":"040100076","NOMGEO":"Dos Lagunas","CVE_ENT":"04","NOM_ENT":"Campeche","AMBITO":"Rural","area_km2":0.181}},{"type":"Feature","id":"040100077","geometry":{"type":"Point","coordinates":[-89.35458,17.97234]},"geometry_name":"the_geom","properties":{"CVEGEO":"040100077","NOMGEO":"Dos Naciones","CVE_ENT":"04","NOM_ENT":"Campeche","AMBITO":"Rural","area_km2":0.23}},{"type":"Feature","id":"040100079","geometry":{"type":"Point","coordinates":[-89.67389,18.5214]},"geometry_name":"the_geom","properties":{"CVEGEO":"040100079","NOMGEO":"Emiliano Zapata","CVE_ENT":"04","NOM_ENT":"Campeche","AMBITO":"Rural","area_km2":0.255}},{"type":"Feature","id":"040100082","geometry":{"type":"Point","coordinates":[-89.27125,18.17309]},"geometry_name":"the_geom","properties":{"CVEGEO":"040100082","NOMGEO":"Felipe Ángeles","CVE_ENT":"04","NOM_ENT":"Campeche","AMBITO":"Rural","area_km2":0.585}},{"type":"Feature","id":"040100083","geometry":{"type":"Point","coordinates":[-89.6197,18.53046]},"geometry_name":"the_geom","properties":{"CVEGEO":"040100083","NOMGEO":"Felipe Ángeles II","CVE_ENT":"04","NOM_ENT":"Campeche","AMBITO":"Rural","area_km2":0.141}},{"type":"Feature","id":"040100091","geometry":{"type":"Point","coordinates":[-89.4804,18.33147]},"geometry_name":"the_geom","properties":{"CVEGEO":"040100091","NOMGEO":"La Guadalupe","CVE_ENT":"04","NOM_ENT":"Campeche","AMBITO":"Rural","area_km2":0.451}},{"type":"Feature","id":"040100094","geometry":{"type":"Point","coordinates":[-89.34357,18.17711]},"geometry_name":"the_geom","properties":{"CVEGEO":"040100094","NOMGEO":"Guillermo Prieto","CVE_ENT":"04","NOM_ENT":"Campeche","AMBITO":"Rural","area_km2":0.288}},{"type":"Feature","id":"040100095","geometry":{"type":"Point","coordinates":[-89.13465,18.41979]},"geometry_name":"the_geom","properties":{"CVEGEO":"040100095","NOMGEO":"Gustavo Díaz Ordaz (San Antonio Soda)","CVE_ENT":"04","NOM_ENT":"Campeche","AMBITO":"Rural","area_km2":0.555}},{"type":"Feature","id":"040100096","geometry":{"type":"Point","coordinates":[-89.44185,18.50958]},"geometry_name":"the_geom","properties":{"CVEGEO":"040100096","NOMGEO":"Heriberto Jara Corona","CVE_ENT":"04","NOM_ENT":"Campeche","AMBITO":"Rural","area_km2":0.281}},{"type":"Feature","id":"040100097","geometry":{"type":"Point","coordinates":[-89.24218,18.17593]},"geometry_name":"the_geom","properties":{"CVEGEO":"040100097","NOMGEO":"Hermenegildo Galeana","CVE_ENT":"04","NOM_ENT":"Campeche","AMBITO":"Rural","area_km2":0.146}},{"type":"Feature","id":"040100099","geometry":{"type":"Point","coordinates":[-89.59891,18.53024]},"geometry_name":"the_geom","properties":{"CVEGEO":"040100099","NOMGEO":"Ingeniero Eugenio Echeverría Castellot","CVE_ENT":"04","NOM_ENT":"Campeche","AMBITO":"Rural","area_km2":0.287}},{"type":"Feature","id":"040100100","geometry":{"type":"Point","coordinates":[-89.44234,18.3986]},"geometry_name":"the_geom","properties":{"CVEGEO":"040100100","NOMGEO":"Eugenio Echeverría Castellot (El Carrizal)","CVE_ENT":"04","NOM_ENT":"Campeche","AMBITO":"Rural","area_km2":0.154}},{"type":"Feature","id":"040100101","geometry":{"type":"Point","coordinates":[-89.44596,18.3165]},"geometry_name":"the_geom","properties":{"CVEGEO":"040100101","NOMGEO":"Ingeniero Ricardo Payro Jene (Polo Norte)","CVE_ENT":"04","NOM_ENT":"Campeche","AMBITO":"Rural","area_km2":0.583}},{"type":"Feature","id":"040100124","geometry":{"type":"Point","coordinates":[-89.28486,17.88442]},"geometry_name":"the_geom","properties":{"CVEGEO":"040100124","NOMGEO":"José María Morelos y Pavón (Civalito)","CVE_ENT":"04","NOM_ENT":"Campeche","AMBITO":"Rural","area_km2":0.332}},{"type":"Feature","id":"040100125","geometry":{"type":"Point","coordinates":[-89.17166,18.06921]},"geometry_name":"the_geom","properties":{"CVEGEO":"040100125","NOMGEO":"Josefa Ortíz de Domínguez (Icaiché)","CVE_ENT":"04","NOM_ENT":"Campeche","AMBITO":"Rural","area_km2":0.317}},{"type":"Feature","id":"040100127","geometry":{"type":"Point","coordinates":[-89.24081,17.8727]},"geometry_name":"the_geom","properties":{"CVEGEO":"040100127","NOMGEO":"Justo Sierra Méndez","CVE_ENT":"04","NOM_ENT":"Campeche","AMBITO":"Rural","area_km2":0.152}},{"type":"Feature","id":"040100131","geometry":{"type":"Point","coordinates":[-89.22893,17.95882]},"geometry_name":"the_geom","properties":{"CVEGEO":"040100131","NOMGEO":"Lázaro Cárdenas Número 2 (Ojo de Agua)","CVE_ENT":"04","NOM_ENT":"Campeche","AMBITO":"Rural","area_km2":0.292}},{"type":"Feature","id":"040100132","geometry":{"type":"Point","coordinates":[-89.41954,18.06471]},"geometry_name":"the_geom","properties":{"CVEGEO":"040100132","NOMGEO":"Ley de Fomento Agropecuario (La Misteriosa)","CVE_ENT":"04","NOM_ENT":"Campeche","AMBITO":"Rural","area_km2":0.303}},{"type":"Feature","id":"040100139","geometry":{"type":"Point","coordinates":[-89.43884,18.42245]},"geometry_name":"the_geom","properties":{"CVEGEO":"040100139","NOMGEO":"La Lucha","CVE_ENT":"04","NOM_ENT":"Campeche","AMBITO":"Rural","area_km2":0.257}},{"type":"Feature","id":"040100140","geometry":{"type":"Point","coordinates":[-89.18779,18.30692]},"geometry_name":"the_geom","properties":{"CVEGEO":"040100140","NOMGEO":"La Lucha","CVE_ENT":"04","NOM_ENT":"Campeche","AMBITO":"Rural","area_km2":0.204}},{"type":"Feature","id":"040100141","geometry":{"type":"Point","coordinates":[-89.37847,18.26006]},"geometry_name":"the_geom","properties":{"CVEGEO":"040100141","NOMGEO":"El Manantial","CVE_ENT":"04","NOM_ENT":"Campeche","AMBITO":"Rural","area_km2":0.335}},{"type":"Feature","id":"040100142","geometry":{"type":"Point","coordinates":[-89.44065,18.35993]},"geometry_name":"the_geom","properties":{"CVEGEO":"040100142","NOMGEO":"Manuel Castilla Brito","CVE_ENT":"04","NOM_ENT":"Campeche","AMBITO":"Rural","area_km2":0.379}},{"type":"Feature","id":"040100143","geometry":{"type":"Point","coordinates":[-89.25485,17.92368]},"geometry_name":"the_geom","properties":{"CVEGEO":"040100143","NOMGEO":"Manuel Crescencio Rejón","CVE_ENT":"04","NOM_ENT":"Campeche","AMBITO":"Rural","area_km2":0.334}},{"type":"Feature","id":"040100152","geometry":{"type":"Point","coordinates":[-89.45375,18.22964]},"geometry_name":"the_geom","properties":{"CVEGEO":"040100152","NOMGEO":"Narcizo Mendoza","CVE_ENT":"04","NOM_ENT":"Campeche","AMBITO":"Rural","area_km2":0.367}},{"type":"Feature","id":"040100154","geometry":{"type":"Point","coordinates":[-89.46046,18.15241]},"geometry_name":"the_geom","properties":{"CVEGEO":"040100154","NOMGEO":"Niños Héroes","CVE_ENT":"04","NOM_ENT":"Campeche","AMBITO":"Rural","area_km2":0.134}},{"type":"Feature","id":"040100158","geometry":{"type":"Point","coordinates":[-89.36826,18.80248]},"geometry_name":"the_geom","properties":{"CVEGEO":"040100158","NOMGEO":"Nueva Vida","CVE_ENT":"04","NOM_ENT":"Campeche","AMBITO":"Rural","area_km2":0.383}},{"type":"Feature","id":"040100159","geometry":{"type":"Point","coordinates":[-89.30216,18.61134]},"geometry_name":"the_geom","properties":{"CVEGEO":"040100159","NOMGEO":"Nuevo Bécal (El 19)","CVE_ENT":"04","NOM_ENT":"Campeche","AMBITO":"Rural","area_km2":0.362}},{"type":"Feature","id":"040100160","geometry":{"type":"Point","coordinates":[-89.4332,18.45025]},"geometry_name":"the_geom","properties":{"CVEGEO":"040100160","NOMGEO":"Nuevo Campanario","CVE_ENT":"04","NOM_ENT":"Campeche","AMBITO":"Rural","area_km2":0.207}},{"type":"Feature","id":"040100161","geometry":{"type":"Point","coordinates":[-89.91847,18.53841]},"geometry_name":"the_geom","properties":{"CVEGEO":"040100161","NOMGEO":"Nuevo Conhuás","CVE_ENT":"04","NOM_ENT":"Campeche","AMBITO":"Rural","area_km2":0.674}},{"type":"Feature","id":"040100164","geometry":{"type":"Point","coordinates":[-89.24182,18.11286]},"geometry_name":"the_geom","properties":{"CVEGEO":"040100164","NOMGEO":"Nuevo Paraíso","CVE_ENT":"04","NOM_ENT":"Campeche","AMBITO":"Rural","area_km2":0.209}},{"type":"Feature","id":"040100165","geometry":{"type":"Point","coordinates":[-89.22946,18.2708]},"geometry_name":"the_geom","properties":{"CVEGEO":"040100165","NOMGEO":"Nuevo Progreso","CVE_ENT":"04","NOM_ENT":"Campeche","AMBITO":"Rural","area_km2":0.104}},{"type":"Feature","id":"040100166","geometry":{"type":"Point","coordinates":[-89.40313,18.05895]},"geometry_name":"the_geom","properties":{"CVEGEO":"040100166","NOMGEO":"Nuevo San José","CVE_ENT":"04","NOM_ENT":"Campeche","AMBITO":"Rural","area_km2":0.179}},{"type":"Feature","id":"040100167","geometry":{"type":"Point","coordinates":[-89.17248,18.0558]},"geometry_name":"the_geom","properties":{"CVEGEO":"040100167","NOMGEO":"Nuevo Veracruz","CVE_ENT":"04","NOM_ENT":"Campeche","AMBITO":"Rural","area_km2":0.261}},{"type":"Feature","id":"040100170","geometry":{"type":"Point","coordinates":[-89.46084,18.09139]},"geometry_name":"the_geom","properties":{"CVEGEO":"040100170","NOMGEO":"Once de Mayo","CVE_ENT":"04","NOM_ENT":"Campeche","AMBITO":"Rural","area_km2":0.263}},{"type":"Feature","id":"040100171","geometry":{"type":"Point","coordinates":[-90.14119,18.61863]},"geometry_name":"the_geom","properties":{"CVEGEO":"040100171","NOMGEO":"Pablo García","CVE_ENT":"04","NOM_ENT":"Campeche","AMBITO":"Rural","area_km2":0.625}},{"type":"Feature","id":"040100176","geometry":{"type":"Point","coordinates":[-89.17043,17.88743]},"geometry_name":"the_geom","properties":{"CVEGEO":"040100176","NOMGEO":"Pioneros del Río Xnohá","CVE_ENT":"04","NOM_ENT":"Campeche","AMBITO":"Rural","area_km2":0.408}},{"type":"Feature","id":"040100179","geometry":{"type":"Point","coordinates":[-89.29952,18.06997]},"geometry_name":"the_geom","properties":{"CVEGEO":"040100179","NOMGEO":"Cinco de Mayo (Plan de Ayala)","CVE_ENT":"04","NOM_ENT":"Campeche","AMBITO":"Rural","area_km2":0.289}},{"type":"Feature","id":"040100191","geometry":{"type":"Point","coordinates":[-89.67694,18.52375]},"geometry_name":"the_geom","properties":{"CVEGEO":"040100191","NOMGEO":"Puebla de Morelia","CVE_ENT":"04","NOM_ENT":"Campeche","AMBITO":"Rural","area_km2":0.173}},{"type":"Feature","id":"040100192","geometry":{"type":"Point","coordinates":[-89.34033,18.07632]},"geometry_name":"the_geom","properties":{"CVEGEO":"040100192","NOMGEO":"Quiché de las Pailas","CVE_ENT":"04","NOM_ENT":"Campeche","AMBITO":"Rural","area_km2":0.192}},{"type":"Feature","id":"040100194","geometry":{"type":"Point","coordinates":[-89.37291,18.80391]},"geometry_name":"the_geom","properties":{"CVEGEO":"040100194","NOMGEO":"El Refugio","CVE_ENT":"04","NOM_ENT":"Campeche","AMBITO":"Rural","area_km2":0.208}},{"type":"Feature","id":"040100195","geometry":{"type":"Point","coordinates":[-89.16512,18.8222]},"geometry_name":"the_geom","properties":{"CVEGEO":"040100195","NOMGEO":"Ricardo Flores Magón (Laguna Cooxlí)","CVE_ENT":"04","NOM_ENT":"Campeche","AMBITO":"Rural","area_km2":0.124}},{"type":"Feature","id":"040100209","geometry":{"type":"Point","coordinates":[-89.69904,18.51908]},"geometry_name":"the_geom","properties":{"CVEGEO":"040100209","NOMGEO":"Kilómetro Ciento Veinte","CVE_ENT":"04","NOM_ENT":"Campeche","AMBITO":"Rural","area_km2":0.266}},{"type":"Feature","id":"040100217","geometry":{"type":"Point","coordinates":[-89.43488,18.09358]},"geometry_name":"the_geom","properties":{"CVEGEO":"040100217","NOMGEO":"San Miguel","CVE_ENT":"04","NOM_ENT":"Campeche","AMBITO":"Rural","area_km2":0.134}},{"type":"Feature","id":"040100225","geometry":{"type":"Point","coordinates":[-90.18093,18.63586]},"geometry_name":"the_geom","properties":{"CVEGEO":"040100225","NOMGEO":"Santa Lucía","CVE_ENT":"04","NOM_ENT":"Campeche","AMBITO":"Rural","area_km2":0.262}},{"type":"Feature","id":"040100236","geometry":{"type":"Point","coordinates":[-89.31243,17.99527]},"geometry_name":"the_geom","properties":{"CVEGEO":"040100236","NOMGEO":"Los Tambores de Emiliano Zapata","CVE_ENT":"04","NOM_ENT":"Campeche","AMBITO":"Rural","area_km2":0.199}},{"type":"Feature","id":"040100238","geometry":{"type":"Point","coordinates":[-89.18789,18.15785]},"geometry_name":"the_geom","properties":{"CVEGEO":"040100238","NOMGEO":"El Tesoro","CVE_ENT":"04","NOM_ENT":"Campeche","AMBITO":"Rural","area_km2":0.386}},{"type":"Feature","id":"040100241","geometry":{"type":"Point","coordinates":[-89.19533,18.48123]},"geometry_name":"the_geom","properties":{"CVEGEO":"040100241","NOMGEO":"Tomás Aznar Barbachano (La Moza)","CVE_ENT":"04","NOM_ENT":"Campeche","AMBITO":"Rural","area_km2":0.259}},{"type":"Feature","id":"040100256","geometry":{"type":"Point","coordinates":[-89.40036,18.11818]},"geometry_name":"the_geom","properties":{"CVEGEO":"040100256","NOMGEO":"Unidad y Trabajo","CVE_ENT":"04","NOM_ENT":"Campeche","AMBITO":"Rural","area_km2":0.156}},{"type":"Feature","id":"040100257","geometry":{"type":"Point","coordinates":[-89.29159,18.80979]},"geometry_name":"the_geom","properties":{"CVEGEO":"040100257","NOMGEO":"Unión 20 de Junio (Mancolona)","CVE_ENT":"04","NOM_ENT":"Campeche","AMBITO":"Rural","area_km2":0.383}},{"type":"Feature","id":"040100261","geometry":{"type":"Point","coordinates":[-89.44281,18.51274]},"geometry_name":"the_geom","properties":{"CVEGEO":"040100261","NOMGEO":"Valentín Gómez Farías","CVE_ENT":"04","NOM_ENT":"Campeche","AMBITO":"Rural","area_km2":0.217}},{"type":"Feature","id":"040100262","geometry":{"type":"Point","coordinates":[-89.30667,18.45112]},"geometry_name":"the_geom","properties":{"CVEGEO":"040100262","NOMGEO":"Veinte de Noviembre","CVE_ENT":"04","NOM_ENT":"Campeche","AMBITO":"Rural","area_km2":0.303}},{"type":"Feature","id":"040100264","geometry":{"type":"Point","coordinates":[-89.20423,18.20601]},"geometry_name":"the_geom","properties":{"CVEGEO":"040100264","NOMGEO":"Veintiuno de Mayo (Lechugal)","CVE_ENT":"04","NOM_ENT":"Campeche","AMBITO":"Rural","area_km2":0.31}},{"type":"Feature","id":"040100265","geometry":{"type":"Point","coordinates":[-89.38642,18.22205]},"geometry_name":"the_geom","properties":{"CVEGEO":"040100265","NOMGEO":"La Victoria","CVE_ENT":"04","NOM_ENT":"Campeche","AMBITO":"Rural","area_km2":0.261}},{"type":"Feature","id":"040100266","geometry":{"type":"Point","coordinates":[-89.31016,18.24033]},"geometry_name":"the_geom","properties":{"CVEGEO":"040100266","NOMGEO":"La Virgencita de la Candelaria","CVE_ENT":"04","NOM_ENT":"Campeche","AMBITO":"Rural","area_km2":0.332}},{"type":"Feature","id":"040100268","geometry":{"type":"Point","coordinates":[-90.16719,18.63696]},"geometry_name":"the_geom","properties":{"CVEGEO":"040100268","NOMGEO":"Xbonil","CVE_ENT":"04","NOM_ENT":"Campeche","AMBITO":"Rural","area_km2":0.361}},{"type":"Feature","id":"040100272","geometry":{"type":"Point","coordinates":[-89.41664,18.59362]},"geometry_name":"the_geom","properties":{"CVEGEO":"040100272","NOMGEO":"Zoh-Laguna (Álvaro Obregón)","CVE_ENT":"04","NOM_ENT":"Campeche","AMBITO":"Rural","area_km2":0.872}},{"type":"Feature","id":"040110001","geometry":{"type":"Point","coordinates":[-91.04227,18.18919]},"geometry_name":"the_geom","properties":{"CVEGEO":"040110001","NOMGEO":"Candelaria","CVE_ENT":"04","NOM_ENT":"Campeche","AMBITO":"Urbana","area_km2":4.44}},{"type":"Feature","id":"040110015","geometry":{"type":"Point","coordinates":[-90.60491,18.00114]},"geometry_name":"the_geom","properties":{"CVEGEO":"040110015","NOMGEO":"Aguas Malas (Tres Cruces)","CVE_ENT":"04","NOM_ENT":"Campeche","AMBITO":"Rural","area_km2":0.078}},{"type":"Feature","id":"040110018","geometry":{"type":"Point","coordinates":[-90.33705,17.89368]},"geometry_name":"the_geom","properties":{"CVEGEO":"040110018","NOMGEO":"Alianza Productora","CVE_ENT":"04","NOM_ENT":"Campeche","AMBITO":"Rural","area_km2":0.304}},{"type":"Feature","id":"040110036","geometry":{"type":"Point","coordinates":[-90.37025,17.92524]},"geometry_name":"the_geom","properties":{"CVEGEO":"040110036","NOMGEO":"Arroyo de Cuba","CVE_ENT":"04","NOM_ENT":"Campeche","AMBITO":"Rural","area_km2":0.159}},{"type":"Feature","id":"040110037","geometry":{"type":"Point","coordinates":[-90.38729,17.8343]},"geometry_name":"the_geom","properties":{"CVEGEO":"040110037","NOMGEO":"Arroyo del Julubal","CVE_ENT":"04","NOM_ENT":"Campeche","AMBITO":"Rural","area_km2":0.107}},{"type":"Feature","id":"040110038","geometry":{"type":"Point","coordinates":[-90.63007,18.10683]},"geometry_name":"the_geom","properties":{"CVEGEO":"040110038","NOMGEO":"Arroyo San Juan (Las Golondrinas)","CVE_ENT":"04","NOM_ENT":"Campeche","AMBITO":"Rural","area_km2":0.251}},{"type":"Feature","id":"040110041","geometry":{"type":"Point","coordinates":[-91.09863,18.27654]},"geometry_name":"the_geom","properties":{"CVEGEO":"040110041","NOMGEO":"Benito Juárez Uno","CVE_ENT":"04","NOM_ENT":"Campeche","AMBITO":"Rural","area_km2":1.116}},{"type":"Feature","id":"040110071","geometry":{"type":"Point","coordinates":[-90.33126,17.96797]},"geometry_name":"the_geom","properties":{"CVEGEO":"040110071","NOMGEO":"Carlos Sansores Pérez (La Paz)","CVE_ENT":"04","NOM_ENT":"Campeche","AMBITO":"Rural","area_km2":0.174}},{"type":"Feature","id":"040110073","geometry":{"type":"Point","coordinates":[-90.34516,18.08084]},"geometry_name":"the_geom","properties":{"CVEGEO":"040110073","NOMGEO":"El Nuevo Paraguas","CVE_ENT":"04","NOM_ENT":"Campeche","AMBITO":"Rural","area_km2":0.349}},{"type":"Feature","id":"040110099","geometry":{"type":"Point","coordinates":[-90.83842,18.15506]},"geometry_name":"the_geom","properties":{"CVEGEO":"040110099","NOMGEO":"El Chilar","CVE_ENT":"04","NOM_ENT":"Campeche","AMBITO":"Rural","area_km2":0.206}},{"type":"Feature","id":"040110115","geometry":{"type":"Point","coordinates":[-91.07743,18.11788]},"geometry_name":"the_geom","properties":{"CVEGEO":"040110115","NOMGEO":"Corte Pajaral","CVE_ENT":"04","NOM_ENT":"Campeche","AMBITO":"Rural","area_km2":0.201}},{"type":"Feature","id":"040110119","geometry":{"type":"Point","coordinates":[-91.27484,18.04288]},"geometry_name":"the_geom","properties":{"CVEGEO":"040110119","NOMGEO":"Cuauhtémoc","CVE_ENT":"04","NOM_ENT":"Campeche","AMBITO":"Rural","area_km2":0.418}},{"type":"Feature","id":"040110128","geometry":{"type":"Point","coordinates":[-90.49489,17.86253]},"geometry_name":"the_geom","properties":{"CVEGEO":"040110128","NOMGEO":"Nuevas Delicias I","CVE_ENT":"04","NOM_ENT":"Campeche","AMBITO":"Rural","area_km2":0.117}},{"type":"Feature","id":"040110130","geometry":{"type":"Point","coordinates":[-90.94475,18.09922]},"geometry_name":"the_geom","properties":{"CVEGEO":"040110130","NOMGEO":"Las Delicias","CVE_ENT":"04","NOM_ENT":"Campeche","AMBITO":"Rural","area_km2":0.275}},{"type":"Feature","id":"040110135","geometry":{"type":"Point","coordinates":[-90.44593,17.86509]},"geometry_name":"the_geom","properties":{"CVEGEO":"040110135","NOMGEO":"El Desengaño","CVE_ENT":"04","NOM_ENT":"Campeche","AMBITO":"Rural","area_km2":0.896}},{"type":"Feature","id":"040110137","geometry":{"type":"Point","coordinates":[-90.46581,17.99739]},"geometry_name":"the_geom","properties":{"CVEGEO":"040110137","NOMGEO":"El Destino","CVE_ENT":"04","NOM_ENT":"Campeche","AMBITO":"Rural","area_km2":0.165}},{"type":"Feature","id":"040110153","geometry":{"type":"Point","coordinates":[-90.46744,17.96464]},"geometry_name":"the_geom","properties":{"CVEGEO":"040110153","NOMGEO":"Emiliano Zapata","CVE_ENT":"04","NOM_ENT":"Campeche","AMBITO":"Rural","area_km2":0.369}},{"type":"Feature","id":"040110154","geometry":{"type":"Point","coordinates":[-91.03006,17.99711]},"geometry_name":"the_geom","properties":{"CVEGEO":"040110154","NOMGEO":"El Encanto","CVE_ENT":"04","NOM_ENT":"Campeche","AMBITO":"Rural","area_km2":0.178}},{"type":"Feature","id":"040110166","geometry":{"type":"Point","coordinates":[-90.71276,18.09181]},"geometry_name":"the_geom","properties":{"CVEGEO":"040110166","NOMGEO":"La Esmeralda","CVE_ENT":"04","NOM_ENT":"Campeche","AMBITO":"Rural","area_km2":0.264}},{"type":"Feature","id":"040110169","geometry":{"type":"Point","coordinates":[-90.7883,18.01481]},"geometry_name":"the_geom","properties":{"CVEGEO":"040110169","NOMGEO":"Esperanza","CVE_ENT":"04","NOM_ENT":"Campeche","AMBITO":"Rural","area_km2":0.177}},{"type":"Feature","id":"040110187","geometry":{"type":"Point","coordinates":[-90.88195,18.0195]},"geometry_name":"the_geom","properties":{"CVEGEO":"040110187","NOMGEO":"Estado de México","CVE_ENT":"04","NOM_ENT":"Campeche","AMBITO":"Rural","area_km2":0.586}},{"type":"Feature","id":"040110188","geometry":{"type":"Point","coordinates":[-90.66901,17.82462]},"geometry_name":"the_geom","properties":{"CVEGEO":"040110188","NOMGEO":"Estrella del Sur","CVE_ENT":"04","NOM_ENT":"Campeche","AMBITO":"Rural","area_km2":0.233}},{"type":"Feature","id":"040110194","geometry":{"type":"Point","coordinates":[-90.60473,17.88462]},"geometry_name":"the_geom","properties":{"CVEGEO":"040110194","NOMGEO":"Flor de Chiapas","CVE_ENT":"04","NOM_ENT":"Campeche","AMBITO":"Rural","area_km2":0.331}},{"type":"Feature","id":"040110198","geometry":{"type":"Point","coordinates":[-91.01473,18.08208]},"geometry_name":"the_geom","properties":{"CVEGEO":"040110198","NOMGEO":"La Florida (El Cuatro)","CVE_ENT":"04","NOM_ENT":"Campeche","AMBITO":"Rural","area_km2":0.04}},{"type":"Feature","id":"040110199","geometry":{"type":"Point","coordinates":[-90.98126,18.27225]},"geometry_name":"the_geom","properties":{"CVEGEO":"040110199","NOMGEO":"La Fortuna","CVE_ENT":"04","NOM_ENT":"Campeche","AMBITO":"Rural","area_km2":0.11}},{"type":"Feature","id":"040110202","geometry":{"type":"Point","coordinates":[-90.65776,17.89871]},"geometry_name":"the_geom","properties":{"CVEGEO":"040110202","NOMGEO":"Francisco I. Madero","CVE_ENT":"04","NOM_ENT":"Campeche","AMBITO":"Rural","area_km2":0.205}},{"type":"Feature","id":"040110207","geometry":{"type":"Point","coordinates":[-91.06247,18.22171]},"geometry_name":"the_geom","properties":{"CVEGEO":"040110207","NOMGEO":"General Francisco J. Mújica","CVE_ENT":"04","NOM_ENT":"Campeche","AMBITO":"Rural","area_km2":0.593}},{"type":"Feature","id":"040110212","geometry":{"type":"Point","coordinates":[-90.81324,17.88814]},"geometry_name":"the_geom","properties":{"CVEGEO":"040110212","NOMGEO":"Las Golondrinas","CVE_ENT":"04","NOM_ENT":"Campeche","AMBITO":"Rural","area_km2":0.583}},{"type":"Feature","id":"040110214","geometry":{"type":"Point","coordinates":[-90.81225,17.91764]},"geometry_name":"the_geom","properties":{"CVEGEO":"040110214","NOMGEO":"Lázaro Cárdenas","CVE_ENT":"04","NOM_ENT":"Campeche","AMBITO":"Rural","area_km2":0.568}},{"type":"Feature","id":"040110225","geometry":{"type":"Point","coordinates":[-90.69914,18.04478]},"geometry_name":"the_geom","properties":{"CVEGEO":"040110225","NOMGEO":"Héctor Pérez Morales","CVE_ENT":"04","NOM_ENT":"Campeche","AMBITO":"Rural","area_km2":0.55}},{"type":"Feature","id":"040110238","geometry":{"type":"Point","coordinates":[-90.63884,18.03976]},"geometry_name":"the_geom","properties":{"CVEGEO":"040110238","NOMGEO":"Ignacio Zaragoza (El Salvaje)","CVE_ENT":"04","NOM_ENT":"Campeche","AMBITO":"Rural","area_km2":0.316}},{"type":"Feature","id":"040110294","geometry":{"type":"Point","coordinates":[-90.57709,18.03054]},"geometry_name":"the_geom","properties":{"CVEGEO":"040110294","NOMGEO":"Laguna la Perdida","CVE_ENT":"04","NOM_ENT":"Campeche","AMBITO":"Rural","area_km2":0.325}},{"type":"Feature","id":"040110302","geometry":{"type":"Point","coordinates":[-90.74979,17.95789]},"geometry_name":"the_geom","properties":{"CVEGEO":"040110302","NOMGEO":"Justo Sierra Méndez","CVE_ENT":"04","NOM_ENT":"Campeche","AMBITO":"Rural","area_km2":0.46}},{"type":"Feature","id":"040110314","geometry":{"type":"Point","coordinates":[-91.24546,18.06989]},"geometry_name":"the_geom","properties":{"CVEGEO":"040110314","NOMGEO":"La Lucha","CVE_ENT":"04","NOM_ENT":"Campeche","AMBITO":"Rural","area_km2":0.332}},{"type":"Feature","id":"040110317","geometry":{"type":"Point","coordinates":[-90.79661,18.05982]},"geometry_name":"the_geom","properties":{"CVEGEO":"040110317","NOMGEO":"Luinal","CVE_ENT":"04","NOM_ENT":"Campeche","AMBITO":"Rural","area_km2":0.183}},{"type":"Feature","id":"040110319","geometry":{"type":"Point","coordinates":[-91.19973,18.02035]},"geometry_name":"the_geom","properties":{"CVEGEO":"040110319","NOMGEO":"El Machetazo","CVE_ENT":"04","NOM_ENT":"Campeche","AMBITO":"Rural","area_km2":0.259}},{"type":"Feature","id":"040110325","geometry":{"type":"Point","coordinates":[-90.93871,17.98839]},"geometry_name":"the_geom","properties":{"CVEGEO":"040110325","NOMGEO":"El Mamey","CVE_ENT":"04","NOM_ENT":"Campeche","AMBITO":"Rural","area_km2":0.337}},{"type":"Feature","id":"040110340","geometry":{"type":"Point","coordinates":[-90.95301,18.24247]},"geometry_name":"the_geom","properties":{"CVEGEO":"040110340","NOMGEO":"Miguel Alemán","CVE_ENT":"04","NOM_ENT":"Campeche","AMBITO":"Rural","area_km2":0.637}},{"type":"Feature","id":"040110341","geometry":{"type":"Point","coordinates":[-90.40737,17.99403]},"geometry_name":"the_geom","properties":{"CVEGEO":"040110341","NOMGEO":"Miguel de la Madrid (El Pañuelo)","CVE_ENT":"04","NOM_ENT":"Campeche","AMBITO":"Rural","area_km2":0.509}},{"type":"Feature","id":"040110342","geometry":{"type":"Point","coordinates":[-90.84605,17.88751]},"geometry_name":"the_geom","properties":{"CVEGEO":"040110342","NOMGEO":"Miguel Hidalgo y Costilla","CVE_ENT":"04","NOM_ENT":"Campeche","AMBITO":"Rural","area_km2":1.15}},{"type":"Feature","id":"040110343","geometry":{"type":"Point","coordinates":[-90.32101,18.023]},"geometry_name":"the_geom","properties":{"CVEGEO":"040110343","NOMGEO":"El Mirador Primero","CVE_ENT":"04","NOM_ENT":"Campeche","AMBITO":"Rural","area_km2":0.581}},{"type":"Feature","id":"040110344","geometry":{"type":"Point","coordinates":[-90.50046,18.02611]},"geometry_name":"the_geom","properties":{"CVEGEO":"040110344","NOMGEO":"La Misteriosa","CVE_ENT":"04","NOM_ENT":"Campeche","AMBITO":"Rural","area_km2":0.189}},{"type":"Feature","id":"040110348","geometry":{"type":"Point","coordinates":[-90.82391,18.05683]},"geometry_name":"the_geom","properties":{"CVEGEO":"040110348","NOMGEO":"Monclova","CVE_ENT":"04","NOM_ENT":"Campeche","AMBITO":"Rural","area_km2":0.606}},{"type":"Feature","id":"040110355","geometry":{"type":"Point","coordinates":[-91.12798,18.02223]},"geometry_name":"the_geom","properties":{"CVEGEO":"040110355","NOMGEO":"El Naranjo","CVE_ENT":"04","NOM_ENT":"Campeche","AMBITO":"Rural","area_km2":1.497}},{"type":"Feature","id":"040110358","geometry":{"type":"Point","coordinates":[-90.60128,17.83366]},"geometry_name":"the_geom","properties":{"CVEGEO":"040110358","NOMGEO":"Narcizo Mendoza","CVE_ENT":"04","NOM_ENT":"Campeche","AMBITO":"Rural","area_km2":0.155}},{"type":"Feature","id":"040110360","geometry":{"type":"Point","coordinates":[-90.48408,17.90275]},"geometry_name":"the_geom","properties":{"CVEGEO":"040110360","NOMGEO":"Nueva Delicias II","CVE_ENT":"04","NOM_ENT":"Campeche","AMBITO":"Rural","area_km2":0.286}},{"type":"Feature","id":"040110361","geometry":{"type":"Point","coordinates":[-90.80534,18.25152]},"geometry_name":"the_geom","properties":{"CVEGEO":"040110361","NOMGEO":"Nueva Esperanza","CVE_ENT":"04","NOM_ENT":"Campeche","AMBITO":"Rural","area_km2":0.228}},{"type":"Feature","id":"040110366","geometry":{"type":"Point","coordinates":[-90.95252,18.29461]},"geometry_name":"the_geom","properties":{"CVEGEO":"040110366","NOMGEO":"La Nueva Lucha","CVE_ENT":"04","NOM_ENT":"Campeche","AMBITO":"Rural","area_km2":0.276}},{"type":"Feature","id":"040110367","geometry":{"type":"Point","coordinates":[-90.73862,18.29433]},"geometry_name":"the_geom","properties":{"CVEGEO":"040110367","NOMGEO":"Nueva Rosita","CVE_ENT":"04","NOM_ENT":"Campeche","AMBITO":"Rural","area_km2":0.623}},{"type":"Feature","id":"040110369","geometry":{"type":"Point","coordinates":[-90.66816,18.07301]},"geometry_name":"the_geom","properties":{"CVEGEO":"040110369","NOMGEO":"San Manuel Nuevo Canutillo","CVE_ENT":"04","NOM_ENT":"Campeche","AMBITO":"Rural","area_km2":0.372}},{"type":"Feature","id":"040110371","geometry":{"type":"Point","coordinates":[-90.77635,17.88972]},"geometry_name":"the_geom","properties":{"CVEGEO":"040110371","NOMGEO":"Nuevo Coahuila","CVE_ENT":"04","NOM_ENT":"Campeche","AMBITO":"Rural","area_km2":0.912}},{"type":"Feature","id":"040110372","geometry":{"type":"Point","coordinates":[-90.47806,18.1373]},"geometry_name":"the_geom","properties":{"CVEGEO":"040110372","NOMGEO":"Nuevo Comalcalco","CVE_ENT":"04","NOM_ENT":"Campeche","AMBITO":"Rural","area_km2":0.344}},{"type":"Feature","id":"040110381","geometry":{"type":"Point","coordinates":[-90.6687,18.17295]},"geometry_name":"the_geom","properties":{"CVEGEO":"040110381","NOMGEO":"La Olla","CVE_ENT":"04","NOM_ENT":"Campeche","AMBITO":"Rural","area_km2":0.234}},{"type":"Feature","id":"040110382","geometry":{"type":"Point","coordinates":[-90.9249,18.0769]},"geometry_name":"the_geom","properties":{"CVEGEO":"040110382","NOMGEO":"Pablo García","CVE_ENT":"04","NOM_ENT":"Campeche","AMBITO":"Rural","area_km2":0.507}},{"type":"Feature","id":"040110383","geometry":{"type":"Point","coordinates":[-90.69709,18.29671]},"geometry_name":"the_geom","properties":{"CVEGEO":"040110383","NOMGEO":"Pablo Torres Burgos","CVE_ENT":"04","NOM_ENT":"Campeche","AMBITO":"Rural","area_km2":0.221}},{"type":"Feature","id":"040110399","geometry":{"type":"Point","coordinates":[-90.61736,18.32055]},"geometry_name":"the_geom","properties":{"CVEGEO":"040110399","NOMGEO":"San Román","CVE_ENT":"04","NOM_ENT":"Campeche","AMBITO":"Rural","area_km2":0.321}},{"type":"Feature","id":"040110403","geometry":{"type":"Point","coordinates":[-91.10487,18.07193]},"geometry_name":"the_geom","properties":{"CVEGEO":"040110403","NOMGEO":"Paraíso Nuevo","CVE_ENT":"04","NOM_ENT":"Campeche","AMBITO":"Rural","area_km2":0.45}},{"type":"Feature","id":"040110412","geometry":{"type":"Point","coordinates":[-90.7357,18.17229]},"geometry_name":"the_geom","properties":{"CVEGEO":"040110412","NOMGEO":"El Pedregal","CVE_ENT":"04","NOM_ENT":"Campeche","AMBITO":"Rural","area_km2":0.456}},{"type":"Feature","id":"040110416","geometry":{"type":"Point","coordinates":[-90.86633,17.97025]},"geometry_name":"the_geom","properties":{"CVEGEO":"040110416","NOMGEO":"Pedro Baranda","CVE_ENT":"04","NOM_ENT":"Campeche","AMBITO":"Rural","area_km2":0.514}},{"type":"Feature","id":"040110417","geometry":{"type":"Point","coordinates":[-90.99584,18.18891]},"geometry_name":"the_geom","properties":{"CVEGEO":"040110417","NOMGEO":"Pejelagarto","CVE_ENT":"04","NOM_ENT":"Campeche","AMBITO":"Rural","area_km2":0.699}},{"type":"Feature","id":"040110418","geometry":{"type":"Point","coordinates":[-90.9752,17.84058]},"geometry_name":"the_geom","properties":{"CVEGEO":"040110418","NOMGEO":"La Pelusa","CVE_ENT":"04","NOM_ENT":"Campeche","AMBITO":"Rural","area_km2":0.113}},{"type":"Feature","id":"040110427","geometry":{"type":"Point","coordinates":[-90.30866,17.89986]},"geometry_name":"the_geom","properties":{"CVEGEO":"040110427","NOMGEO":"Balankax","CVE_ENT":"04","NOM_ENT":"Campeche","AMBITO":"Rural","area_km2":0.206}},{"type":"Feature","id":"040110428","geometry":{"type":"Point","coordinates":[-90.82309,18.21624]},"geometry_name":"the_geom","properties":{"CVEGEO":"040110428","NOMGEO":"El Pocito","CVE_ENT":"04","NOM_ENT":"Campeche","AMBITO":"Rural","area_km2":0.21}},{"type":"Feature","id":"040110435","geometry":{"type":"Point","coordinates":[-90.96432,17.85329]},"geometry_name":"the_geom","properties":{"CVEGEO":"040110435","NOMGEO":"El Porvenir","CVE_ENT":"04","NOM_ENT":"Campeche","AMBITO":"Rural","area_km2":0.24}},{"type":"Feature","id":"040110453","geometry":{"type":"Point","coordinates":[-90.66092,17.83643]},"geometry_name":"the_geom","properties":{"CVEGEO":"040110453","NOMGEO":"El Ramonal","CVE_ENT":"04","NOM_ENT":"Campeche","AMBITO":"Rural","area_km2":0.269}},{"type":"Feature","id":"040110454","geometry":{"type":"Point","coordinates":[-90.45887,18.48577]},"geometry_name":"the_geom","properties":{"CVEGEO":"040110454","NOMGEO":"El Pimiental Dos","CVE_ENT":"04","NOM_ENT":"Campeche","AMBITO":"Rural","area_km2":0.312}},{"type":"Feature","id":"040110517","geometry":{"type":"Point","coordinates":[-90.36722,17.81918]},"geometry_name":"the_geom","properties":{"CVEGEO":"040110517","NOMGEO":"San Dimas","CVE_ENT":"04","NOM_ENT":"Campeche","AMBITO":"Rural","area_km2":0.208}},{"type":"Feature","id":"040110546","geometry":{"type":"Point","coordinates":[-90.65249,18.37252]},"geometry_name":"the_geom","properties":{"CVEGEO":"040110546","NOMGEO":"San José de las Montañas","CVE_ENT":"04","NOM_ENT":"Campeche","AMBITO":"Rural","area_km2":0.405}},{"type":"Feature","id":"040110551","geometry":{"type":"Point","coordinates":[-90.5014,18.44753]},"geometry_name":"the_geom","properties":{"CVEGEO":"040110551","NOMGEO":"San Juan","CVE_ENT":"04","NOM_ENT":"Campeche","AMBITO":"Rural","area_km2":0.372}},{"type":"Feature","id":"040110566","geometry":{"type":"Point","coordinates":[-90.54395,17.9142]},"geometry_name":"the_geom","properties":{"CVEGEO":"040110566","NOMGEO":"San Miguel","CVE_ENT":"04","NOM_ENT":"Campeche","AMBITO":"Rural","area_km2":0.463}},{"type":"Feature","id":"040110576","geometry":{"type":"Point","coordinates":[-90.73321,18.25856]},"geometry_name":"the_geom","properties":{"CVEGEO":"040110576","NOMGEO":"San Rafael del Río Caribe","CVE_ENT":"04","NOM_ENT":"Campeche","AMBITO":"Rural","area_km2":0.123}},{"type":"Feature","id":"040110602","geometry":{"type":"Point","coordinates":[-90.73507,18.23771]},"geometry_name":"the_geom","properties":{"CVEGEO":"040110602","NOMGEO":"Santa Lucía","CVE_ENT":"04","NOM_ENT":"Campeche","AMBITO":"Rural","area_km2":0.325}},{"type":"Feature","id":"040110612","geometry":{"type":"Point","coordinates":[-90.47082,17.82643]},"geometry_name":"the_geom","properties":{"CVEGEO":"040110612","NOMGEO":"Santa Rosa","CVE_ENT":"04","NOM_ENT":"Campeche","AMBITO":"Rural","area_km2":0.222}},{"type":"Feature","id":"040110616","geometry":{"type":"Point","coordinates":[-90.57238,17.85978]},"geometry_name":"the_geom","properties":{"CVEGEO":"040110616","NOMGEO":"Santo Domingo","CVE_ENT":"04","NOM_ENT":"Campeche","AMBITO":"Rural","area_km2":0.208}},{"type":"Feature","id":"040110629","geometry":{"type":"Point","coordinates":[-90.4088,17.84567]},"geometry_name":"the_geom","properties":{"CVEGEO":"040110629","NOMGEO":"Solidaridad","CVE_ENT":"04","NOM_ENT":"Campeche","AMBITO":"Rural","area_km2":0.163}},{"type":"Feature","id":"040110635","geometry":{"type":"Point","coordinates":[-90.45908,18.20113]},"geometry_name":"the_geom","properties":{"CVEGEO":"040110635","NOMGEO":"El Tablón","CVE_ENT":"04","NOM_ENT":"Campeche","AMBITO":"Rural","area_km2":0.281}},{"type":"Feature","id":"040110638","geometry":{"type":"Point","coordinates":[-90.46168,18.0306]},"geometry_name":"the_geom","properties":{"CVEGEO":"040110638","NOMGEO":"El Taziztal","CVE_ENT":"04","NOM_ENT":"Campeche","AMBITO":"Rural","area_km2":0.082}},{"type":"Feature","id":"040110639","geometry":{"type":"Point","coordinates":[-90.64809,17.97317]},"geometry_name":"the_geom","properties":{"CVEGEO":"040110639","NOMGEO":"Tenancingo","CVE_ENT":"04","NOM_ENT":"Campeche","AMBITO":"Rural","area_km2":0.139}},{"type":"Feature","id":"040110642","geometry":{"type":"Point","coordinates":[-90.83487,18.13283]},"geometry_name":"the_geom","properties":{"CVEGEO":"040110642","NOMGEO":"El Tigre","CVE_ENT":"04","NOM_ENT":"Campeche","AMBITO":"Rural","area_km2":0.147}},{"type":"Feature","id":"040110644","geometry":{"type":"Point","coordinates":[-90.56352,17.84837]},"geometry_name":"the_geom","properties":{"CVEGEO":"040110644","NOMGEO":"Francisco Villa","CVE_ENT":"04","NOM_ENT":"Campeche","AMBITO":"Rural","area_km2":0.061}},{"type":"Feature","id":"040110651","geometry":{"type":"Point","coordinates":[-90.34792,18.01016]},"geometry_name":"the_geom","properties":{"CVEGEO":"040110651","NOMGEO":"La Tómbola","CVE_ENT":"04","NOM_ENT":"Campeche","AMBITO":"Rural","area_km2":0.32}},{"type":"Feature","id":"040110666","geometry":{"type":"Point","coordinates":[-90.3835,17.88115]},"geometry_name":"the_geom","properties":{"CVEGEO":"040110666","NOMGEO":"Tres Reyes","CVE_ENT":"04","NOM_ENT":"Campeche","AMBITO":"Rural","area_km2":0.115}},{"type":"Feature","id":"040110670","geometry":{"type":"Point","coordinates":[-90.55646,17.96703]},"geometry_name":"the_geom","properties":{"CVEGEO":"040110670","NOMGEO":"El Tulipán (El Imposible)","CVE_ENT":"04","NOM_ENT":"Campeche","AMBITO":"Rural","area_km2":0.166}},{"type":"Feature","id":"040110677","geometry":{"type":"Point","coordinates":[-90.30643,17.9577]},"geometry_name":"the_geom","properties":{"CVEGEO":"040110677","NOMGEO":"La Unión (Dos Arroyos)","CVE_ENT":"04","NOM_ENT":"Campeche","AMBITO":"Rural","area_km2":0.22}},{"type":"Feature","id":"040110680","geometry":{"type":"Point","coordinates":[-91.02886,18.14736]},"geometry_name":"the_geom","properties":{"CVEGEO":"040110680","NOMGEO":"Venustiano Carranza","CVE_ENT":"04","NOM_ENT":"Campeche","AMBITO":"Rural","area_km2":0.673}},{"type":"Feature","id":"040110683","geometry":{"type":"Point","coordinates":[-91.23191,18.185]},"geometry_name":"the_geom","properties":{"CVEGEO":"040110683","NOMGEO":"Vicente Guerrero","CVE_ENT":"04","NOM_ENT":"Campeche","AMBITO":"Rural","area_km2":0.325}},{"type":"Feature","id":"040110684","geometry":{"type":"Point","coordinates":[-90.60551,17.90638]},"geometry_name":"the_geom","properties":{"CVEGEO":"040110684","NOMGEO":"Vicente Guerrero Número 2","CVE_ENT":"04","NOM_ENT":"Campeche","AMBITO":"Rural","area_km2":0.111}},{"type":"Feature","id":"040110685","geometry":{"type":"Point","coordinates":[-90.99527,18.33245]},"geometry_name":"the_geom","properties":{"CVEGEO":"040110685","NOMGEO":"Vicente Lombardo Toledano","CVE_ENT":"04","NOM_ENT":"Campeche","AMBITO":"Rural","area_km2":0.332}},{"type":"Feature","id":"040110694","geometry":{"type":"Point","coordinates":[-90.83565,17.96864]},"geometry_name":"the_geom","properties":{"CVEGEO":"040110694","NOMGEO":"La Zanja (La Palma)","CVE_ENT":"04","NOM_ENT":"Campeche","AMBITO":"Rural","area_km2":0.166}},{"type":"Feature","id":"040110696","geometry":{"type":"Point","coordinates":[-91.16578,18.26542]},"geometry_name":"the_geom","properties":{"CVEGEO":"040110696","NOMGEO":"Primer Presidente de México (Guadalupe Victoria)","CVE_ENT":"04","NOM_ENT":"Campeche","AMBITO":"Rural","area_km2":0.286}},{"type":"Feature","id":"040110811","geometry":{"type":"Point","coordinates":[-90.37193,18.06133]},"geometry_name":"the_geom","properties":{"CVEGEO":"040110811","NOMGEO":"La Peregrina","CVE_ENT":"04","NOM_ENT":"Campeche","AMBITO":"Rural","area_km2":0.248}},{"type":"Feature","id":"040110814","geometry":{"type":"Point","coordinates":[-90.41078,17.92225]},"geometry_name":"the_geom","properties":{"CVEGEO":"040110814","NOMGEO":"Adolfo López Mateos","CVE_ENT":"04","NOM_ENT":"Campeche","AMBITO":"Rural","area_km2":0.13}},{"type":"Feature","id":"040110835","geometry":{"type":"Point","coordinates":[-90.51934,18.43338]},"geometry_name":"the_geom","properties":{"CVEGEO":"040110835","NOMGEO":"Agua Azul","CVE_ENT":"04","NOM_ENT":"Campeche","AMBITO":"Rural","area_km2":0.569}},{"type":"Feature","id":"040111143","geometry":{"type":"Point","coordinates":[-90.49094,18.23068]},"geometry_name":"the_geom","properties":{"CVEGEO":"040111143","NOMGEO":"Licenciado José Antonio González Curi","CVE_ENT":"04","NOM_ENT":"Campeche","AMBITO":"Rural","area_km2":0.229}},{"type":"Feature","id":"040111148","geometry":{"type":"Point","coordinates":[-90.62942,18.4205]},"geometry_name":"the_geom","properties":{"CVEGEO":"040111148","NOMGEO":"El Fantasma (Los Chileros)","CVE_ENT":"04","NOM_ENT":"Campeche","AMBITO":"Rural","area_km2":0.159}},{"type":"Feature","id":"040111155","geometry":{"type":"Point","coordinates":[-90.58906,18.49034]},"geometry_name":"the_geom","properties":{"CVEGEO":"040111155","NOMGEO":"Champas Quemadas","CVE_ENT":"04","NOM_ENT":"Campeche","AMBITO":"Rural","area_km2":0.106}},{"type":"Feature","id":"040111231","geometry":{"type":"Point","coordinates":[-90.5465,18.18926]},"geometry_name":"the_geom","properties":{"CVEGEO":"040111231","NOMGEO":"Río Caribe (Caribe)","CVE_ENT":"04","NOM_ENT":"Campeche","AMBITO":"Rural","area_km2":0.172}},{"type":"Feature","id":"040111261","geometry":{"type":"Point","coordinates":[-90.54607,18.18224]},"geometry_name":"the_geom","properties":{"CVEGEO":"040111261","NOMGEO":"El Diamante","CVE_ENT":"04","NOM_ENT":"Campeche","AMBITO":"Rural","area_km2":0.139}},{"type":"Feature","id":"040111273","geometry":{"type":"Point","coordinates":[-90.54603,18.18595]},"geometry_name":"the_geom","properties":{"CVEGEO":"040111273","NOMGEO":"Ignacio Zaragoza (El Pulguero)","CVE_ENT":"04","NOM_ENT":"Campeche","AMBITO":"Rural","area_km2":0.157}},{"type":"Feature","id":"040111399","geometry":{"type":"Point","coordinates":[-90.69092,18.37121]},"geometry_name":"the_geom","properties":{"CVEGEO":"040111399","NOMGEO":"Emiliano Zapata III","CVE_ENT":"04","NOM_ENT":"Campeche","AMBITO":"Rural","area_km2":0.489}},{"type":"Feature","id":"040111400","geometry":{"type":"Point","coordinates":[-90.47169,18.37429]},"geometry_name":"the_geom","properties":{"CVEGEO":"040111400","NOMGEO":"Tres de Mayo Tres","CVE_ENT":"04","NOM_ENT":"Campeche","AMBITO":"Rural","area_km2":0.246}},{"type":"Feature","id":"040111401","geometry":{"type":"Point","coordinates":[-90.26533,17.95759]},"geometry_name":"the_geom","properties":{"CVEGEO":"040111401","NOMGEO":"Arroyo Veinticuatro de Mayo","CVE_ENT":"04","NOM_ENT":"Campeche","AMBITO":"Rural","area_km2":0.225}},{"type":"Feature","id":"040111402","geometry":{"type":"Point","coordinates":[-90.42236,18.05562]},"geometry_name":"the_geom","properties":{"CVEGEO":"040111402","NOMGEO":"Balancancito","CVE_ENT":"04","NOM_ENT":"Campeche","AMBITO":"Rural","area_km2":0.193}},{"type":"Feature","id":"040111403","geometry":{"type":"Point","coordinates":[-90.61328,18.39133]},"geometry_name":"the_geom","properties":{"CVEGEO":"040111403","NOMGEO":"El Encanto 2","CVE_ENT":"04","NOM_ENT":"Campeche","AMBITO":"Rural","area_km2":0.176}},{"type":"Feature","id":"040111406","geometry":{"type":"Point","coordinates":[-90.63115,18.35513]},"geometry_name":"the_geom","properties":{"CVEGEO":"040111406","NOMGEO":"Isla del Paraíso","CVE_ENT":"04","NOM_ENT":"Campeche","AMBITO":"Rural","area_km2":0.501}},{"type":"Feature","id":"040111412","geometry":{"type":"Point","coordinates":[-90.65215,18.3198]},"geometry_name":"the_geom","properties":{"CVEGEO":"040111412","NOMGEO":"Nueva Rosita II","CVE_ENT":"04","NOM_ENT":"Campeche","AMBITO":"Rural","area_km2":0.204}},{"type":"Feature","id":"040111413","geometry":{"type":"Point","coordinates":[-90.6154,18.43704]},"geometry_name":"the_geom","properties":{"CVEGEO":"040111413","NOMGEO":"Nuevo Tabasco","CVE_ENT":"04","NOM_ENT":"Campeche","AMBITO":"Rural","area_km2":0.284}},{"type":"Feature","id":"040111414","geometry":{"type":"Point","coordinates":[-90.6529,18.32958]},"geometry_name":"the_geom","properties":{"CVEGEO":"040111414","NOMGEO":"San Fernando","CVE_ENT":"04","NOM_ENT":"Campeche","AMBITO":"Rural","area_km2":0.079}},{"type":"Feature","id":"040111418","geometry":{"type":"Point","coordinates":[-90.54944,18.43783]},"geometry_name":"the_geom","properties":{"CVEGEO":"040111418","NOMGEO":"La Esperancita","CVE_ENT":"04","NOM_ENT":"Campeche","AMBITO":"Rural","area_km2":0.159}},{"type":"Feature","id":"040111422","geometry":{"type":"Point","coordinates":[-90.53438,18.34448]},"geometry_name":"the_geom","properties":{"CVEGEO":"040111422","NOMGEO":"San Antonio Número 2","CVE_ENT":"04","NOM_ENT":"Campeche","AMBITO":"Rural","area_km2":0.363}},{"type":"Feature","id":"040111497","geometry":{"type":"Point","coordinates":[-90.50903,18.14083]},"geometry_name":"the_geom","properties":{"CVEGEO":"040111497","NOMGEO":"Nuevo Comalcalco II","CVE_ENT":"04","NOM_ENT":"Campeche","AMBITO":"Rural","area_km2":0.155}},{"type":"Feature","id":"040111499","geometry":{"type":"Point","coordinates":[-90.59431,18.12581]},"geometry_name":"the_geom","properties":{"CVEGEO":"040111499","NOMGEO":"Nuevo Relámpago","CVE_ENT":"04","NOM_ENT":"Campeche","AMBITO":"Rural","area_km2":0.103}},{"type":"Feature","id":"040111504","geometry":{"type":"Point","coordinates":[-90.32551,17.83274]},"geometry_name":"the_geom","properties":{"CVEGEO":"040111504","NOMGEO":"La Tigra","CVE_ENT":"04","NOM_ENT":"Campeche","AMBITO":"Rural","area_km2":0.143}},{"type":"Feature","id":"040111516","geometry":{"type":"Point","coordinates":[-90.26293,17.85654]},"geometry_name":"the_geom","properties":{"CVEGEO":"040111516","NOMGEO":"Chilam Balam","CVE_ENT":"04","NOM_ENT":"Campeche","AMBITO":"Rural","area_km2":0.356}},{"type":"Feature","id":"040111584","geometry":{"type":"Point","coordinates":[-90.27332,17.88002]},"geometry_name":"the_geom","properties":{"CVEGEO":"040111584","NOMGEO":"Laguna de Oro","CVE_ENT":"04","NOM_ENT":"Campeche","AMBITO":"Rural","area_km2":0.294}},{"type":"Feature","id":"040111595","geometry":{"type":"Point","coordinates":[-90.37253,18.1215]},"geometry_name":"the_geom","properties":{"CVEGEO":"040111595","NOMGEO":"Tres Piedras","CVE_ENT":"04","NOM_ENT":"Campeche","AMBITO":"Rural","area_km2":0.278}},{"type":"Feature","id":"040120001","geometry":{"type":"Point","coordinates":[-90.6849,19.63805]},"geometry_name":"the_geom","properties":{"CVEGEO":"040120001","NOMGEO":"Seybaplaya","CVE_ENT":"04","NOM_ENT":"Campeche","AMBITO":"Urbana","area_km2":2.829}},{"type":"Feature","id":"040120016","geometry":{"type":"Point","coordinates":[-90.70252,19.5022]},"geometry_name":"the_geom","properties":{"CVEGEO":"040120016","NOMGEO":"Haltunchén","CVE_ENT":"04","NOM_ENT":"Campeche","AMBITO":"Rural","area_km2":0.035}},{"type":"Feature","id":"040120055","geometry":{"type":"Point","coordinates":[-90.6997,19.52713]},"geometry_name":"the_geom","properties":{"CVEGEO":"040120055","NOMGEO":"Villa Madero","CVE_ENT":"04","NOM_ENT":"Campeche","AMBITO":"Urbana","area_km2":1.41}},{"type":"Feature","id":"040120056","geometry":{"type":"Point","coordinates":[-90.62996,19.62844]},"geometry_name":"the_geom","properties":{"CVEGEO":"040120056","NOMGEO":"Xkeulil","CVE_ENT":"04","NOM_ENT":"Campeche","AMBITO":"Rural","area_km2":0.462}},{"type":"Feature","id":"040130001","geometry":{"type":"Point","coordinates":[-90.05622,20.32204]},"geometry_name":"the_geom","properties":{"CVEGEO":"040130001","NOMGEO":"Dzitbalché","CVE_ENT":"04","NOM_ENT":"Campeche","AMBITO":"Urbana","area_km2":6.031}},{"type":"Feature","id":"040130003","geometry":{"type":"Point","coordinates":[-90.05814,20.28784]},"geometry_name":"the_geom","properties":{"CVEGEO":"040130003","NOMGEO":"Bacabchén","CVE_ENT":"04","NOM_ENT":"Campeche","AMBITO":"Urbana","area_km2":1.958}},{"type":"Feature","id":"230010001","geometry":{"type":"Point","coordinates":[-86.93833,20.50584]},"geometry_name":"the_geom","properties":{"CVEGEO":"230010001","NOMGEO":"Cozumel","CVE_ENT":"23","NOM_ENT":"Quintana Roo","AMBITO":"Urbana","area_km2":23.247}},{"type":"Feature","id":"230010067","geometry":{"type":"Point","coordinates":[-86.99157,20.36704]},"geometry_name":"the_geom","properties":{"CVEGEO":"230010067","NOMGEO":"El Cedral","CVE_ENT":"23","NOM_ENT":"Quintana Roo","AMBITO":"Rural","area_km2":0.342}},{"type":"Feature","id":"230010800","geometry":{"type":"Point","coordinates":[-86.96036,20.45703]},"geometry_name":"the_geom","properties":{"CVEGEO":"230010800","NOMGEO":"Pueblo Nuevo","CVE_ENT":"23","NOM_ENT":"Quintana Roo","AMBITO":"Rural","area_km2":0.107}},{"type":"Feature","id":"230010858","geometry":{"type":"Point","coordinates":[-86.92238,20.48047]},"geometry_name":"the_geom","properties":{"CVEGEO":"230010858","NOMGEO":"San Fernando","CVE_ENT":"23","NOM_ENT":"Quintana Roo","AMBITO":"Rural","area_km2":0.363}},{"type":"Feature","id":"230010891","geometry":{"type":"Point","coordinates":[-86.91424,20.48573]},"geometry_name":"the_geom","properties":{"CVEGEO":"230010891","NOMGEO":"Ranchitos","CVE_ENT":"23","NOM_ENT":"Quintana Roo","AMBITO":"Rural","area_km2":0.33}},{"type":"Feature","id":"230010932","geometry":{"type":"Point","coordinates":[-86.91459,20.49459]},"geometry_name":"the_geom","properties":{"CVEGEO":"230010932","NOMGEO":"Las Fincas","CVE_ENT":"23","NOM_ENT":"Quintana Roo","AMBITO":"Rural","area_km2":0.968}},{"type":"Feature","id":"230010999","geometry":{"type":"Point","coordinates":[-86.90779,20.47296]},"geometry_name":"the_geom","properties":{"CVEGEO":"230010999","NOMGEO":"La Esperanza","CVE_ENT":"23","NOM_ENT":"Quintana Roo","AMBITO":"Rural","area_km2":0.08}},{"type":"Feature","id":"230020001","geometry":{"type":"Point","coordinates":[-88.04743,19.58064]},"geometry_name":"the_geom","properties":{"CVEGEO":"230020001","NOMGEO":"Felipe Carrillo Puerto","CVE_ENT":"23","NOM_ENT":"Quintana Roo","AMBITO":"Urbana","area_km2":10.188}},{"type":"Feature","id":"230020006","geometry":{"type":"Point","coordinates":[-88.57445,19.28918]},"geometry_name":"the_geom","properties":{"CVEGEO":"230020006","NOMGEO":"Ignacio Manuel Altamirano","CVE_ENT":"23","NOM_ENT":"Quintana Roo","AMBITO":"Rural","area_km2":0.21}},{"type":"Feature","id":"230020011","geometry":{"type":"Point","coordinates":[-88.28801,19.63767]},"geometry_name":"the_geom","properties":{"CVEGEO":"230020011","NOMGEO":"Betania","CVE_ENT":"23","NOM_ENT":"Quintana Roo","AMBITO":"Rural","area_km2":0.257}},{"type":"Feature","id":"230020033","geometry":{"type":"Point","coordinates":[-88.22866,19.40046]},"geometry_name":"the_geom","properties":{"CVEGEO":"230020033","NOMGEO":"Chancah Derrepente","CVE_ENT":"23","NOM_ENT":"Quintana Roo","AMBITO":"Rural","area_km2":0.232}},{"type":"Feature","id":"230020034","geometry":{"type":"Point","coordinates":[-87.99469,19.49377]},"geometry_name":"the_geom","properties":{"CVEGEO":"230020034","NOMGEO":"Chancah Veracruz","CVE_ENT":"23","NOM_ENT":"Quintana Roo","AMBITO":"Rural","area_km2":0.333}},{"type":"Feature","id":"230020041","geometry":{"type":"Point","coordinates":[-87.87063,20.03125]},"geometry_name":"the_geom","properties":{"CVEGEO":"230020041","NOMGEO":"Chun On","CVE_ENT":"23","NOM_ENT":"Quintana Roo","AMBITO":"Rural","area_km2":0.158}},{"type":"Feature","id":"230020042","geometry":{"type":"Point","coordinates":[-87.81303,20.00412]},"geometry_name":"the_geom","properties":{"CVEGEO":"230020042","NOMGEO":"Chumpón","CVE_ENT":"23","NOM_ENT":"Quintana Roo","AMBITO":"Rural","area_km2":0.349}},{"type":"Feature","id":"230020043","geometry":{"type":"Point","coordinates":[-88.21,19.6327]},"geometry_name":"the_geom","properties":{"CVEGEO":"230020043","NOMGEO":"Chunhuás","CVE_ENT":"23","NOM_ENT":"Quintana Roo","AMBITO":"Rural","area_km2":0.346}},{"type":"Feature","id":"230020044","geometry":{"type":"Point","coordinates":[-88.59179,19.58521]},"geometry_name":"the_geom","properties":{"CVEGEO":"230020044","NOMGEO":"Chunhuhub","CVE_ENT":"23","NOM_ENT":"Quintana Roo","AMBITO":"Urbana","area_km2":2.543}},{"type":"Feature","id":"230020052","geometry":{"type":"Point","coordinates":[-88.44377,19.94384]},"geometry_name":"the_geom","properties":{"CVEGEO":"230020052","NOMGEO":"Dzoyola","CVE_ENT":"23","NOM_ENT":"Quintana Roo","AMBITO":"Rural","area_km2":0.266}},{"type":"Feature","id":"230020053","geometry":{"type":"Point","coordinates":[-88.4158,19.6034]},"geometry_name":"the_geom","properties":{"CVEGEO":"230020053","NOMGEO":"Dzulá","CVE_ENT":"23","NOM_ENT":"Quintana Roo","AMBITO":"Rural","area_km2":0.622}},{"type":"Feature","id":"230020058","geometry":{"type":"Point","coordinates":[-88.39494,19.85948]},"geometry_name":"the_geom","properties":{"CVEGEO":"230020058","NOMGEO":"Filomeno Mata","CVE_ENT":"23","NOM_ENT":"Quintana Roo","AMBITO":"Rural","area_km2":0.307}},{"type":"Feature","id":"230020065","geometry":{"type":"Point","coordinates":[-88.35123,19.80813]},"geometry_name":"the_geom","properties":{"CVEGEO":"230020065","NOMGEO":"Hobompich","CVE_ENT":"23","NOM_ENT":"Quintana Roo","AMBITO":"Rural","area_km2":0.021}},{"type":"Feature","id":"230020084","geometry":{"type":"Point","coordinates":[-88.15267,19.37447]},"geometry_name":"the_geom","properties":{"CVEGEO":"230020084","NOMGEO":"Kopchen","CVE_ENT":"23","NOM_ENT":"Quintana Roo","AMBITO":"Rural","area_km2":0.291}},{"type":"Feature","id":"230020087","geometry":{"type":"Point","coordinates":[-88.3962,19.50282]},"geometry_name":"the_geom","properties":{"CVEGEO":"230020087","NOMGEO":"Laguna Kaná","CVE_ENT":"23","NOM_ENT":"Quintana Roo","AMBITO":"Rural","area_km2":0.589}},{"type":"Feature","id":"230020101","geometry":{"type":"Point","coordinates":[-88.27889,20.02482]},"geometry_name":"the_geom","properties":{"CVEGEO":"230020101","NOMGEO":"Melchor Ocampo","CVE_ENT":"23","NOM_ENT":"Quintana Roo","AMBITO":"Rural","area_km2":0.039}},{"type":"Feature","id":"230020105","geometry":{"type":"Point","coordinates":[-88.46029,19.36156]},"geometry_name":"the_geom","properties":{"CVEGEO":"230020105","NOMGEO":"Naranjal Poniente","CVE_ENT":"23","NOM_ENT":"Quintana Roo","AMBITO":"Rural","area_km2":0.312}},{"type":"Feature","id":"230020108","geometry":{"type":"Point","coordinates":[-88.16712,19.14462]},"geometry_name":"the_geom","properties":{"CVEGEO":"230020108","NOMGEO":"Noh-Bec","CVE_ENT":"23","NOM_ENT":"Quintana Roo","AMBITO":"Rural","area_km2":1.216}},{"type":"Feature","id":"230020118","geometry":{"type":"Point","coordinates":[-88.225,19.29009]},"geometry_name":"the_geom","properties":{"CVEGEO":"230020118","NOMGEO":"Petcacab","CVE_ENT":"23","NOM_ENT":"Quintana Roo","AMBITO":"Rural","area_km2":0.515}},{"type":"Feature","id":"230020125","geometry":{"type":"Point","coordinates":[-88.16888,19.17383]},"geometry_name":"the_geom","properties":{"CVEGEO":"230020125","NOMGEO":"Polinkín","CVE_ENT":"23","NOM_ENT":"Quintana Roo","AMBITO":"Rural","area_km2":0.062}},{"type":"Feature","id":"230020126","geometry":{"type":"Point","coordinates":[-88.56205,19.60987]},"geometry_name":"the_geom","properties":{"CVEGEO":"230020126","NOMGEO":"Polyuc","CVE_ENT":"23","NOM_ENT":"Quintana Roo","AMBITO":"Rural","area_km2":0.849}},{"type":"Feature","id":"230020131","geometry":{"type":"Point","coordinates":[-88.56101,19.32839]},"geometry_name":"the_geom","properties":{"CVEGEO":"230020131","NOMGEO":"Presidente Juárez","CVE_ENT":"23","NOM_ENT":"Quintana Roo","AMBITO":"Rural","area_km2":0.486}},{"type":"Feature","id":"230020139","geometry":{"type":"Point","coordinates":[-88.61878,19.39968]},"geometry_name":"the_geom","properties":{"CVEGEO":"230020139","NOMGEO":"Ramonal","CVE_ENT":"23","NOM_ENT":"Quintana Roo","AMBITO":"Rural","area_km2":0.283}},{"type":"Feature","id":"230020149","geometry":{"type":"Point","coordinates":[-88.132,19.40181]},"geometry_name":"the_geom","properties":{"CVEGEO":"230020149","NOMGEO":"San Andrés","CVE_ENT":"23","NOM_ENT":"Quintana Roo","AMBITO":"Rural","area_km2":0.122}},{"type":"Feature","id":"230020169","geometry":{"type":"Point","coordinates":[-88.1674,20.05412]},"geometry_name":"the_geom","properties":{"CVEGEO":"230020169","NOMGEO":"San Felipe Berriozábal","CVE_ENT":"23","NOM_ENT":"Quintana Roo","AMBITO":"Rural","area_km2":0.29}},{"type":"Feature","id":"230020172","geometry":{"type":"Point","coordinates":[-88.34584,19.95586]},"geometry_name":"the_geom","properties":{"CVEGEO":"230020172","NOMGEO":"San Francisco Aké","CVE_ENT":"23","NOM_ENT":"Quintana Roo","AMBITO":"Rural","area_km2":0.165}},{"type":"Feature","id":"230020182","geometry":{"type":"Point","coordinates":[-88.2274,19.97002]},"geometry_name":"the_geom","properties":{"CVEGEO":"230020182","NOMGEO":"San José Segundo","CVE_ENT":"23","NOM_ENT":"Quintana Roo","AMBITO":"Rural","area_km2":0.124}},{"type":"Feature","id":"230020193","geometry":{"type":"Point","coordinates":[-88.44783,19.64608]},"geometry_name":"the_geom","properties":{"CVEGEO":"230020193","NOMGEO":"San Luis","CVE_ENT":"23","NOM_ENT":"Quintana Roo","AMBITO":"Rural","area_km2":0.15}},{"type":"Feature","id":"230020207","geometry":{"type":"Point","coordinates":[-88.10809,20.14476]},"geometry_name":"the_geom","properties":{"CVEGEO":"230020207","NOMGEO":"San Ramón","CVE_ENT":"23","NOM_ENT":"Quintana Roo","AMBITO":"Rural","area_km2":0.212}},{"type":"Feature","id":"230020221","geometry":{"type":"Point","coordinates":[-88.64187,19.38279]},"geometry_name":"the_geom","properties":{"CVEGEO":"230020221","NOMGEO":"Santa Lucía","CVE_ENT":"23","NOM_ENT":"Quintana Roo","AMBITO":"Rural","area_km2":0.07}},{"type":"Feature","id":"230020225","geometry":{"type":"Point","coordinates":[-88.40747,19.36716]},"geometry_name":"the_geom","properties":{"CVEGEO":"230020225","NOMGEO":"Santa María Poniente","CVE_ENT":"23","NOM_ENT":"Quintana Roo","AMBITO":"Rural","area_km2":0.543}},{"type":"Feature","id":"230020232","geometry":{"type":"Point","coordinates":[-88.26195,19.97896]},"geometry_name":"the_geom","properties":{"CVEGEO":"230020232","NOMGEO":"Santa Rosa Segundo","CVE_ENT":"23","NOM_ENT":"Quintana Roo","AMBITO":"Rural","area_km2":0.521}},{"type":"Feature","id":"230020239","geometry":{"type":"Point","coordinates":[-88.1349,19.84303]},"geometry_name":"the_geom","properties":{"CVEGEO":"230020239","NOMGEO":"Señor","CVE_ENT":"23","NOM_ENT":"Quintana Roo","AMBITO":"Urbana","area_km2":1.411}},{"type":"Feature","id":"230020243","geometry":{"type":"Point","coordinates":[-88.26488,19.72032]},"geometry_name":"the_geom","properties":{"CVEGEO":"230020243","NOMGEO":"Tabi","CVE_ENT":"23","NOM_ENT":"Quintana Roo","AMBITO":"Rural","area_km2":0.163}},{"type":"Feature","id":"230020248","geometry":{"type":"Point","coordinates":[-88.25593,20.2422]},"geometry_name":"the_geom","properties":{"CVEGEO":"230020248","NOMGEO":"Tepich","CVE_ENT":"23","NOM_ENT":"Quintana Roo","AMBITO":"Urbana","area_km2":1.26}},{"type":"Feature","id":"230020250","geometry":{"type":"Point","coordinates":[-88.37481,20.19518]},"geometry_name":"the_geom","properties":{"CVEGEO":"230020250","NOMGEO":"Tihosuco","CVE_ENT":"23","NOM_ENT":"Quintana Roo","AMBITO":"Urbana","area_km2":3.363}},{"type":"Feature","id":"230020251","geometry":{"type":"Point","coordinates":[-88.17509,19.85917]},"geometry_name":"the_geom","properties":{"CVEGEO":"230020251","NOMGEO":"Tixcacal Guardia","CVE_ENT":"23","NOM_ENT":"Quintana Roo","AMBITO":"Rural","area_km2":0.252}},{"type":"Feature","id":"230020254","geometry":{"type":"Point","coordinates":[-88.13979,20.01365]},"geometry_name":"the_geom","properties":{"CVEGEO":"230020254","NOMGEO":"Trapich","CVE_ENT":"23","NOM_ENT":"Quintana Roo","AMBITO":"Rural","area_km2":0.106}},{"type":"Feature","id":"230020259","geometry":{"type":"Point","coordinates":[-88.16007,19.91535]},"geometry_name":"the_geom","properties":{"CVEGEO":"230020259","NOMGEO":"Tuzik","CVE_ENT":"23","NOM_ENT":"Quintana Roo","AMBITO":"Rural","area_km2":0.473}},{"type":"Feature","id":"230020262","geometry":{"type":"Point","coordinates":[-88.04953,19.41681]},"geometry_name":"the_geom","properties":{"CVEGEO":"230020262","NOMGEO":"Uh May","CVE_ENT":"23","NOM_ENT":"Quintana Roo","AMBITO":"Rural","area_km2":0.353}},{"type":"Feature","id":"230020276","geometry":{"type":"Point","coordinates":[-88.07556,19.39175]},"geometry_name":"the_geom","properties":{"CVEGEO":"230020276","NOMGEO":"X-Hazil Sur","CVE_ENT":"23","NOM_ENT":"Quintana Roo","AMBITO":"Rural","area_km2":0.737}},{"type":"Feature","id":"230020282","geometry":{"type":"Point","coordinates":[-88.37631,19.69561]},"geometry_name":"the_geom","properties":{"CVEGEO":"230020282","NOMGEO":"X-Pichil","CVE_ENT":"23","NOM_ENT":"Quintana Roo","AMBITO":"Rural","area_km2":0.733}},{"type":"Feature","id":"230020284","geometry":{"type":"Point","coordinates":[-88.44373,19.66196]},"geometry_name":"the_geom","properties":{"CVEGEO":"230020284","NOMGEO":"X-Yatil","CVE_ENT":"23","NOM_ENT":"Quintana Roo","AMBITO":"Rural","area_km2":0.423}},{"type":"Feature","id":"230020287","geometry":{"type":"Point","coordinates":[-88.19972,19.7687]},"geometry_name":"the_geom","properties":{"CVEGEO":"230020287","NOMGEO":"Yaxley","CVE_ENT":"23","NOM_ENT":"Quintana Roo","AMBITO":"Rural","area_km2":0.206}},{"type":"Feature","id":"230020288","geometry":{"type":"Point","coordinates":[-88.35898,19.45923]},"geometry_name":"the_geom","properties":{"CVEGEO":"230020288","NOMGEO":"Yoactún","CVE_ENT":"23","NOM_ENT":"Quintana Roo","AMBITO":"Rural","area_km2":0.293}},{"type":"Feature","id":"230020306","geometry":{"type":"Point","coordinates":[-88.10209,19.16238]},"geometry_name":"the_geom","properties":{"CVEGEO":"230020306","NOMGEO":"Andrés Quintana Roo","CVE_ENT":"23","NOM_ENT":"Quintana Roo","AMBITO":"Rural","area_km2":0.327}},{"type":"Feature","id":"230020308","geometry":{"type":"Point","coordinates":[-88.15721,20.01205]},"geometry_name":"the_geom","properties":{"CVEGEO":"230020308","NOMGEO":"Canzepchén","CVE_ENT":"23","NOM_ENT":"Quintana Roo","AMBITO":"Rural","area_km2":0.08}},{"type":"Feature","id":"230020314","geometry":{"type":"Point","coordinates":[-88.33358,19.36952]},"geometry_name":"the_geom","properties":{"CVEGEO":"230020314","NOMGEO":"Chan Santa Cruz","CVE_ENT":"23","NOM_ENT":"Quintana Roo","AMBITO":"Rural","area_km2":0.211}},{"type":"Feature","id":"230020322","geometry":{"type":"Point","coordinates":[-88.53546,19.20438]},"geometry_name":"the_geom","properties":{"CVEGEO":"230020322","NOMGEO":"Emiliano Zapata","CVE_ENT":"23","NOM_ENT":"Quintana Roo","AMBITO":"Rural","area_km2":0.464}},{"type":"Feature","id":"230020324","geometry":{"type":"Point","coordinates":[-88.02662,20.15576]},"geometry_name":"the_geom","properties":{"CVEGEO":"230020324","NOMGEO":"Francisco I. Madero","CVE_ENT":"23","NOM_ENT":"Quintana Roo","AMBITO":"Rural","area_km2":0.049}},{"type":"Feature","id":"230020325","geometry":{"type":"Point","coordinates":[-88.15765,20.15509]},"geometry_name":"the_geom","properties":{"CVEGEO":"230020325","NOMGEO":"Francisco May","CVE_ENT":"23","NOM_ENT":"Quintana Roo","AMBITO":"Rural","area_km2":0.144}},{"type":"Feature","id":"230020336","geometry":{"type":"Point","coordinates":[-88.26481,19.38595]},"geometry_name":"the_geom","properties":{"CVEGEO":"230020336","NOMGEO":"Mixtequilla","CVE_ENT":"23","NOM_ENT":"Quintana Roo","AMBITO":"Rural","area_km2":0.039}},{"type":"Feature","id":"230020339","geometry":{"type":"Point","coordinates":[-88.53716,19.30105]},"geometry_name":"the_geom","properties":{"CVEGEO":"230020339","NOMGEO":"Nueva Loría","CVE_ENT":"23","NOM_ENT":"Quintana Roo","AMBITO":"Rural","area_km2":0.158}},{"type":"Feature","id":"230020340","geometry":{"type":"Point","coordinates":[-88.55114,19.24184]},"geometry_name":"the_geom","properties":{"CVEGEO":"230020340","NOMGEO":"Nuevo Israel","CVE_ENT":"23","NOM_ENT":"Quintana Roo","AMBITO":"Rural","area_km2":0.369}},{"type":"Feature","id":"230020368","geometry":{"type":"Point","coordinates":[-88.10158,19.43145]},"geometry_name":"the_geom","properties":{"CVEGEO":"230020368","NOMGEO":"X-Konha","CVE_ENT":"23","NOM_ENT":"Quintana Roo","AMBITO":"Rural","area_km2":0.105}},{"type":"Feature","id":"230020399","geometry":{"type":"Point","coordinates":[-88.11874,19.8052]},"geometry_name":"the_geom","properties":{"CVEGEO":"230020399","NOMGEO":"José María Pino Suárez","CVE_ENT":"23","NOM_ENT":"Quintana Roo","AMBITO":"Rural","area_km2":0.066}},{"type":"Feature","id":"230020400","geometry":{"type":"Point","coordinates":[-88.33072,19.85226]},"geometry_name":"the_geom","properties":{"CVEGEO":"230020400","NOMGEO":"Kampokolché","CVE_ENT":"23","NOM_ENT":"Quintana Roo","AMBITO":"Rural","area_km2":0.149}},{"type":"Feature","id":"230020420","geometry":{"type":"Point","coordinates":[-88.11617,19.19707]},"geometry_name":"the_geom","properties":{"CVEGEO":"230020420","NOMGEO":"Reforma Agraria","CVE_ENT":"23","NOM_ENT":"Quintana Roo","AMBITO":"Rural","area_km2":0.203}},{"type":"Feature","id":"230020535","geometry":{"type":"Point","coordinates":[-87.9255,20.10148]},"geometry_name":"the_geom","properties":{"CVEGEO":"230020535","NOMGEO":"Chun-Yah","CVE_ENT":"23","NOM_ENT":"Quintana Roo","AMBITO":"Rural","area_km2":0.372}},{"type":"Feature","id":"230020536","geometry":{"type":"Point","coordinates":[-87.61601,20.07785]},"geometry_name":"the_geom","properties":{"CVEGEO":"230020536","NOMGEO":"Chunyaxché","CVE_ENT":"23","NOM_ENT":"Quintana Roo","AMBITO":"Rural","area_km2":0.414}},{"type":"Feature","id":"230020587","geometry":{"type":"Point","coordinates":[-87.67043,20.02267]},"geometry_name":"the_geom","properties":{"CVEGEO":"230020587","NOMGEO":"Cecilio Chí (Kilómetro Sesenta y Cuatro)","CVE_ENT":"23","NOM_ENT":"Quintana Roo","AMBITO":"Rural","area_km2":0.081}},{"type":"Feature","id":"230020658","geometry":{"type":"Point","coordinates":[-87.96881,20.14042]},"geometry_name":"the_geom","properties":{"CVEGEO":"230020658","NOMGEO":"San Antonio Nuevo","CVE_ENT":"23","NOM_ENT":"Quintana Roo","AMBITO":"Rural","area_km2":0.018}},{"type":"Feature","id":"230020738","geometry":{"type":"Point","coordinates":[-87.86093,19.83619]},"geometry_name":"the_geom","properties":{"CVEGEO":"230020738","NOMGEO":"Tres Reyes","CVE_ENT":"23","NOM_ENT":"Quintana Roo","AMBITO":"Rural","area_km2":0.037}},{"type":"Feature","id":"230020768","geometry":{"type":"Point","coordinates":[-87.98265,20.21407]},"geometry_name":"the_geom","properties":{"CVEGEO":"230020768","NOMGEO":"X-Hazil Norte","CVE_ENT":"23","NOM_ENT":"Quintana Roo","AMBITO":"Rural","area_km2":0.01}},{"type":"Feature","id":"230021066","geometry":{"type":"Point","coordinates":[-88.07059,20.27937]},"geometry_name":"the_geom","properties":{"CVEGEO":"230021066","NOMGEO":"Villahermosa","CVE_ENT":"23","NOM_ENT":"Quintana Roo","AMBITO":"Rural","area_km2":0.026}},{"type":"Feature","id":"230021072","geometry":{"type":"Point","coordinates":[-87.58914,20.10931]},"geometry_name":"the_geom","properties":{"CVEGEO":"230021072","NOMGEO":"José María Pino Suárez","CVE_ENT":"23","NOM_ENT":"Quintana Roo","AMBITO":"Rural","area_km2":0.23}},{"type":"Feature","id":"230021075","geometry":{"type":"Point","coordinates":[-88.03666,20.35954]},"geometry_name":"the_geom","properties":{"CVEGEO":"230021075","NOMGEO":"San Silverio","CVE_ENT":"23","NOM_ENT":"Quintana Roo","AMBITO":"Rural","area_km2":0.307}},{"type":"Feature","id":"230021078","geometry":{"type":"Point","coordinates":[-88.01626,20.30885]},"geometry_name":"the_geom","properties":{"CVEGEO":"230021078","NOMGEO":"Yalchén","CVE_ENT":"23","NOM_ENT":"Quintana Roo","AMBITO":"Rural","area_km2":0.142}},{"type":"Feature","id":"230030001","geometry":{"type":"Point","coordinates":[-86.73177,21.23003]},"geometry_name":"the_geom","properties":{"CVEGEO":"230030001","NOMGEO":"Isla Mujeres","CVE_ENT":"23","NOM_ENT":"Quintana Roo","AMBITO":"Urbana","area_km2":4.177}},{"type":"Feature","id":"230030092","geometry":{"type":"Point","coordinates":[-86.80298,21.23333]},"geometry_name":"the_geom","properties":{"CVEGEO":"230030092","NOMGEO":"Punta Sam","CVE_ENT":"23","NOM_ENT":"Quintana Roo","AMBITO":"Rural","area_km2":0.114}},{"type":"Feature","id":"230030167","geometry":{"type":"Point","coordinates":[-86.9023,21.25553]},"geometry_name":"the_geom","properties":{"CVEGEO":"230030167","NOMGEO":"Santa Fe","CVE_ENT":"23","NOM_ENT":"Quintana Roo","AMBITO":"Rural","area_km2":0.097}},{"type":"Feature","id":"230030171","geometry":{"type":"Point","coordinates":[-86.89651,21.25233]},"geometry_name":"the_geom","properties":{"CVEGEO":"230030171","NOMGEO":"Los Compadres [Rancho]","CVE_ENT":"23","NOM_ENT":"Quintana Roo","AMBITO":"Rural","area_km2":0.082}},{"type":"Feature","id":"230030172","geometry":{"type":"Point","coordinates":[-86.875,21.24354]},"geometry_name":"the_geom","properties":{"CVEGEO":"230030172","NOMGEO":"El Abuelo","CVE_ENT":"23","NOM_ENT":"Quintana Roo","AMBITO":"Rural","area_km2":0.042}},{"type":"Feature","id":"230030173","geometry":{"type":"Point","coordinates":[-86.874,21.24337]},"geometry_name":"the_geom","properties":{"CVEGEO":"230030173","NOMGEO":"Margaritas","CVE_ENT":"23","NOM_ENT":"Quintana Roo","AMBITO":"Rural","area_km2":0.043}},{"type":"Feature","id":"230030177","geometry":{"type":"Point","coordinates":[-86.86673,21.23898]},"geometry_name":"the_geom","properties":{"CVEGEO":"230030177","NOMGEO":"La Morena","CVE_ENT":"23","NOM_ENT":"Quintana Roo","AMBITO":"Rural","area_km2":0.088}},{"type":"Feature","id":"230030180","geometry":{"type":"Point","coordinates":[-86.86415,21.2388]},"geometry_name":"the_geom","properties":{"CVEGEO":"230030180","NOMGEO":"Centauros [Colonia]","CVE_ENT":"23","NOM_ENT":"Quintana Roo","AMBITO":"Rural","area_km2":0.038}},{"type":"Feature","id":"230030269","geometry":{"type":"Point","coordinates":[-86.86997,21.23924]},"geometry_name":"the_geom","properties":{"CVEGEO":"230030269","NOMGEO":"Las Gaviotas","CVE_ENT":"23","NOM_ENT":"Quintana Roo","AMBITO":"Rural","area_km2":0.093}},{"type":"Feature","id":"230030270","geometry":{"type":"Point","coordinates":[-86.89265,21.24748]},"geometry_name":"the_geom","properties":{"CVEGEO":"230030270","NOMGEO":"Fátima","CVE_ENT":"23","NOM_ENT":"Quintana Roo","AMBITO":"Rural","area_km2":0.05}},{"type":"Feature","id":"230030273","geometry":{"type":"Point","coordinates":[-86.90098,21.25053]},"geometry_name":"the_geom","properties":{"CVEGEO":"230030273","NOMGEO":"Itzae","CVE_ENT":"23","NOM_ENT":"Quintana Roo","AMBITO":"Rural","area_km2":0.04}},{"type":"Feature","id":"230030286","geometry":{"type":"Point","coordinates":[-86.85255,21.22424]},"geometry_name":"the_geom","properties":{"CVEGEO":"230030286","NOMGEO":"Zona Urbana Ejido Isla Mujeres","CVE_ENT":"23","NOM_ENT":"Quintana Roo","AMBITO":"Urbana","area_km2":2.644}},{"type":"Feature","id":"230030297","geometry":{"type":"Point","coordinates":[-86.88052,21.24506]},"geometry_name":"the_geom","properties":{"CVEGEO":"230030297","NOMGEO":"Las Tres Cruces","CVE_ENT":"23","NOM_ENT":"Quintana Roo","AMBITO":"Rural","area_km2":0.053}},{"type":"Feature","id":"230030313","geometry":{"type":"Point","coordinates":[-86.87594,21.24351]},"geometry_name":"the_geom","properties":{"CVEGEO":"230030313","NOMGEO":"San Valentín","CVE_ENT":"23","NOM_ENT":"Quintana Roo","AMBITO":"Rural","area_km2":0.035}},{"type":"Feature","id":"230030332","geometry":{"type":"Point","coordinates":[-86.85792,21.23715]},"geometry_name":"the_geom","properties":{"CVEGEO":"230030332","NOMGEO":"Asis","CVE_ENT":"23","NOM_ENT":"Quintana Roo","AMBITO":"Rural","area_km2":0.036}},{"type":"Feature","id":"230030352","geometry":{"type":"Point","coordinates":[-87.08833,21.28047]},"geometry_name":"the_geom","properties":{"CVEGEO":"230030352","NOMGEO":"Francisco May","CVE_ENT":"23","NOM_ENT":"Quintana Roo","AMBITO":"Rural","area_km2":0.145}},{"type":"Feature","id":"230030427","geometry":{"type":"Point","coordinates":[-86.88881,21.24913]},"geometry_name":"the_geom","properties":{"CVEGEO":"230030427","NOMGEO":"Mecades","CVE_ENT":"23","NOM_ENT":"Quintana Roo","AMBITO":"Rural","area_km2":0.033}},{"type":"Feature","id":"230030448","geometry":{"type":"Point","coordinates":[-86.8702,21.22833]},"geometry_name":"the_geom","properties":{"CVEGEO":"230030448","NOMGEO":"Tres de Septiembre","CVE_ENT":"23","NOM_ENT":"Quintana Roo","AMBITO":"Rural","area_km2":0.117}},{"type":"Feature","id":"230030455","geometry":{"type":"Point","coordinates":[-86.8899,21.24228]},"geometry_name":"the_geom","properties":{"CVEGEO":"230030455","NOMGEO":"Altamar","CVE_ENT":"23","NOM_ENT":"Quintana Roo","AMBITO":"Rural","area_km2":0.334}},{"type":"Feature","id":"230030469","geometry":{"type":"Point","coordinates":[-86.88194,21.24241]},"geometry_name":"the_geom","properties":{"CVEGEO":"230030469","NOMGEO":"La Providencia","CVE_ENT":"23","NOM_ENT":"Quintana Roo","AMBITO":"Rural","area_km2":0.039}},{"type":"Feature","id":"230030474","geometry":{"type":"Point","coordinates":[-86.89283,21.25118]},"geometry_name":"the_geom","properties":{"CVEGEO":"230030474","NOMGEO":"Maldonado","CVE_ENT":"23","NOM_ENT":"Quintana Roo","AMBITO":"Rural","area_km2":0.113}},{"type":"Feature","id":"230030475","geometry":{"type":"Point","coordinates":[-86.86141,21.24265]},"geometry_name":"the_geom","properties":{"CVEGEO":"230030475","NOMGEO":"La Victoria","CVE_ENT":"23","NOM_ENT":"Quintana Roo","AMBITO":"Rural","area_km2":0.236}},{"type":"Feature","id":"230030476","geometry":{"type":"Point","coordinates":[-86.80452,21.24119]},"geometry_name":"the_geom","properties":{"CVEGEO":"230030476","NOMGEO":"La Amada [Residencial]","CVE_ENT":"23","NOM_ENT":"Quintana Roo","AMBITO":"Rural","area_km2":0.088}},{"type":"Feature","id":"230030478","geometry":{"type":"Point","coordinates":[-86.86973,21.24252]},"geometry_name":"the_geom","properties":{"CVEGEO":"230030478","NOMGEO":"El Alba [Colonia]","CVE_ENT":"23","NOM_ENT":"Quintana Roo","AMBITO":"Rural","area_km2":0.035}},{"type":"Feature","id":"230030500","geometry":{"type":"Point","coordinates":[-86.86576,21.24237]},"geometry_name":"the_geom","properties":{"CVEGEO":"230030500","NOMGEO":"Minas de Rancho Viejo","CVE_ENT":"23","NOM_ENT":"Quintana Roo","AMBITO":"Rural","area_km2":0.143}},{"type":"Feature","id":"230030529","geometry":{"type":"Point","coordinates":[-86.90977,21.25501]},"geometry_name":"the_geom","properties":{"CVEGEO":"230030529","NOMGEO":"La Fortuna","CVE_ENT":"23","NOM_ENT":"Quintana Roo","AMBITO":"Rural","area_km2":0.021}},{"type":"Feature","id":"230030535","geometry":{"type":"Point","coordinates":[-86.87186,21.24307]},"geometry_name":"the_geom","properties":{"CVEGEO":"230030535","NOMGEO":"La Luna","CVE_ENT":"23","NOM_ENT":"Quintana Roo","AMBITO":"Rural","area_km2":0.142}},{"type":"Feature","id":"230030556","geometry":{"type":"Point","coordinates":[-86.89648,21.24882]},"geometry_name":"the_geom","properties":{"CVEGEO":"230030556","NOMGEO":"La Continental","CVE_ENT":"23","NOM_ENT":"Quintana Roo","AMBITO":"Rural","area_km2":0.043}},{"type":"Feature","id":"230030559","geometry":{"type":"Point","coordinates":[-86.91687,21.21784]},"geometry_name":"the_geom","properties":{"CVEGEO":"230030559","NOMGEO":"El Ramal","CVE_ENT":"23","NOM_ENT":"Quintana Roo","AMBITO":"Rural","area_km2":0.252}},{"type":"Feature","id":"230030560","geometry":{"type":"Point","coordinates":[-86.9132,21.2296]},"geometry_name":"the_geom","properties":{"CVEGEO":"230030560","NOMGEO":"La Esmeralda","CVE_ENT":"23","NOM_ENT":"Quintana Roo","AMBITO":"Rural","area_km2":0.075}},{"type":"Feature","id":"230030561","geometry":{"type":"Point","coordinates":[-86.85635,21.24065]},"geometry_name":"the_geom","properties":{"CVEGEO":"230030561","NOMGEO":"San Valentín","CVE_ENT":"23","NOM_ENT":"Quintana Roo","AMBITO":"Rural","area_km2":0.119}},{"type":"Feature","id":"230030567","geometry":{"type":"Point","coordinates":[-86.88619,21.24821]},"geometry_name":"the_geom","properties":{"CVEGEO":"230030567","NOMGEO":"La Herradura","CVE_ENT":"23","NOM_ENT":"Quintana Roo","AMBITO":"Rural","area_km2":0.11}},{"type":"Feature","id":"230030568","geometry":{"type":"Point","coordinates":[-86.8858,21.24469]},"geometry_name":"the_geom","properties":{"CVEGEO":"230030568","NOMGEO":"Job","CVE_ENT":"23","NOM_ENT":"Quintana Roo","AMBITO":"Rural","area_km2":0.029}},{"type":"Feature","id":"230030569","geometry":{"type":"Point","coordinates":[-86.89895,21.25646]},"geometry_name":"the_geom","properties":{"CVEGEO":"230030569","NOMGEO":"Las Águilas","CVE_ENT":"23","NOM_ENT":"Quintana Roo","AMBITO":"Rural","area_km2":0.039}},{"type":"Feature","id":"230030570","geometry":{"type":"Point","coordinates":[-86.91736,21.22302]},"geometry_name":"the_geom","properties":{"CVEGEO":"230030570","NOMGEO":"El Ramal 3","CVE_ENT":"23","NOM_ENT":"Quintana Roo","AMBITO":"Rural","area_km2":0.024}},{"type":"Feature","id":"230030571","geometry":{"type":"Point","coordinates":[-86.90708,21.25634]},"geometry_name":"the_geom","properties":{"CVEGEO":"230030571","NOMGEO":"Boca Mar","CVE_ENT":"23","NOM_ENT":"Quintana Roo","AMBITO":"Rural","area_km2":0.048}},{"type":"Feature","id":"230030573","geometry":{"type":"Point","coordinates":[-86.89513,21.24851]},"geometry_name":"the_geom","properties":{"CVEGEO":"230030573","NOMGEO":"La Florida","CVE_ENT":"23","NOM_ENT":"Quintana Roo","AMBITO":"Rural","area_km2":0.064}},{"type":"Feature","id":"230030574","geometry":{"type":"Point","coordinates":[-86.91848,21.22661]},"geometry_name":"the_geom","properties":{"CVEGEO":"230030574","NOMGEO":"El Ramal 581","CVE_ENT":"23","NOM_ENT":"Quintana Roo","AMBITO":"Rural","area_km2":0.063}},{"type":"Feature","id":"230030575","geometry":{"type":"Point","coordinates":[-86.85845,21.2428]},"geometry_name":"the_geom","properties":{"CVEGEO":"230030575","NOMGEO":"Vista Hermosa","CVE_ENT":"23","NOM_ENT":"Quintana Roo","AMBITO":"Rural","area_km2":0.114}},{"type":"Feature","id":"230030576","geometry":{"type":"Point","coordinates":[-86.90709,21.22087]},"geometry_name":"the_geom","properties":{"CVEGEO":"230030576","NOMGEO":"El Palmar","CVE_ENT":"23","NOM_ENT":"Quintana Roo","AMBITO":"Rural","area_km2":0.063}},{"type":"Feature","id":"230040001","geometry":{"type":"Point","coordinates":[-88.30334,18.52074]},"geometry_name":"the_geom","properties":{"CVEGEO":"230040001","NOMGEO":"Chetumal","CVE_ENT":"23","NOM_ENT":"Quintana Roo","AMBITO":"Urbana","area_km2":35.967}},{"type":"Feature","id":"230040007","geometry":{"type":"Point","coordinates":[-88.60825,18.30514]},"geometry_name":"the_geom","properties":{"CVEGEO":"230040007","NOMGEO":"Álvaro Obregón Viejo","CVE_ENT":"23","NOM_ENT":"Quintana Roo","AMBITO":"Rural","area_km2":0.071}},{"type":"Feature","id":"230040008","geometry":{"type":"Point","coordinates":[-88.5568,18.38356]},"geometry_name":"the_geom","properties":{"CVEGEO":"230040008","NOMGEO":"Allende","CVE_ENT":"23","NOM_ENT":"Quintana Roo","AMBITO":"Rural","area_km2":0.487}},{"type":"Feature","id":"230040014","geometry":{"type":"Point","coordinates":[-88.69659,18.19577]},"geometry_name":"the_geom","properties":{"CVEGEO":"230040014","NOMGEO":"Cacao","CVE_ENT":"23","NOM_ENT":"Quintana Roo","AMBITO":"Rural","area_km2":1.494}},{"type":"Feature","id":"230040016","geometry":{"type":"Point","coordinates":[-88.25667,18.55713]},"geometry_name":"the_geom","properties":{"CVEGEO":"230040016","NOMGEO":"Calderitas","CVE_ENT":"23","NOM_ENT":"Quintana Roo","AMBITO":"Urbana","area_km2":2.065}},{"type":"Feature","id":"230040017","geometry":{"type":"Point","coordinates":[-88.82341,18.00936]},"geometry_name":"the_geom","properties":{"CVEGEO":"230040017","NOMGEO":"Esteban Baca Calderón","CVE_ENT":"23","NOM_ENT":"Quintana Roo","AMBITO":"Rural","area_km2":0.27}},{"type":"Feature","id":"230040018","geometry":{"type":"Point","coordinates":[-89.10506,18.44429]},"geometry_name":"the_geom","properties":{"CVEGEO":"230040018","NOMGEO":"Caobas","CVE_ENT":"23","NOM_ENT":"Quintana Roo","AMBITO":"Rural","area_km2":1.111}},{"type":"Feature","id":"230040020","geometry":{"type":"Point","coordinates":[-88.69048,18.1634]},"geometry_name":"the_geom","properties":{"CVEGEO":"230040020","NOMGEO":"Cocoyol","CVE_ENT":"23","NOM_ENT":"Quintana Roo","AMBITO":"Rural","area_km2":0.76}},{"type":"Feature","id":"230040032","geometry":{"type":"Point","coordinates":[-88.72104,18.11347]},"geometry_name":"the_geom","properties":{"CVEGEO":"230040032","NOMGEO":"San Francisco Botes","CVE_ENT":"23","NOM_ENT":"Quintana Roo","AMBITO":"Rural","area_km2":0.657}},{"type":"Feature","id":"230040033","geometry":{"type":"Point","coordinates":[-88.84285,18.47827]},"geometry_name":"the_geom","properties":{"CVEGEO":"230040033","NOMGEO":"Francisco Villa","CVE_ENT":"23","NOM_ENT":"Quintana Roo","AMBITO":"Rural","area_km2":0.933}},{"type":"Feature","id":"230040037","geometry":{"type":"Point","coordinates":[-88.42574,18.5175]},"geometry_name":"the_geom","properties":{"CVEGEO":"230040037","NOMGEO":"Huay-Pix","CVE_ENT":"23","NOM_ENT":"Quintana Roo","AMBITO":"Rural","area_km2":0.538}},{"type":"Feature","id":"230040038","geometry":{"type":"Point","coordinates":[-88.66903,18.48778]},"geometry_name":"the_geom","properties":{"CVEGEO":"230040038","NOMGEO":"Jesús González Ortega","CVE_ENT":"23","NOM_ENT":"Quintana Roo","AMBITO":"Rural","area_km2":0.604}},{"type":"Feature","id":"230040039","geometry":{"type":"Point","coordinates":[-88.48102,18.49966]},"geometry_name":"the_geom","properties":{"CVEGEO":"230040039","NOMGEO":"Juan Sarabia","CVE_ENT":"23","NOM_ENT":"Quintana Roo","AMBITO":"Rural","area_km2":0.954}},{"type":"Feature","id":"230040050","geometry":{"type":"Point","coordinates":[-88.26845,18.68974]},"geometry_name":"the_geom","properties":{"CVEGEO":"230040050","NOMGEO":"Laguna Guerrero","CVE_ENT":"23","NOM_ENT":"Quintana Roo","AMBITO":"Rural","area_km2":1.018}},{"type":"Feature","id":"230040053","geometry":{"type":"Point","coordinates":[-87.70485,18.72895]},"geometry_name":"the_geom","properties":{"CVEGEO":"230040053","NOMGEO":"Mahahual","CVE_ENT":"23","NOM_ENT":"Quintana Roo","AMBITO":"Urbana","area_km2":2.705}},{"type":"Feature","id":"230040060","geometry":{"type":"Point","coordinates":[-88.7525,18.48361]},"geometry_name":"the_geom","properties":{"CVEGEO":"230040060","NOMGEO":"Nachi Cocom","CVE_ENT":"23","NOM_ENT":"Quintana Roo","AMBITO":"Rural","area_km2":0.647}},{"type":"Feature","id":"230040064","geometry":{"type":"Point","coordinates":[-88.92876,18.45961]},"geometry_name":"the_geom","properties":{"CVEGEO":"230040064","NOMGEO":"Nicolás Bravo","CVE_ENT":"23","NOM_ENT":"Quintana Roo","AMBITO":"Urbana","area_km2":3.342}},{"type":"Feature","id":"230040067","geometry":{"type":"Point","coordinates":[-88.52954,18.44794]},"geometry_name":"the_geom","properties":{"CVEGEO":"230040067","NOMGEO":"Palmar","CVE_ENT":"23","NOM_ENT":"Quintana Roo","AMBITO":"Rural","area_km2":0.841}},{"type":"Feature","id":"230040070","geometry":{"type":"Point","coordinates":[-88.82109,17.97381]},"geometry_name":"the_geom","properties":{"CVEGEO":"230040070","NOMGEO":"Revolución","CVE_ENT":"23","NOM_ENT":"Quintana Roo","AMBITO":"Rural","area_km2":0.104}},{"type":"Feature","id":"230040073","geometry":{"type":"Point","coordinates":[-88.53359,18.41899]},"geometry_name":"the_geom","properties":{"CVEGEO":"230040073","NOMGEO":"Ramonal","CVE_ENT":"23","NOM_ENT":"Quintana Roo","AMBITO":"Rural","area_km2":0.657}},{"type":"Feature","id":"230040077","geometry":{"type":"Point","coordinates":[-88.58778,18.35755]},"geometry_name":"the_geom","properties":{"CVEGEO":"230040077","NOMGEO":"Sabidos","CVE_ENT":"23","NOM_ENT":"Quintana Roo","AMBITO":"Rural","area_km2":1.124}},{"type":"Feature","id":"230040098","geometry":{"type":"Point","coordinates":[-88.39177,18.4967]},"geometry_name":"the_geom","properties":{"CVEGEO":"230040098","NOMGEO":"Subteniente López","CVE_ENT":"23","NOM_ENT":"Quintana Roo","AMBITO":"Rural","area_km2":1.809}},{"type":"Feature","id":"230040104","geometry":{"type":"Point","coordinates":[-88.52043,18.50336]},"geometry_name":"the_geom","properties":{"CVEGEO":"230040104","NOMGEO":"Ucum","CVE_ENT":"23","NOM_ENT":"Quintana Roo","AMBITO":"Rural","area_km2":0.943}},{"type":"Feature","id":"230040106","geometry":{"type":"Point","coordinates":[-88.88101,17.89975]},"geometry_name":"the_geom","properties":{"CVEGEO":"230040106","NOMGEO":"La Unión","CVE_ENT":"23","NOM_ENT":"Quintana Roo","AMBITO":"Rural","area_km2":0.586}},{"type":"Feature","id":"230040110","geometry":{"type":"Point","coordinates":[-88.52012,18.46753]},"geometry_name":"the_geom","properties":{"CVEGEO":"230040110","NOMGEO":"Sacxán","CVE_ENT":"23","NOM_ENT":"Quintana Roo","AMBITO":"Rural","area_km2":0.875}},{"type":"Feature","id":"230040111","geometry":{"type":"Point","coordinates":[-87.83632,18.27018]},"geometry_name":"the_geom","properties":{"CVEGEO":"230040111","NOMGEO":"Xcalak","CVE_ENT":"23","NOM_ENT":"Quintana Roo","AMBITO":"Rural","area_km2":0.305}},{"type":"Feature","id":"230040114","geometry":{"type":"Point","coordinates":[-88.46485,18.54877]},"geometry_name":"the_geom","properties":{"CVEGEO":"230040114","NOMGEO":"Xul-Ha","CVE_ENT":"23","NOM_ENT":"Quintana Roo","AMBITO":"Rural","area_km2":1.291}},{"type":"Feature","id":"230040117","geometry":{"type":"Point","coordinates":[-89.06707,18.03807]},"geometry_name":"the_geom","properties":{"CVEGEO":"230040117","NOMGEO":"Tomás Garrido Canabal","CVE_ENT":"23","NOM_ENT":"Quintana Roo","AMBITO":"Rural","area_km2":0.287}},{"type":"Feature","id":"230040119","geometry":{"type":"Point","coordinates":[-88.85646,18.69999]},"geometry_name":"the_geom","properties":{"CVEGEO":"230040119","NOMGEO":"San Pedro Peralta","CVE_ENT":"23","NOM_ENT":"Quintana Roo","AMBITO":"Rural","area_km2":0.427}},{"type":"Feature","id":"230040123","geometry":{"type":"Point","coordinates":[-88.68157,18.27201]},"geometry_name":"the_geom","properties":{"CVEGEO":"230040123","NOMGEO":"Javier Rojo Gómez","CVE_ENT":"23","NOM_ENT":"Quintana Roo","AMBITO":"Urbana","area_km2":1.924}},{"type":"Feature","id":"230040124","geometry":{"type":"Point","coordinates":[-88.65297,18.29698]},"geometry_name":"the_geom","properties":{"CVEGEO":"230040124","NOMGEO":"Álvaro Obregón","CVE_ENT":"23","NOM_ENT":"Quintana Roo","AMBITO":"Urbana","area_km2":6.103}},{"type":"Feature","id":"230040136","geometry":{"type":"Point","coordinates":[-88.52733,18.50092]},"geometry_name":"the_geom","properties":{"CVEGEO":"230040136","NOMGEO":"Carlos A. Madrazo","CVE_ENT":"23","NOM_ENT":"Quintana Roo","AMBITO":"Rural","area_km2":1.103}},{"type":"Feature","id":"230040163","geometry":{"type":"Point","coordinates":[-88.85854,18.70234]},"geometry_name":"the_geom","properties":{"CVEGEO":"230040163","NOMGEO":"Lázaro Cárdenas Segundo","CVE_ENT":"23","NOM_ENT":"Quintana Roo","AMBITO":"Rural","area_km2":0.368}},{"type":"Feature","id":"230040184","geometry":{"type":"Point","coordinates":[-88.66825,18.23342]},"geometry_name":"the_geom","properties":{"CVEGEO":"230040184","NOMGEO":"Pucté","CVE_ENT":"23","NOM_ENT":"Quintana Roo","AMBITO":"Rural","area_km2":3.942}},{"type":"Feature","id":"230040201","geometry":{"type":"Point","coordinates":[-88.56899,18.51342]},"geometry_name":"the_geom","properties":{"CVEGEO":"230040201","NOMGEO":"Sergio Butrón Casas","CVE_ENT":"23","NOM_ENT":"Quintana Roo","AMBITO":"Urbana","area_km2":1.902}},{"type":"Feature","id":"230040205","geometry":{"type":"Point","coordinates":[-88.98248,18.19343]},"geometry_name":"the_geom","properties":{"CVEGEO":"230040205","NOMGEO":"Tres Garantías","CVE_ENT":"23","NOM_ENT":"Quintana Roo","AMBITO":"Rural","area_km2":0.734}},{"type":"Feature","id":"230040225","geometry":{"type":"Point","coordinates":[-88.21815,18.65728]},"geometry_name":"the_geom","properties":{"CVEGEO":"230040225","NOMGEO":"Luis Echeverría Álvarez","CVE_ENT":"23","NOM_ENT":"Quintana Roo","AMBITO":"Rural","area_km2":0.513}},{"type":"Feature","id":"230040229","geometry":{"type":"Point","coordinates":[-89.14587,18.12737]},"geometry_name":"the_geom","properties":{"CVEGEO":"230040229","NOMGEO":"Dos Aguadas","CVE_ENT":"23","NOM_ENT":"Quintana Roo","AMBITO":"Rural","area_km2":0.155}},{"type":"Feature","id":"230040240","geometry":{"type":"Point","coordinates":[-88.87673,18.79461]},"geometry_name":"the_geom","properties":{"CVEGEO":"230040240","NOMGEO":"Limonar","CVE_ENT":"23","NOM_ENT":"Quintana Roo","AMBITO":"Rural","area_km2":0.213}},{"type":"Feature","id":"230040245","geometry":{"type":"Point","coordinates":[-88.81071,18.60379]},"geometry_name":"the_geom","properties":{"CVEGEO":"230040245","NOMGEO":"Morocoy","CVE_ENT":"23","NOM_ENT":"Quintana Roo","AMBITO":"Rural","area_km2":0.877}},{"type":"Feature","id":"230040252","geometry":{"type":"Point","coordinates":[-89.13091,18.72413]},"geometry_name":"the_geom","properties":{"CVEGEO":"230040252","NOMGEO":"Nuevo Bécar","CVE_ENT":"23","NOM_ENT":"Quintana Roo","AMBITO":"Rural","area_km2":0.466}},{"type":"Feature","id":"230040264","geometry":{"type":"Point","coordinates":[-88.25563,18.70973]},"geometry_name":"the_geom","properties":{"CVEGEO":"230040264","NOMGEO":"Raudales","CVE_ENT":"23","NOM_ENT":"Quintana Roo","AMBITO":"Rural","area_km2":0.489}},{"type":"Feature","id":"230040267","geometry":{"type":"Point","coordinates":[-88.72873,18.10731]},"geometry_name":"the_geom","properties":{"CVEGEO":"230040267","NOMGEO":"José Narciso Rovirosa","CVE_ENT":"23","NOM_ENT":"Quintana Roo","AMBITO":"Rural","area_km2":1.345}},{"type":"Feature","id":"230040290","geometry":{"type":"Point","coordinates":[-89.13561,18.78766]},"geometry_name":"the_geom","properties":{"CVEGEO":"230040290","NOMGEO":"Cinco de Mayo","CVE_ENT":"23","NOM_ENT":"Quintana Roo","AMBITO":"Rural","area_km2":0.222}},{"type":"Feature","id":"230040303","geometry":{"type":"Point","coordinates":[-88.85888,18.76014]},"geometry_name":"the_geom","properties":{"CVEGEO":"230040303","NOMGEO":"La Libertad","CVE_ENT":"23","NOM_ENT":"Quintana Roo","AMBITO":"Rural","area_km2":0.505}},{"type":"Feature","id":"230040305","geometry":{"type":"Point","coordinates":[-89.06803,18.82271]},"geometry_name":"the_geom","properties":{"CVEGEO":"230040305","NOMGEO":"Nuevo Caanán","CVE_ENT":"23","NOM_ENT":"Quintana Roo","AMBITO":"Rural","area_km2":0.224}},{"type":"Feature","id":"230040319","geometry":{"type":"Point","coordinates":[-89.01332,18.37408]},"geometry_name":"the_geom","properties":{"CVEGEO":"230040319","NOMGEO":"San José de la Montaña","CVE_ENT":"23","NOM_ENT":"Quintana Roo","AMBITO":"Rural","area_km2":0.158}},{"type":"Feature","id":"230040327","geometry":{"type":"Point","coordinates":[-89.08911,18.73697]},"geometry_name":"the_geom","properties":{"CVEGEO":"230040327","NOMGEO":"Veracruz","CVE_ENT":"23","NOM_ENT":"Quintana Roo","AMBITO":"Rural","area_km2":0.336}},{"type":"Feature","id":"230040372","geometry":{"type":"Point","coordinates":[-89.06251,18.76884]},"geometry_name":"the_geom","properties":{"CVEGEO":"230040372","NOMGEO":"California","CVE_ENT":"23","NOM_ENT":"Quintana Roo","AMBITO":"Rural","area_km2":0.045}},{"type":"Feature","id":"230040447","geometry":{"type":"Point","coordinates":[-88.97732,18.70315]},"geometry_name":"the_geom","properties":{"CVEGEO":"230040447","NOMGEO":"El Cedral","CVE_ENT":"23","NOM_ENT":"Quintana Roo","AMBITO":"Rural","area_km2":0.357}},{"type":"Feature","id":"230040605","geometry":{"type":"Point","coordinates":[-89.16117,18.04456]},"geometry_name":"the_geom","properties":{"CVEGEO":"230040605","NOMGEO":"Icaiché","CVE_ENT":"23","NOM_ENT":"Quintana Roo","AMBITO":"Rural","area_km2":0.146}},{"type":"Feature","id":"230040743","geometry":{"type":"Point","coordinates":[-89.198,18.01168]},"geometry_name":"the_geom","properties":{"CVEGEO":"230040743","NOMGEO":"Santa Rosa","CVE_ENT":"23","NOM_ENT":"Quintana Roo","AMBITO":"Rural","area_km2":0.254}},{"type":"Feature","id":"230040800","geometry":{"type":"Point","coordinates":[-88.66355,18.25314]},"geometry_name":"the_geom","properties":{"CVEGEO":"230040800","NOMGEO":"Pedro Joaquín Coldwell","CVE_ENT":"23","NOM_ENT":"Quintana Roo","AMBITO":"Rural","area_km2":1.383}},{"type":"Feature","id":"230040840","geometry":{"type":"Point","coordinates":[-88.41552,18.52388]},"geometry_name":"the_geom","properties":{"CVEGEO":"230040840","NOMGEO":"Parque Industrial","CVE_ENT":"23","NOM_ENT":"Quintana Roo","AMBITO":"Rural","area_km2":0.391}},{"type":"Feature","id":"230041821","geometry":{"type":"Point","coordinates":[-88.3439,18.52517]},"geometry_name":"the_geom","properties":{"CVEGEO":"230041821","NOMGEO":"El Paraíso","CVE_ENT":"23","NOM_ENT":"Quintana Roo","AMBITO":"Rural","area_km2":0.058}},{"type":"Feature","id":"230041907","geometry":{"type":"Point","coordinates":[-88.34005,18.54733]},"geometry_name":"the_geom","properties":{"CVEGEO":"230041907","NOMGEO":"Pericos","CVE_ENT":"23","NOM_ENT":"Quintana Roo","AMBITO":"Rural","area_km2":0.062}},{"type":"Feature","id":"230041909","geometry":{"type":"Point","coordinates":[-88.24931,18.57153]},"geometry_name":"the_geom","properties":{"CVEGEO":"230041909","NOMGEO":"Los Amigos [Rancho]","CVE_ENT":"23","NOM_ENT":"Quintana Roo","AMBITO":"Rural","area_km2":0.076}},{"type":"Feature","id":"230041911","geometry":{"type":"Point","coordinates":[-88.29433,18.55859]},"geometry_name":"the_geom","properties":{"CVEGEO":"230041911","NOMGEO":"El Cielo","CVE_ENT":"23","NOM_ENT":"Quintana Roo","AMBITO":"Rural","area_km2":0.098}},{"type":"Feature","id":"230041916","geometry":{"type":"Point","coordinates":[-88.33371,18.54616]},"geometry_name":"the_geom","properties":{"CVEGEO":"230041916","NOMGEO":"Villas Bugambilias II (Chintok)","CVE_ENT":"23","NOM_ENT":"Quintana Roo","AMBITO":"Rural","area_km2":0.054}},{"type":"Feature","id":"230041987","geometry":{"type":"Point","coordinates":[-88.33376,18.53087]},"geometry_name":"the_geom","properties":{"CVEGEO":"230041987","NOMGEO":"Las Palomas","CVE_ENT":"23","NOM_ENT":"Quintana Roo","AMBITO":"Rural","area_km2":0.132}},{"type":"Feature","id":"230042863","geometry":{"type":"Point","coordinates":[-88.29576,18.55594]},"geometry_name":"the_geom","properties":{"CVEGEO":"230042863","NOMGEO":"El Edén","CVE_ENT":"23","NOM_ENT":"Quintana Roo","AMBITO":"Rural","area_km2":0.277}},{"type":"Feature","id":"230042864","geometry":{"type":"Point","coordinates":[-88.35199,18.53735]},"geometry_name":"the_geom","properties":{"CVEGEO":"230042864","NOMGEO":"Fraternidad Antorchista","CVE_ENT":"23","NOM_ENT":"Quintana Roo","AMBITO":"Rural","area_km2":0.27}},{"type":"Feature","id":"230042865","geometry":{"type":"Point","coordinates":[-88.32834,18.53789]},"geometry_name":"the_geom","properties":{"CVEGEO":"230042865","NOMGEO":"Mártires Antorchistas","CVE_ENT":"23","NOM_ENT":"Quintana Roo","AMBITO":"Rural","area_km2":0.187}},{"type":"Feature","id":"230042866","geometry":{"type":"Point","coordinates":[-88.30196,18.55543]},"geometry_name":"the_geom","properties":{"CVEGEO":"230042866","NOMGEO":"Paraíso","CVE_ENT":"23","NOM_ENT":"Quintana Roo","AMBITO":"Rural","area_km2":0.092}},{"type":"Feature","id":"230043086","geometry":{"type":"Point","coordinates":[-88.34687,18.53401]},"geometry_name":"the_geom","properties":{"CVEGEO":"230043086","NOMGEO":"Pedro García","CVE_ENT":"23","NOM_ENT":"Quintana Roo","AMBITO":"Rural","area_km2":0.145}},{"type":"Feature","id":"230043102","geometry":{"type":"Point","coordinates":[-87.74183,18.68696]},"geometry_name":"the_geom","properties":{"CVEGEO":"230043102","NOMGEO":"Hermanos Flores Magón","CVE_ENT":"23","NOM_ENT":"Quintana Roo","AMBITO":"Rural","area_km2":0.072}},{"type":"Feature","id":"230043212","geometry":{"type":"Point","coordinates":[-88.33036,18.54843]},"geometry_name":"the_geom","properties":{"CVEGEO":"230043212","NOMGEO":"Villas Bugambilias Uno","CVE_ENT":"23","NOM_ENT":"Quintana Roo","AMBITO":"Rural","area_km2":0.05}},{"type":"Feature","id":"230043259","geometry":{"type":"Point","coordinates":[-88.29128,18.55379]},"geometry_name":"the_geom","properties":{"CVEGEO":"230043259","NOMGEO":"Alovera","CVE_ENT":"23","NOM_ENT":"Quintana Roo","AMBITO":"Rural","area_km2":0.216}},{"type":"Feature","id":"230043260","geometry":{"type":"Point","coordinates":[-88.32635,18.53876]},"geometry_name":"the_geom","properties":{"CVEGEO":"230043260","NOMGEO":"El Triunfo","CVE_ENT":"23","NOM_ENT":"Quintana Roo","AMBITO":"Rural","area_km2":0.138}},{"type":"Feature","id":"230043271","geometry":{"type":"Point","coordinates":[-88.29593,18.5512]},"geometry_name":"the_geom","properties":{"CVEGEO":"230043271","NOMGEO":"Los Ángeles","CVE_ENT":"23","NOM_ENT":"Quintana Roo","AMBITO":"Rural","area_km2":0.084}},{"type":"Feature","id":"230043273","geometry":{"type":"Point","coordinates":[-88.3262,18.54283]},"geometry_name":"the_geom","properties":{"CVEGEO":"230043273","NOMGEO":"Rancho Díaz II","CVE_ENT":"23","NOM_ENT":"Quintana Roo","AMBITO":"Rural","area_km2":0.037}},{"type":"Feature","id":"230043278","geometry":{"type":"Point","coordinates":[-88.33853,18.5468]},"geometry_name":"the_geom","properties":{"CVEGEO":"230043278","NOMGEO":"Shekinah la Gloria de Dios","CVE_ENT":"23","NOM_ENT":"Quintana Roo","AMBITO":"Rural","area_km2":0.049}},{"type":"Feature","id":"230043288","geometry":{"type":"Point","coordinates":[-88.32687,18.5448]},"geometry_name":"the_geom","properties":{"CVEGEO":"230043288","NOMGEO":"San José","CVE_ENT":"23","NOM_ENT":"Quintana Roo","AMBITO":"Rural","area_km2":0.019}},{"type":"Feature","id":"230050001","geometry":{"type":"Point","coordinates":[-86.87212,21.14081]},"geometry_name":"the_geom","properties":{"CVEGEO":"230050001","NOMGEO":"Cancún","CVE_ENT":"23","NOM_ENT":"Quintana Roo","AMBITO":"Urbana","area_km2":151.804}},{"type":"Feature","id":"230050002","geometry":{"type":"Point","coordinates":[-86.85495,21.08323]},"geometry_name":"the_geom","properties":{"CVEGEO":"230050002","NOMGEO":"Alfredo V. Bonfil","CVE_ENT":"23","NOM_ENT":"Quintana Roo","AMBITO":"Urbana","area_km2":10.278}},{"type":"Feature","id":"230050484","geometry":{"type":"Point","coordinates":[-86.85226,21.04469]},"geometry_name":"the_geom","properties":{"CVEGEO":"230050484","NOMGEO":"Central de Abasto","CVE_ENT":"23","NOM_ENT":"Quintana Roo","AMBITO":"Rural","area_km2":0.182}},{"type":"Feature","id":"230050531","geometry":{"type":"Point","coordinates":[-86.85567,21.05509]},"geometry_name":"the_geom","properties":{"CVEGEO":"230050531","NOMGEO":"Lagos del Sol","CVE_ENT":"23","NOM_ENT":"Quintana Roo","AMBITO":"Rural","area_km2":1.922}},{"type":"Feature","id":"230050770","geometry":{"type":"Point","coordinates":[-86.8684,20.98341]},"geometry_name":"the_geom","properties":{"CVEGEO":"230050770","NOMGEO":"Moon Palace [Centro de Distribución]","CVE_ENT":"23","NOM_ENT":"Quintana Roo","AMBITO":"Rural","area_km2":0.185}},{"type":"Feature","id":"230050829","geometry":{"type":"Point","coordinates":[-86.88814,21.01404]},"geometry_name":"the_geom","properties":{"CVEGEO":"230050829","NOMGEO":"Kulkana","CVE_ENT":"23","NOM_ENT":"Quintana Roo","AMBITO":"Rural","area_km2":0.121}},{"type":"Feature","id":"230050929","geometry":{"type":"Point","coordinates":[-86.84121,20.98308]},"geometry_name":"the_geom","properties":{"CVEGEO":"230050929","NOMGEO":"Moon Palace","CVE_ENT":"23","NOM_ENT":"Quintana Roo","AMBITO":"Rural","area_km2":4.775}},{"type":"Feature","id":"230051140","geometry":{"type":"Point","coordinates":[-87.00754,21.07298]},"geometry_name":"the_geom","properties":{"CVEGEO":"230051140","NOMGEO":"Colonia Chiapaneca Siglo XXI","CVE_ENT":"23","NOM_ENT":"Quintana Roo","AMBITO":"Rural","area_km2":0.784}},{"type":"Feature","id":"230051156","geometry":{"type":"Point","coordinates":[-87.00042,21.07654]},"geometry_name":"the_geom","properties":{"CVEGEO":"230051156","NOMGEO":"El Porvenir","CVE_ENT":"23","NOM_ENT":"Quintana Roo","AMBITO":"Rural","area_km2":0.876}},{"type":"Feature","id":"230051388","geometry":{"type":"Point","coordinates":[-86.94496,21.06326]},"geometry_name":"the_geom","properties":{"CVEGEO":"230051388","NOMGEO":"Nuevo Amanecer","CVE_ENT":"23","NOM_ENT":"Quintana Roo","AMBITO":"Rural","area_km2":0.53}},{"type":"Feature","id":"230051415","geometry":{"type":"Point","coordinates":[-86.87131,21.00446]},"geometry_name":"the_geom","properties":{"CVEGEO":"230051415","NOMGEO":"Cancún Country Club","CVE_ENT":"23","NOM_ENT":"Quintana Roo","AMBITO":"Rural","area_km2":4.672}},{"type":"Feature","id":"230051614","geometry":{"type":"Point","coordinates":[-86.85923,21.04738]},"geometry_name":"the_geom","properties":{"CVEGEO":"230051614","NOMGEO":"Santa Anna [Parque Industrial]","CVE_ENT":"23","NOM_ENT":"Quintana Roo","AMBITO":"Rural","area_km2":0.793}},{"type":"Feature","id":"230060001","geometry":{"type":"Point","coordinates":[-88.82869,19.41796]},"geometry_name":"the_geom","properties":{"CVEGEO":"230060001","NOMGEO":"Adolfo de la Huerta","CVE_ENT":"23","NOM_ENT":"Quintana Roo","AMBITO":"Rural","area_km2":0.061}},{"type":"Feature","id":"230060003","geometry":{"type":"Point","coordinates":[-88.68735,19.6328]},"geometry_name":"the_geom","properties":{"CVEGEO":"230060003","NOMGEO":"Adolfo López Mateos","CVE_ENT":"23","NOM_ENT":"Quintana Roo","AMBITO":"Rural","area_km2":0.171}},{"type":"Feature","id":"230060004","geometry":{"type":"Point","coordinates":[-89.0568,19.60598]},"geometry_name":"the_geom","properties":{"CVEGEO":"230060004","NOMGEO":"La Carolina","CVE_ENT":"23","NOM_ENT":"Quintana Roo","AMBITO":"Rural","area_km2":0.082}},{"type":"Feature","id":"230060010","geometry":{"type":"Point","coordinates":[-88.77051,19.71084]},"geometry_name":"the_geom","properties":{"CVEGEO":"230060010","NOMGEO":"Benito Juárez","CVE_ENT":"23","NOM_ENT":"Quintana Roo","AMBITO":"Rural","area_km2":0.059}},{"type":"Feature","id":"230060014","geometry":{"type":"Point","coordinates":[-88.77222,19.9634]},"geometry_name":"the_geom","properties":{"CVEGEO":"230060014","NOMGEO":"Bulukax","CVE_ENT":"23","NOM_ENT":"Quintana Roo","AMBITO":"Rural","area_km2":0.397}},{"type":"Feature","id":"230060015","geometry":{"type":"Point","coordinates":[-88.82221,19.71623]},"geometry_name":"the_geom","properties":{"CVEGEO":"230060015","NOMGEO":"Cafetal Grande","CVE_ENT":"23","NOM_ENT":"Quintana Roo","AMBITO":"Rural","area_km2":0.15}},{"type":"Feature","id":"230060016","geometry":{"type":"Point","coordinates":[-88.79914,19.72699]},"geometry_name":"the_geom","properties":{"CVEGEO":"230060016","NOMGEO":"Cafetalito","CVE_ENT":"23","NOM_ENT":"Quintana Roo","AMBITO":"Rural","area_km2":0.214}},{"type":"Feature","id":"230060018","geometry":{"type":"Point","coordinates":[-88.95802,19.73746]},"geometry_name":"the_geom","properties":{"CVEGEO":"230060018","NOMGEO":"Candelaria","CVE_ENT":"23","NOM_ENT":"Quintana Roo","AMBITO":"Rural","area_km2":0.577}},{"type":"Feature","id":"230060026","geometry":{"type":"Point","coordinates":[-88.78457,19.64288]},"geometry_name":"the_geom","properties":{"CVEGEO":"230060026","NOMGEO":"El Naranjal","CVE_ENT":"23","NOM_ENT":"Quintana Roo","AMBITO":"Rural","area_km2":0.347}},{"type":"Feature","id":"230060027","geometry":{"type":"Point","coordinates":[-89.00488,19.62076]},"geometry_name":"the_geom","properties":{"CVEGEO":"230060027","NOMGEO":"Othón P. Blanco","CVE_ENT":"23","NOM_ENT":"Quintana Roo","AMBITO":"Rural","area_km2":0.422}},{"type":"Feature","id":"230060035","geometry":{"type":"Point","coordinates":[-88.53734,20.03464]},"geometry_name":"the_geom","properties":{"CVEGEO":"230060035","NOMGEO":"Sabán","CVE_ENT":"23","NOM_ENT":"Quintana Roo","AMBITO":"Rural","area_km2":1.562}},{"type":"Feature","id":"230060036","geometry":{"type":"Point","coordinates":[-89.07722,19.54869]},"geometry_name":"the_geom","properties":{"CVEGEO":"230060036","NOMGEO":"Sabana San Francisco","CVE_ENT":"23","NOM_ENT":"Quintana Roo","AMBITO":"Rural","area_km2":0.118}},{"type":"Feature","id":"230060038","geometry":{"type":"Point","coordinates":[-88.97779,19.78471]},"geometry_name":"the_geom","properties":{"CVEGEO":"230060038","NOMGEO":"Saczuquil","CVE_ENT":"23","NOM_ENT":"Quintana Roo","AMBITO":"Rural","area_km2":0.2}},{"type":"Feature","id":"230060039","geometry":{"type":"Point","coordinates":[-88.9393,19.63369]},"geometry_name":"the_geom","properties":{"CVEGEO":"230060039","NOMGEO":"San Carlos","CVE_ENT":"23","NOM_ENT":"Quintana Roo","AMBITO":"Rural","area_km2":0.047}},{"type":"Feature","id":"230060040","geometry":{"type":"Point","coordinates":[-88.73012,19.84583]},"geometry_name":"the_geom","properties":{"CVEGEO":"230060040","NOMGEO":"San Diego","CVE_ENT":"23","NOM_ENT":"Quintana Roo","AMBITO":"Rural","area_km2":0.401}},{"type":"Feature","id":"230060048","geometry":{"type":"Point","coordinates":[-88.69833,19.66602]},"geometry_name":"the_geom","properties":{"CVEGEO":"230060048","NOMGEO":"Dos Aguadas","CVE_ENT":"23","NOM_ENT":"Quintana Roo","AMBITO":"Rural","area_km2":0.036}},{"type":"Feature","id":"230060051","geometry":{"type":"Point","coordinates":[-88.80734,19.898]},"geometry_name":"the_geom","properties":{"CVEGEO":"230060051","NOMGEO":"Dziuché","CVE_ENT":"23","NOM_ENT":"Quintana Roo","AMBITO":"Urbana","area_km2":2.596}},{"type":"Feature","id":"230060057","geometry":{"type":"Point","coordinates":[-88.58577,19.86467]},"geometry_name":"the_geom","properties":{"CVEGEO":"230060057","NOMGEO":"La Esperanza","CVE_ENT":"23","NOM_ENT":"Quintana Roo","AMBITO":"Rural","area_km2":0.331}},{"type":"Feature","id":"230060061","geometry":{"type":"Point","coordinates":[-88.75308,19.49132]},"geometry_name":"the_geom","properties":{"CVEGEO":"230060061","NOMGEO":"Gavilanes","CVE_ENT":"23","NOM_ENT":"Quintana Roo","AMBITO":"Rural","area_km2":0.271}},{"type":"Feature","id":"230060067","geometry":{"type":"Point","coordinates":[-88.52747,20.0424]},"geometry_name":"the_geom","properties":{"CVEGEO":"230060067","NOMGEO":"Huay Max","CVE_ENT":"23","NOM_ENT":"Quintana Roo","AMBITO":"Rural","area_km2":0.884}},{"type":"Feature","id":"230060069","geometry":{"type":"Point","coordinates":[-88.70836,19.75]},"geometry_name":"the_geom","properties":{"CVEGEO":"230060069","NOMGEO":"José María Morelos","CVE_ENT":"23","NOM_ENT":"Quintana Roo","AMBITO":"Urbana","area_km2":6.304}},{"type":"Feature","id":"230060070","geometry":{"type":"Point","coordinates":[-88.61691,20.13261]},"geometry_name":"the_geom","properties":{"CVEGEO":"230060070","NOMGEO":"X-Querol","CVE_ENT":"23","NOM_ENT":"Quintana Roo","AMBITO":"Rural","area_km2":0.015}},{"type":"Feature","id":"230060071","geometry":{"type":"Point","coordinates":[-88.88936,19.51323]},"geometry_name":"the_geom","properties":{"CVEGEO":"230060071","NOMGEO":"Zafarrancho","CVE_ENT":"23","NOM_ENT":"Quintana Roo","AMBITO":"Rural","area_km2":0.238}},{"type":"Feature","id":"230060076","geometry":{"type":"Point","coordinates":[-88.80511,19.92991]},"geometry_name":"the_geom","properties":{"CVEGEO":"230060076","NOMGEO":"Kantemó","CVE_ENT":"23","NOM_ENT":"Quintana Roo","AMBITO":"Rural","area_km2":0.112}},{"type":"Feature","id":"230060090","geometry":{"type":"Point","coordinates":[-88.70709,19.59526]},"geometry_name":"the_geom","properties":{"CVEGEO":"230060090","NOMGEO":"Lázaro Cárdenas","CVE_ENT":"23","NOM_ENT":"Quintana Roo","AMBITO":"Rural","area_km2":0.231}},{"type":"Feature","id":"230060100","geometry":{"type":"Point","coordinates":[-88.83607,19.64085]},"geometry_name":"the_geom","properties":{"CVEGEO":"230060100","NOMGEO":"El Martirio","CVE_ENT":"23","NOM_ENT":"Quintana Roo","AMBITO":"Rural","area_km2":0.063}},{"type":"Feature","id":"230060117","geometry":{"type":"Point","coordinates":[-88.7368,19.5342]},"geometry_name":"the_geom","properties":{"CVEGEO":"230060117","NOMGEO":"Pedro Moreno","CVE_ENT":"23","NOM_ENT":"Quintana Roo","AMBITO":"Rural","area_km2":0.025}},{"type":"Feature","id":"230060130","geometry":{"type":"Point","coordinates":[-88.89099,19.61614]},"geometry_name":"the_geom","properties":{"CVEGEO":"230060130","NOMGEO":"Pozo Pirata","CVE_ENT":"23","NOM_ENT":"Quintana Roo","AMBITO":"Rural","area_km2":0.109}},{"type":"Feature","id":"230060133","geometry":{"type":"Point","coordinates":[-88.75279,19.80038]},"geometry_name":"the_geom","properties":{"CVEGEO":"230060133","NOMGEO":"La Presumida","CVE_ENT":"23","NOM_ENT":"Quintana Roo","AMBITO":"Rural","area_km2":0.907}},{"type":"Feature","id":"230060135","geometry":{"type":"Point","coordinates":[-89.06655,19.65955]},"geometry_name":"the_geom","properties":{"CVEGEO":"230060135","NOMGEO":"Puerto Arturo","CVE_ENT":"23","NOM_ENT":"Quintana Roo","AMBITO":"Rural","area_km2":0.306}},{"type":"Feature","id":"230060141","geometry":{"type":"Point","coordinates":[-88.85692,19.79971]},"geometry_name":"the_geom","properties":{"CVEGEO":"230060141","NOMGEO":"Nueva Reforma","CVE_ENT":"23","NOM_ENT":"Quintana Roo","AMBITO":"Rural","area_km2":0.262}},{"type":"Feature","id":"230060146","geometry":{"type":"Point","coordinates":[-88.59627,20.06241]},"geometry_name":"the_geom","properties":{"CVEGEO":"230060146","NOMGEO":"Sacalaca","CVE_ENT":"23","NOM_ENT":"Quintana Roo","AMBITO":"Rural","area_km2":0.756}},{"type":"Feature","id":"230060153","geometry":{"type":"Point","coordinates":[-88.5471,19.78344]},"geometry_name":"the_geom","properties":{"CVEGEO":"230060153","NOMGEO":"San Antonio Tuk","CVE_ENT":"23","NOM_ENT":"Quintana Roo","AMBITO":"Rural","area_km2":0.089}},{"type":"Feature","id":"230060167","geometry":{"type":"Point","coordinates":[-88.8325,19.81261]},"geometry_name":"the_geom","properties":{"CVEGEO":"230060167","NOMGEO":"San Felipe Primero","CVE_ENT":"23","NOM_ENT":"Quintana Roo","AMBITO":"Rural","area_km2":0.4}},{"type":"Feature","id":"230060168","geometry":{"type":"Point","coordinates":[-88.89147,19.82845]},"geometry_name":"the_geom","properties":{"CVEGEO":"230060168","NOMGEO":"San Felipe Segundo","CVE_ENT":"23","NOM_ENT":"Quintana Roo","AMBITO":"Rural","area_km2":0.047}},{"type":"Feature","id":"230060170","geometry":{"type":"Point","coordinates":[-88.62654,19.97632]},"geometry_name":"the_geom","properties":{"CVEGEO":"230060170","NOMGEO":"San Felipe Oriente","CVE_ENT":"23","NOM_ENT":"Quintana Roo","AMBITO":"Rural","area_km2":0.132}},{"type":"Feature","id":"230060195","geometry":{"type":"Point","coordinates":[-88.77922,19.84211]},"geometry_name":"the_geom","properties":{"CVEGEO":"230060195","NOMGEO":"Nuevo San Marcos","CVE_ENT":"23","NOM_ENT":"Quintana Roo","AMBITO":"Rural","area_km2":0.151}},{"type":"Feature","id":"230060217","geometry":{"type":"Point","coordinates":[-88.77284,19.79944]},"geometry_name":"the_geom","properties":{"CVEGEO":"230060217","NOMGEO":"Santa Gertrudis","CVE_ENT":"23","NOM_ENT":"Quintana Roo","AMBITO":"Rural","area_km2":0.545}},{"type":"Feature","id":"230060241","geometry":{"type":"Point","coordinates":[-88.68504,19.97835]},"geometry_name":"the_geom","properties":{"CVEGEO":"230060241","NOMGEO":"Tabasco","CVE_ENT":"23","NOM_ENT":"Quintana Roo","AMBITO":"Rural","area_km2":0.177}},{"type":"Feature","id":"230060272","geometry":{"type":"Point","coordinates":[-88.46399,20.16497]},"geometry_name":"the_geom","properties":{"CVEGEO":"230060272","NOMGEO":"X-Cabil","CVE_ENT":"23","NOM_ENT":"Quintana Roo","AMBITO":"Rural","area_km2":0.353}},{"type":"Feature","id":"230060278","geometry":{"type":"Point","coordinates":[-88.86134,19.71541]},"geometry_name":"the_geom","properties":{"CVEGEO":"230060278","NOMGEO":"Kancabchén","CVE_ENT":"23","NOM_ENT":"Quintana Roo","AMBITO":"Rural","area_km2":0.74}},{"type":"Feature","id":"230060287","geometry":{"type":"Point","coordinates":[-88.78518,19.59397]},"geometry_name":"the_geom","properties":{"CVEGEO":"230060287","NOMGEO":"Insurgentes","CVE_ENT":"23","NOM_ENT":"Quintana Roo","AMBITO":"Rural","area_km2":0.026}},{"type":"Feature","id":"230060296","geometry":{"type":"Point","coordinates":[-88.78751,19.30838]},"geometry_name":"the_geom","properties":{"CVEGEO":"230060296","NOMGEO":"Plan de la Noria Poniente","CVE_ENT":"23","NOM_ENT":"Quintana Roo","AMBITO":"Rural","area_km2":0.143}},{"type":"Feature","id":"230060308","geometry":{"type":"Point","coordinates":[-88.88805,19.33067]},"geometry_name":"the_geom","properties":{"CVEGEO":"230060308","NOMGEO":"San Isidro Poniente","CVE_ENT":"23","NOM_ENT":"Quintana Roo","AMBITO":"Rural","area_km2":0.157}},{"type":"Feature","id":"230060330","geometry":{"type":"Point","coordinates":[-88.76454,19.42539]},"geometry_name":"the_geom","properties":{"CVEGEO":"230060330","NOMGEO":"El Triunfo","CVE_ENT":"23","NOM_ENT":"Quintana Roo","AMBITO":"Rural","area_km2":0.077}},{"type":"Feature","id":"230060331","geometry":{"type":"Point","coordinates":[-88.75679,19.27367]},"geometry_name":"the_geom","properties":{"CVEGEO":"230060331","NOMGEO":"Venustiano Carranza","CVE_ENT":"23","NOM_ENT":"Quintana Roo","AMBITO":"Rural","area_km2":0.171}},{"type":"Feature","id":"230060357","geometry":{"type":"Point","coordinates":[-88.67034,19.5041]},"geometry_name":"the_geom","properties":{"CVEGEO":"230060357","NOMGEO":"La Pimientita","CVE_ENT":"23","NOM_ENT":"Quintana Roo","AMBITO":"Rural","area_km2":0.119}},{"type":"Feature","id":"230060378","geometry":{"type":"Point","coordinates":[-88.60999,20.01849]},"geometry_name":"the_geom","properties":{"CVEGEO":"230060378","NOMGEO":"San Juan Oriente","CVE_ENT":"23","NOM_ENT":"Quintana Roo","AMBITO":"Rural","area_km2":0.037}},{"type":"Feature","id":"230060412","geometry":{"type":"Point","coordinates":[-89.16528,19.60699]},"geometry_name":"the_geom","properties":{"CVEGEO":"230060412","NOMGEO":"Xnoh Cruz","CVE_ENT":"23","NOM_ENT":"Quintana Roo","AMBITO":"Rural","area_km2":0.074}},{"type":"Feature","id":"230060414","geometry":{"type":"Point","coordinates":[-88.63987,19.28847]},"geometry_name":"the_geom","properties":{"CVEGEO":"230060414","NOMGEO":"Nuevo Plan de la Noria","CVE_ENT":"23","NOM_ENT":"Quintana Roo","AMBITO":"Rural","area_km2":0.076}},{"type":"Feature","id":"230060425","geometry":{"type":"Point","coordinates":[-89.01919,19.44351]},"geometry_name":"the_geom","properties":{"CVEGEO":"230060425","NOMGEO":"Aguada la Presumida","CVE_ENT":"23","NOM_ENT":"Quintana Roo","AMBITO":"Rural","area_km2":0.028}},{"type":"Feature","id":"230070001","geometry":{"type":"Point","coordinates":[-87.48749,21.10176]},"geometry_name":"the_geom","properties":{"CVEGEO":"230070001","NOMGEO":"Kantunilkín","CVE_ENT":"23","NOM_ENT":"Quintana Roo","AMBITO":"Urbana","area_km2":4.556}},{"type":"Feature","id":"230070002","geometry":{"type":"Point","coordinates":[-87.32594,20.85756]},"geometry_name":"the_geom","properties":{"CVEGEO":"230070002","NOMGEO":"Agua Azul","CVE_ENT":"23","NOM_ENT":"Quintana Roo","AMBITO":"Rural","area_km2":0.309}},{"type":"Feature","id":"230070005","geometry":{"type":"Point","coordinates":[-87.55097,20.95042]},"geometry_name":"the_geom","properties":{"CVEGEO":"230070005","NOMGEO":"El Cedral","CVE_ENT":"23","NOM_ENT":"Quintana Roo","AMBITO":"Rural","area_km2":0.397}},{"type":"Feature","id":"230070007","geometry":{"type":"Point","coordinates":[-87.34663,20.93511]},"geometry_name":"the_geom","properties":{"CVEGEO":"230070007","NOMGEO":"Cristóbal Colón","CVE_ENT":"23","NOM_ENT":"Quintana Roo","AMBITO":"Rural","area_km2":0.136}},{"type":"Feature","id":"230070008","geometry":{"type":"Point","coordinates":[-87.3395,21.42816]},"geometry_name":"the_geom","properties":{"CVEGEO":"230070008","NOMGEO":"Chiquilá","CVE_ENT":"23","NOM_ENT":"Quintana Roo","AMBITO":"Rural","area_km2":0.752}},{"type":"Feature","id":"230070010","geometry":{"type":"Point","coordinates":[-87.3961,20.97214]},"geometry_name":"the_geom","properties":{"CVEGEO":"230070010","NOMGEO":"Esperanza","CVE_ENT":"23","NOM_ENT":"Quintana Roo","AMBITO":"Rural","area_km2":0.179}},{"type":"Feature","id":"230070011","geometry":{"type":"Point","coordinates":[-87.25291,20.77253]},"geometry_name":"the_geom","properties":{"CVEGEO":"230070011","NOMGEO":"Héroe de Nacozari","CVE_ENT":"23","NOM_ENT":"Quintana Roo","AMBITO":"Rural","area_km2":0.312}},{"type":"Feature","id":"230070012","geometry":{"type":"Point","coordinates":[-87.38189,21.52035]},"geometry_name":"the_geom","properties":{"CVEGEO":"230070012","NOMGEO":"Holbox","CVE_ENT":"23","NOM_ENT":"Quintana Roo","AMBITO":"Rural","area_km2":1.581}},{"type":"Feature","id":"230070013","geometry":{"type":"Point","coordinates":[-87.54638,20.88133]},"geometry_name":"the_geom","properties":{"CVEGEO":"230070013","NOMGEO":"El Ideal","CVE_ENT":"23","NOM_ENT":"Quintana Roo","AMBITO":"Rural","area_km2":0.315}},{"type":"Feature","id":"230070014","geometry":{"type":"Point","coordinates":[-87.32992,20.82178]},"geometry_name":"the_geom","properties":{"CVEGEO":"230070014","NOMGEO":"Juárez","CVE_ENT":"23","NOM_ENT":"Quintana Roo","AMBITO":"Rural","area_km2":0.167}},{"type":"Feature","id":"230070015","geometry":{"type":"Point","coordinates":[-87.4776,20.80394]},"geometry_name":"the_geom","properties":{"CVEGEO":"230070015","NOMGEO":"El Naranjal","CVE_ENT":"23","NOM_ENT":"Quintana Roo","AMBITO":"Rural","area_km2":0.112}},{"type":"Feature","id":"230070017","geometry":{"type":"Point","coordinates":[-87.58429,20.72185]},"geometry_name":"the_geom","properties":{"CVEGEO":"230070017","NOMGEO":"Nuevo Durango","CVE_ENT":"23","NOM_ENT":"Quintana Roo","AMBITO":"Rural","area_km2":0.05}},{"type":"Feature","id":"230070018","geometry":{"type":"Point","coordinates":[-87.6024,20.8694]},"geometry_name":"the_geom","properties":{"CVEGEO":"230070018","NOMGEO":"Nuevo Xcán","CVE_ENT":"23","NOM_ENT":"Quintana Roo","AMBITO":"Rural","area_km2":0.624}},{"type":"Feature","id":"230070023","geometry":{"type":"Point","coordinates":[-87.433,21.23542]},"geometry_name":"the_geom","properties":{"CVEGEO":"230070023","NOMGEO":"San Ángel","CVE_ENT":"23","NOM_ENT":"Quintana Roo","AMBITO":"Rural","area_km2":0.703}},{"type":"Feature","id":"230070025","geometry":{"type":"Point","coordinates":[-87.50507,20.80796]},"geometry_name":"the_geom","properties":{"CVEGEO":"230070025","NOMGEO":"San Cosme","CVE_ENT":"23","NOM_ENT":"Quintana Roo","AMBITO":"Rural","area_km2":0.25}},{"type":"Feature","id":"230070028","geometry":{"type":"Point","coordinates":[-87.50377,20.82045]},"geometry_name":"the_geom","properties":{"CVEGEO":"230070028","NOMGEO":"San Francisco","CVE_ENT":"23","NOM_ENT":"Quintana Roo","AMBITO":"Rural","area_km2":0.379}},{"type":"Feature","id":"230070030","geometry":{"type":"Point","coordinates":[-87.54913,20.76919]},"geometry_name":"the_geom","properties":{"CVEGEO":"230070030","NOMGEO":"San Juan de Dios","CVE_ENT":"23","NOM_ENT":"Quintana Roo","AMBITO":"Rural","area_km2":0.18}},{"type":"Feature","id":"230070031","geometry":{"type":"Point","coordinates":[-87.25655,20.8489]},"geometry_name":"the_geom","properties":{"CVEGEO":"230070031","NOMGEO":"San Lorenzo","CVE_ENT":"23","NOM_ENT":"Quintana Roo","AMBITO":"Rural","area_km2":0.021}},{"type":"Feature","id":"230070033","geometry":{"type":"Point","coordinates":[-87.28139,20.82959]},"geometry_name":"the_geom","properties":{"CVEGEO":"230070033","NOMGEO":"San Martiniano","CVE_ENT":"23","NOM_ENT":"Quintana Roo","AMBITO":"Rural","area_km2":0.053}},{"type":"Feature","id":"230070035","geometry":{"type":"Point","coordinates":[-87.46458,20.86014]},"geometry_name":"the_geom","properties":{"CVEGEO":"230070035","NOMGEO":"San Román","CVE_ENT":"23","NOM_ENT":"Quintana Roo","AMBITO":"Rural","area_km2":0.035}},{"type":"Feature","id":"230070038","geometry":{"type":"Point","coordinates":[-87.42892,21.35162]},"geometry_name":"the_geom","properties":{"CVEGEO":"230070038","NOMGEO":"Solferino","CVE_ENT":"23","NOM_ENT":"Quintana Roo","AMBITO":"Rural","area_km2":0.746}},{"type":"Feature","id":"230070039","geometry":{"type":"Point","coordinates":[-87.46659,20.89238]},"geometry_name":"the_geom","properties":{"CVEGEO":"230070039","NOMGEO":"El Tintal","CVE_ENT":"23","NOM_ENT":"Quintana Roo","AMBITO":"Rural","area_km2":0.287}},{"type":"Feature","id":"230070040","geometry":{"type":"Point","coordinates":[-87.59455,20.69409]},"geometry_name":"the_geom","properties":{"CVEGEO":"230070040","NOMGEO":"Tres Reyes","CVE_ENT":"23","NOM_ENT":"Quintana Roo","AMBITO":"Rural","area_km2":0.202}},{"type":"Feature","id":"230070041","geometry":{"type":"Point","coordinates":[-87.32617,20.94344]},"geometry_name":"the_geom","properties":{"CVEGEO":"230070041","NOMGEO":"Nuevo Valladolid","CVE_ENT":"23","NOM_ENT":"Quintana Roo","AMBITO":"Rural","area_km2":0.526}},{"type":"Feature","id":"230070043","geometry":{"type":"Point","coordinates":[-87.52485,20.88145]},"geometry_name":"the_geom","properties":{"CVEGEO":"230070043","NOMGEO":"Ignacio Zaragoza","CVE_ENT":"23","NOM_ENT":"Quintana Roo","AMBITO":"Rural","area_km2":1.038}},{"type":"Feature","id":"230070139","geometry":{"type":"Point","coordinates":[-87.58899,20.63577]},"geometry_name":"the_geom","properties":{"CVEGEO":"230070139","NOMGEO":"Pacchen","CVE_ENT":"23","NOM_ENT":"Quintana Roo","AMBITO":"Rural","area_km2":0.05}},{"type":"Feature","id":"230070179","geometry":{"type":"Point","coordinates":[-87.49189,20.98293]},"geometry_name":"the_geom","properties":{"CVEGEO":"230070179","NOMGEO":"Vicente Guerrero","CVE_ENT":"23","NOM_ENT":"Quintana Roo","AMBITO":"Rural","area_km2":0.276}},{"type":"Feature","id":"230070194","geometry":{"type":"Point","coordinates":[-87.38398,20.92022]},"geometry_name":"the_geom","properties":{"CVEGEO":"230070194","NOMGEO":"Santo Domingo","CVE_ENT":"23","NOM_ENT":"Quintana Roo","AMBITO":"Rural","area_km2":0.085}},{"type":"Feature","id":"230080001","geometry":{"type":"Point","coordinates":[-87.07887,20.65548]},"geometry_name":"the_geom","properties":{"CVEGEO":"230080001","NOMGEO":"Playa del Carmen","CVE_ENT":"23","NOM_ENT":"Quintana Roo","AMBITO":"Urbana","area_km2":57.049}},{"type":"Feature","id":"230080100","geometry":{"type":"Point","coordinates":[-86.95645,20.76785]},"geometry_name":"the_geom","properties":{"CVEGEO":"230080100","NOMGEO":"Mayan Palace","CVE_ENT":"23","NOM_ENT":"Quintana Roo","AMBITO":"Rural","area_km2":1.163}},{"type":"Feature","id":"230080111","geometry":{"type":"Point","coordinates":[-86.95255,20.77184]},"geometry_name":"the_geom","properties":{"CVEGEO":"230080111","NOMGEO":"Valentín Maya Resort","CVE_ENT":"23","NOM_ENT":"Quintana Roo","AMBITO":"Rural","area_km2":0.494}},{"type":"Feature","id":"230080157","geometry":{"type":"Point","coordinates":[-87.02262,20.69543]},"geometry_name":"the_geom","properties":{"CVEGEO":"230080157","NOMGEO":"Blue Diamond [Hotel]","CVE_ENT":"23","NOM_ENT":"Quintana Roo","AMBITO":"Rural","area_km2":0.153}},{"type":"Feature","id":"230080200","geometry":{"type":"Point","coordinates":[-86.94351,20.77823]},"geometry_name":"the_geom","properties":{"CVEGEO":"230080200","NOMGEO":"Playa del Secreto","CVE_ENT":"23","NOM_ENT":"Quintana Roo","AMBITO":"Rural","area_km2":0.119}},{"type":"Feature","id":"230080201","geometry":{"type":"Point","coordinates":[-86.96728,20.76196]},"geometry_name":"the_geom","properties":{"CVEGEO":"230080201","NOMGEO":"Iberostar","CVE_ENT":"23","NOM_ENT":"Quintana Roo","AMBITO":"Rural","area_km2":1.605}},{"type":"Feature","id":"230080217","geometry":{"type":"Point","coordinates":[-86.97274,20.74099]},"geometry_name":"the_geom","properties":{"CVEGEO":"230080217","NOMGEO":"Punta Maroma","CVE_ENT":"23","NOM_ENT":"Quintana Roo","AMBITO":"Rural","area_km2":1.128}},{"type":"Feature","id":"230080230","geometry":{"type":"Point","coordinates":[-87.19889,20.52794]},"geometry_name":"the_geom","properties":{"CVEGEO":"230080230","NOMGEO":"San Francisco","CVE_ENT":"23","NOM_ENT":"Quintana Roo","AMBITO":"Rural","area_km2":0.13}},{"type":"Feature","id":"230080231","geometry":{"type":"Point","coordinates":[-87.2624,20.47126]},"geometry_name":"the_geom","properties":{"CVEGEO":"230080231","NOMGEO":"Club Tulum Palace","CVE_ENT":"23","NOM_ENT":"Quintana Roo","AMBITO":"Rural","area_km2":0.475}},{"type":"Feature","id":"230080241","geometry":{"type":"Point","coordinates":[-87.30263,20.42877]},"geometry_name":"the_geom","properties":{"CVEGEO":"230080241","NOMGEO":"San Antonio","CVE_ENT":"23","NOM_ENT":"Quintana Roo","AMBITO":"Rural","area_km2":0.016}},{"type":"Feature","id":"230080265","geometry":{"type":"Point","coordinates":[-87.25025,20.49099]},"geometry_name":"the_geom","properties":{"CVEGEO":"230080265","NOMGEO":"San José","CVE_ENT":"23","NOM_ENT":"Quintana Roo","AMBITO":"Rural","area_km2":0.111}},{"type":"Feature","id":"230080285","geometry":{"type":"Point","coordinates":[-87.28818,20.44138]},"geometry_name":"the_geom","properties":{"CVEGEO":"230080285","NOMGEO":"Grand Palladium","CVE_ENT":"23","NOM_ENT":"Quintana Roo","AMBITO":"Rural","area_km2":0.845}},{"type":"Feature","id":"230080308","geometry":{"type":"Point","coordinates":[-87.22914,20.50715]},"geometry_name":"the_geom","properties":{"CVEGEO":"230080308","NOMGEO":"Puerto Aventuras","CVE_ENT":"23","NOM_ENT":"Quintana Roo","AMBITO":"Urbana","area_km2":3.412}},{"type":"Feature","id":"230080345","geometry":{"type":"Point","coordinates":[-87.25752,20.47724]},"geometry_name":"the_geom","properties":{"CVEGEO":"230080345","NOMGEO":"Xpu Ha","CVE_ENT":"23","NOM_ENT":"Quintana Roo","AMBITO":"Rural","area_km2":0.66}},{"type":"Feature","id":"230080370","geometry":{"type":"Point","coordinates":[-87.10985,20.72981]},"geometry_name":"the_geom","properties":{"CVEGEO":"230080370","NOMGEO":"Arbolada II","CVE_ENT":"23","NOM_ENT":"Quintana Roo","AMBITO":"Rural","area_km2":0.164}},{"type":"Feature","id":"230080382","geometry":{"type":"Point","coordinates":[-87.24307,20.49015]},"geometry_name":"the_geom","properties":{"CVEGEO":"230080382","NOMGEO":"Barceló Maya","CVE_ENT":"23","NOM_ENT":"Quintana Roo","AMBITO":"Rural","area_km2":0.945}},{"type":"Feature","id":"230080384","geometry":{"type":"Point","coordinates":[-87.01996,20.70006]},"geometry_name":"the_geom","properties":{"CVEGEO":"230080384","NOMGEO":"Ocean Maya Royale","CVE_ENT":"23","NOM_ENT":"Quintana Roo","AMBITO":"Rural","area_km2":0.364}},{"type":"Feature","id":"230080416","geometry":{"type":"Point","coordinates":[-87.12194,20.59985]},"geometry_name":"the_geom","properties":{"CVEGEO":"230080416","NOMGEO":"Guadalupano","CVE_ENT":"23","NOM_ENT":"Quintana Roo","AMBITO":"Rural","area_km2":0.135}},{"type":"Feature","id":"230080483","geometry":{"type":"Point","coordinates":[-87.31058,20.42562]},"geometry_name":"the_geom","properties":{"CVEGEO":"230080483","NOMGEO":"San Martín","CVE_ENT":"23","NOM_ENT":"Quintana Roo","AMBITO":"Rural","area_km2":0.188}},{"type":"Feature","id":"230080496","geometry":{"type":"Point","coordinates":[-87.01359,20.71024]},"geometry_name":"the_geom","properties":{"CVEGEO":"230080496","NOMGEO":"Tres Ríos","CVE_ENT":"23","NOM_ENT":"Quintana Roo","AMBITO":"Rural","area_km2":0.365}},{"type":"Feature","id":"230080554","geometry":{"type":"Point","coordinates":[-87.09062,20.75759]},"geometry_name":"the_geom","properties":{"CVEGEO":"230080554","NOMGEO":"Los Faisanes","CVE_ENT":"23","NOM_ENT":"Quintana Roo","AMBITO":"Rural","area_km2":0.127}},{"type":"Feature","id":"230080555","geometry":{"type":"Point","coordinates":[-87.23683,20.51616]},"geometry_name":"the_geom","properties":{"CVEGEO":"230080555","NOMGEO":"San Ángel","CVE_ENT":"23","NOM_ENT":"Quintana Roo","AMBITO":"Rural","area_km2":0.032}},{"type":"Feature","id":"230080572","geometry":{"type":"Point","coordinates":[-87.21883,20.52048]},"geometry_name":"the_geom","properties":{"CVEGEO":"230080572","NOMGEO":"El Sauce","CVE_ENT":"23","NOM_ENT":"Quintana Roo","AMBITO":"Rural","area_km2":0.581}},{"type":"Feature","id":"230080596","geometry":{"type":"Point","coordinates":[-86.9778,20.72367]},"geometry_name":"the_geom","properties":{"CVEGEO":"230080596","NOMGEO":"Marina Maroma","CVE_ENT":"23","NOM_ENT":"Quintana Roo","AMBITO":"Rural","area_km2":0.074}},{"type":"Feature","id":"230080613","geometry":{"type":"Point","coordinates":[-87.02064,20.69826]},"geometry_name":"the_geom","properties":{"CVEGEO":"230080613","NOMGEO":"Secrets Capri","CVE_ENT":"23","NOM_ENT":"Quintana Roo","AMBITO":"Rural","area_km2":0.212}},{"type":"Feature","id":"230080641","geometry":{"type":"Point","coordinates":[-86.93775,20.78697]},"geometry_name":"the_geom","properties":{"CVEGEO":"230080641","NOMGEO":"Dorado Royale","CVE_ENT":"23","NOM_ENT":"Quintana Roo","AMBITO":"Rural","area_km2":0.244}},{"type":"Feature","id":"230080642","geometry":{"type":"Point","coordinates":[-87.28316,20.46043]},"geometry_name":"the_geom","properties":{"CVEGEO":"230080642","NOMGEO":"Santa Teresita","CVE_ENT":"23","NOM_ENT":"Quintana Roo","AMBITO":"Rural","area_km2":0.565}},{"type":"Feature","id":"230080648","geometry":{"type":"Point","coordinates":[-87.11386,20.71881]},"geometry_name":"the_geom","properties":{"CVEGEO":"230080648","NOMGEO":"Los Girasoles","CVE_ENT":"23","NOM_ENT":"Quintana Roo","AMBITO":"Rural","area_km2":0.213}},{"type":"Feature","id":"230080649","geometry":{"type":"Point","coordinates":[-87.13795,20.71859]},"geometry_name":"the_geom","properties":{"CVEGEO":"230080649","NOMGEO":"La Rejoyada","CVE_ENT":"23","NOM_ENT":"Quintana Roo","AMBITO":"Rural","area_km2":0.058}},{"type":"Feature","id":"230080651","geometry":{"type":"Point","coordinates":[-87.11274,20.69824]},"geometry_name":"the_geom","properties":{"CVEGEO":"230080651","NOMGEO":"Tumben Otoch 2","CVE_ENT":"23","NOM_ENT":"Quintana Roo","AMBITO":"Rural","area_km2":0.028}},{"type":"Feature","id":"230080652","geometry":{"type":"Point","coordinates":[-87.1515,20.74168]},"geometry_name":"the_geom","properties":{"CVEGEO":"230080652","NOMGEO":"La Gran Linda Vista","CVE_ENT":"23","NOM_ENT":"Quintana Roo","AMBITO":"Rural","area_km2":0.115}},{"type":"Feature","id":"230080667","geometry":{"type":"Point","coordinates":[-87.0732,20.75723]},"geometry_name":"the_geom","properties":{"CVEGEO":"230080667","NOMGEO":"La Flecha [Rancho]","CVE_ENT":"23","NOM_ENT":"Quintana Roo","AMBITO":"Rural","area_km2":0.05}},{"type":"Feature","id":"230080673","geometry":{"type":"Point","coordinates":[-87.12445,20.60315]},"geometry_name":"the_geom","properties":{"CVEGEO":"230080673","NOMGEO":"Yaxche [Comunidad Indígena Pluricultural]","CVE_ENT":"23","NOM_ENT":"Quintana Roo","AMBITO":"Rural","area_km2":0.117}},{"type":"Feature","id":"230080675","geometry":{"type":"Point","coordinates":[-87.12385,20.60515]},"geometry_name":"the_geom","properties":{"CVEGEO":"230080675","NOMGEO":"Balancán [Comunidad Indígena Pluricultural]","CVE_ENT":"23","NOM_ENT":"Quintana Roo","AMBITO":"Rural","area_km2":0.069}},{"type":"Feature","id":"230080709","geometry":{"type":"Point","coordinates":[-87.86823,20.49588]},"geometry_name":"the_geom","properties":{"CVEGEO":"230080709","NOMGEO":"Felipe Carrillo Puerto","CVE_ENT":"23","NOM_ENT":"Quintana Roo","AMBITO":"Rural","area_km2":0.062}},{"type":"Feature","id":"230080711","geometry":{"type":"Point","coordinates":[-87.66901,20.59623]},"geometry_name":"the_geom","properties":{"CVEGEO":"230080711","NOMGEO":"Hidalgo y Cortez","CVE_ENT":"23","NOM_ENT":"Quintana Roo","AMBITO":"Rural","area_km2":0.015}},{"type":"Feature","id":"230080733","geometry":{"type":"Point","coordinates":[-87.13109,20.59841]},"geometry_name":"the_geom","properties":{"CVEGEO":"230080733","NOMGEO":"Francisco Villa [Comunidad Indígena Pluricultural]","CVE_ENT":"23","NOM_ENT":"Quintana Roo","AMBITO":"Rural","area_km2":0.095}},{"type":"Feature","id":"230080738","geometry":{"type":"Point","coordinates":[-87.13069,20.60644]},"geometry_name":"the_geom","properties":{"CVEGEO":"230080738","NOMGEO":"Tesoro [Comunidad Indígena Pluricultural]","CVE_ENT":"23","NOM_ENT":"Quintana Roo","AMBITO":"Rural","area_km2":0.322}},{"type":"Feature","id":"230080741","geometry":{"type":"Point","coordinates":[-87.12565,20.61473]},"geometry_name":"the_geom","properties":{"CVEGEO":"230080741","NOMGEO":"La Libertad [Comunidad Indígena Pluricultural]","CVE_ENT":"23","NOM_ENT":"Quintana Roo","AMBITO":"Rural","area_km2":0.09}},{"type":"Feature","id":"230080817","geometry":{"type":"Point","coordinates":[-87.01783,20.70402]},"geometry_name":"the_geom","properties":{"CVEGEO":"230080817","NOMGEO":"Blue Bay Grand Esmeralda","CVE_ENT":"23","NOM_ENT":"Quintana Roo","AMBITO":"Rural","area_km2":0.964}},{"type":"Feature","id":"230080818","geometry":{"type":"Point","coordinates":[-86.95672,20.76134]},"geometry_name":"the_geom","properties":{"CVEGEO":"230080818","NOMGEO":"Playa Paraíso","CVE_ENT":"23","NOM_ENT":"Quintana Roo","AMBITO":"Rural","area_km2":0.131}},{"type":"Feature","id":"230080829","geometry":{"type":"Point","coordinates":[-87.09822,20.73872]},"geometry_name":"the_geom","properties":{"CVEGEO":"230080829","NOMGEO":"Nuevo Noh-Bec","CVE_ENT":"23","NOM_ENT":"Quintana Roo","AMBITO":"Rural","area_km2":2.552}},{"type":"Feature","id":"230080835","geometry":{"type":"Point","coordinates":[-87.29935,20.42266]},"geometry_name":"the_geom","properties":{"CVEGEO":"230080835","NOMGEO":"Grand Sirenis","CVE_ENT":"23","NOM_ENT":"Quintana Roo","AMBITO":"Rural","area_km2":1.918}},{"type":"Feature","id":"230080845","geometry":{"type":"Point","coordinates":[-87.16245,20.67962]},"geometry_name":"the_geom","properties":{"CVEGEO":"230080845","NOMGEO":"Okol Kin","CVE_ENT":"23","NOM_ENT":"Quintana Roo","AMBITO":"Rural","area_km2":0.055}},{"type":"Feature","id":"230080909","geometry":{"type":"Point","coordinates":[-87.11034,20.73846]},"geometry_name":"the_geom","properties":{"CVEGEO":"230080909","NOMGEO":"Paraíso","CVE_ENT":"23","NOM_ENT":"Quintana Roo","AMBITO":"Rural","area_km2":0.367}},{"type":"Feature","id":"230080924","geometry":{"type":"Point","coordinates":[-87.13883,20.73096]},"geometry_name":"the_geom","properties":{"CVEGEO":"230080924","NOMGEO":"Los Pájaros","CVE_ENT":"23","NOM_ENT":"Quintana Roo","AMBITO":"Rural","area_km2":0.745}},{"type":"Feature","id":"230080926","geometry":{"type":"Point","coordinates":[-87.12519,20.72252]},"geometry_name":"the_geom","properties":{"CVEGEO":"230080926","NOMGEO":"Valle Encantado","CVE_ENT":"23","NOM_ENT":"Quintana Roo","AMBITO":"Rural","area_km2":0.251}},{"type":"Feature","id":"230080927","geometry":{"type":"Point","coordinates":[-87.08259,20.75359]},"geometry_name":"the_geom","properties":{"CVEGEO":"230080927","NOMGEO":"Jacinto Canek (Campesinos Unidos)","CVE_ENT":"23","NOM_ENT":"Quintana Roo","AMBITO":"Rural","area_km2":0.344}},{"type":"Feature","id":"230080928","geometry":{"type":"Point","coordinates":[-87.12682,20.61119]},"geometry_name":"the_geom","properties":{"CVEGEO":"230080928","NOMGEO":"Torres de la Paz","CVE_ENT":"23","NOM_ENT":"Quintana Roo","AMBITO":"Rural","area_km2":0.162}},{"type":"Feature","id":"230080929","geometry":{"type":"Point","coordinates":[-87.11913,20.65537]},"geometry_name":"the_geom","properties":{"CVEGEO":"230080929","NOMGEO":"Paseos del Parque","CVE_ENT":"23","NOM_ENT":"Quintana Roo","AMBITO":"Rural","area_km2":0.134}},{"type":"Feature","id":"230080949","geometry":{"type":"Point","coordinates":[-87.24246,20.52063]},"geometry_name":"the_geom","properties":{"CVEGEO":"230080949","NOMGEO":"Belfast","CVE_ENT":"23","NOM_ENT":"Quintana Roo","AMBITO":"Rural","area_km2":0.067}},{"type":"Feature","id":"230080950","geometry":{"type":"Point","coordinates":[-87.24996,20.51886]},"geometry_name":"the_geom","properties":{"CVEGEO":"230080950","NOMGEO":"Monte Sinahí","CVE_ENT":"23","NOM_ENT":"Quintana Roo","AMBITO":"Rural","area_km2":0.553}},{"type":"Feature","id":"230090001","geometry":{"type":"Point","coordinates":[-87.46695,20.20449]},"geometry_name":"the_geom","properties":{"CVEGEO":"230090001","NOMGEO":"Tulum","CVE_ENT":"23","NOM_ENT":"Quintana Roo","AMBITO":"Urbana","area_km2":15.197}},{"type":"Feature","id":"230090005","geometry":{"type":"Point","coordinates":[-87.31359,20.40226]},"geometry_name":"the_geom","properties":{"CVEGEO":"230090005","NOMGEO":"Akumal","CVE_ENT":"23","NOM_ENT":"Quintana Roo","AMBITO":"Rural","area_km2":0.632}},{"type":"Feature","id":"230090016","geometry":{"type":"Point","coordinates":[-87.32803,20.37301]},"geometry_name":"the_geom","properties":{"CVEGEO":"230090016","NOMGEO":"Aventuras Akumal","CVE_ENT":"23","NOM_ENT":"Quintana Roo","AMBITO":"Rural","area_km2":0.023}},{"type":"Feature","id":"230090018","geometry":{"type":"Point","coordinates":[-87.33765,20.37179]},"geometry_name":"the_geom","properties":{"CVEGEO":"230090018","NOMGEO":"Gran Bahía Príncipe","CVE_ENT":"23","NOM_ENT":"Quintana Roo","AMBITO":"Rural","area_km2":4.153}},{"type":"Feature","id":"230090051","geometry":{"type":"Point","coordinates":[-87.97471,20.28914]},"geometry_name":"the_geom","properties":{"CVEGEO":"230090051","NOMGEO":"Chanchén Palmar","CVE_ENT":"23","NOM_ENT":"Quintana Roo","AMBITO":"Rural","area_km2":0.268}},{"type":"Feature","id":"230090052","geometry":{"type":"Point","coordinates":[-87.96869,20.40037]},"geometry_name":"the_geom","properties":{"CVEGEO":"230090052","NOMGEO":"Chanchen Primero","CVE_ENT":"23","NOM_ENT":"Quintana Roo","AMBITO":"Rural","area_km2":0.433}},{"type":"Feature","id":"230090053","geometry":{"type":"Point","coordinates":[-87.3538,20.3427]},"geometry_name":"the_geom","properties":{"CVEGEO":"230090053","NOMGEO":"Chan Chemuyil","CVE_ENT":"23","NOM_ENT":"Quintana Roo","AMBITO":"Rural","area_km2":0.047}},{"type":"Feature","id":"230090055","geometry":{"type":"Point","coordinates":[-87.35281,20.34826]},"geometry_name":"the_geom","properties":{"CVEGEO":"230090055","NOMGEO":"Ciudad Chemuyil","CVE_ENT":"23","NOM_ENT":"Quintana Roo","AMBITO":"Rural","area_km2":0.14}},{"type":"Feature","id":"230090057","geometry":{"type":"Point","coordinates":[-87.73626,20.49125]},"geometry_name":"the_geom","properties":{"CVEGEO":"230090057","NOMGEO":"Cobá","CVE_ENT":"23","NOM_ENT":"Quintana Roo","AMBITO":"Rural","area_km2":0.545}},{"type":"Feature","id":"230090067","geometry":{"type":"Point","coordinates":[-87.4393,20.2172]},"geometry_name":"the_geom","properties":{"CVEGEO":"230090067","NOMGEO":"Crucero de las Ruinas de Tulum","CVE_ENT":"23","NOM_ENT":"Quintana Roo","AMBITO":"Rural","area_km2":0.397}},{"type":"Feature","id":"230090092","geometry":{"type":"Point","coordinates":[-87.58846,20.36432]},"geometry_name":"the_geom","properties":{"CVEGEO":"230090092","NOMGEO":"Francisco Uh May","CVE_ENT":"23","NOM_ENT":"Quintana Roo","AMBITO":"Rural","area_km2":0.832}},{"type":"Feature","id":"230090100","geometry":{"type":"Point","coordinates":[-87.97304,20.36783]},"geometry_name":"the_geom","properties":{"CVEGEO":"230090100","NOMGEO":"Hondzonot","CVE_ENT":"23","NOM_ENT":"Quintana Roo","AMBITO":"Rural","area_km2":0.156}},{"type":"Feature","id":"230090104","geometry":{"type":"Point","coordinates":[-87.36949,20.31528]},"geometry_name":"the_geom","properties":{"CVEGEO":"230090104","NOMGEO":"Jacinto Pat","CVE_ENT":"23","NOM_ENT":"Quintana Roo","AMBITO":"Rural","area_km2":0.129}},{"type":"Feature","id":"230090106","geometry":{"type":"Point","coordinates":[-87.47712,19.80057]},"geometry_name":"the_geom","properties":{"CVEGEO":"230090106","NOMGEO":"Javier Rojo Gómez (Punta Allen)","CVE_ENT":"23","NOM_ENT":"Quintana Roo","AMBITO":"Rural","area_km2":0.187}},{"type":"Feature","id":"230090117","geometry":{"type":"Point","coordinates":[-87.53688,20.18614]},"geometry_name":"the_geom","properties":{"CVEGEO":"230090117","NOMGEO":"El Campesino","CVE_ENT":"23","NOM_ENT":"Quintana Roo","AMBITO":"Rural","area_km2":0.045}},{"type":"Feature","id":"230090133","geometry":{"type":"Point","coordinates":[-87.57574,20.35157]},"geometry_name":"the_geom","properties":{"CVEGEO":"230090133","NOMGEO":"Macario Gómez","CVE_ENT":"23","NOM_ENT":"Quintana Roo","AMBITO":"Rural","area_km2":0.701}},{"type":"Feature","id":"230090136","geometry":{"type":"Point","coordinates":[-87.65309,20.42978]},"geometry_name":"the_geom","properties":{"CVEGEO":"230090136","NOMGEO":"Manuel Antonio Ay","CVE_ENT":"23","NOM_ENT":"Quintana Roo","AMBITO":"Rural","area_km2":0.315}},{"type":"Feature","id":"230090154","geometry":{"type":"Point","coordinates":[-87.32633,20.375]},"geometry_name":"the_geom","properties":{"CVEGEO":"230090154","NOMGEO":"Oasis Akumal","CVE_ENT":"23","NOM_ENT":"Quintana Roo","AMBITO":"Rural","area_km2":0.044}},{"type":"Feature","id":"230090200","geometry":{"type":"Point","coordinates":[-87.97555,20.41489]},"geometry_name":"the_geom","properties":{"CVEGEO":"230090200","NOMGEO":"Sahcab Mucuy","CVE_ENT":"23","NOM_ENT":"Quintana Roo","AMBITO":"Rural","area_km2":0.224}},{"type":"Feature","id":"230090210","geometry":{"type":"Point","coordinates":[-87.7255,20.41632]},"geometry_name":"the_geom","properties":{"CVEGEO":"230090210","NOMGEO":"San Juan","CVE_ENT":"23","NOM_ENT":"Quintana Roo","AMBITO":"Rural","area_km2":0.38}},{"type":"Feature","id":"230090237","geometry":{"type":"Point","coordinates":[-87.37904,20.28307]},"geometry_name":"the_geom","properties":{"CVEGEO":"230090237","NOMGEO":"Tankah Cuatro","CVE_ENT":"23","NOM_ENT":"Quintana Roo","AMBITO":"Rural","area_km2":0.09}},{"type":"Feature","id":"230090267","geometry":{"type":"Point","coordinates":[-87.94787,20.34033]},"geometry_name":"the_geom","properties":{"CVEGEO":"230090267","NOMGEO":"Yaxché","CVE_ENT":"23","NOM_ENT":"Quintana Roo","AMBITO":"Rural","area_km2":0.157}},{"type":"Feature","id":"230090332","geometry":{"type":"Point","coordinates":[-87.30886,20.4118]},"geometry_name":"the_geom","properties":{"CVEGEO":"230090332","NOMGEO":"Yalkú","CVE_ENT":"23","NOM_ENT":"Quintana Roo","AMBITO":"Rural","area_km2":0.117}},{"type":"Feature","id":"230090407","geometry":{"type":"Point","coordinates":[-87.52226,20.19228]},"geometry_name":"the_geom","properties":{"CVEGEO":"230090407","NOMGEO":"La Unión","CVE_ENT":"23","NOM_ENT":"Quintana Roo","AMBITO":"Rural","area_km2":0.116}},{"type":"Feature","id":"230090460","geometry":{"type":"Point","coordinates":[-87.44837,20.24298]},"geometry_name":"the_geom","properties":{"CVEGEO":"230090460","NOMGEO":"Tankah Pueblo","CVE_ENT":"23","NOM_ENT":"Quintana Roo","AMBITO":"Rural","area_km2":0.022}},{"type":"Feature","id":"230090465","geometry":{"type":"Point","coordinates":[-87.55098,20.18043]},"geometry_name":"the_geom","properties":{"CVEGEO":"230090465","NOMGEO":"La Bendición de Dios","CVE_ENT":"23","NOM_ENT":"Quintana Roo","AMBITO":"Rural","area_km2":0.081}},{"type":"Feature","id":"230090544","geometry":{"type":"Point","coordinates":[-87.82367,20.45934]},"geometry_name":"the_geom","properties":{"CVEGEO":"230090544","NOMGEO":"San Pedro","CVE_ENT":"23","NOM_ENT":"Quintana Roo","AMBITO":"Rural","area_km2":0.072}},{"type":"Feature","id":"230090545","geometry":{"type":"Point","coordinates":[-87.50735,20.20342]},"geometry_name":"the_geom","properties":{"CVEGEO":"230090545","NOMGEO":"Cristal [Colonia]","CVE_ENT":"23","NOM_ENT":"Quintana Roo","AMBITO":"Rural","area_km2":0.36}},{"type":"Feature","id":"230090579","geometry":{"type":"Point","coordinates":[-87.49164,20.22584]},"geometry_name":"the_geom","properties":{"CVEGEO":"230090579","NOMGEO":"Marités","CVE_ENT":"23","NOM_ENT":"Quintana Roo","AMBITO":"Rural","area_km2":0.069}},{"type":"Feature","id":"230090598","geometry":{"type":"Point","coordinates":[-87.48813,20.28336]},"geometry_name":"the_geom","properties":{"CVEGEO":"230090598","NOMGEO":"Yáax Táanil Kaah [Colonia]","CVE_ENT":"23","NOM_ENT":"Quintana Roo","AMBITO":"Rural","area_km2":0.233}},{"type":"Feature","id":"230090602","geometry":{"type":"Point","coordinates":[-87.49097,20.28799]},"geometry_name":"the_geom","properties":{"CVEGEO":"230090602","NOMGEO":"Dzonot Kaah","CVE_ENT":"23","NOM_ENT":"Quintana Roo","AMBITO":"Rural","area_km2":0.175}},{"type":"Feature","id":"230090603","geometry":{"type":"Point","coordinates":[-87.53155,20.19472]},"geometry_name":"the_geom","properties":{"CVEGEO":"230090603","NOMGEO":"Aldea Tulum","CVE_ENT":"23","NOM_ENT":"Quintana Roo","AMBITO":"Rural","area_km2":0.768}},{"type":"Feature","id":"230100001","geometry":{"type":"Point","coordinates":[-88.39635,18.67919]},"geometry_name":"the_geom","properties":{"CVEGEO":"230100001","NOMGEO":"Bacalar","CVE_ENT":"23","NOM_ENT":"Quintana Roo","AMBITO":"Urbana","area_km2":6.952}},{"type":"Feature","id":"230100004","geometry":{"type":"Point","coordinates":[-88.38884,18.70739]},"geometry_name":"the_geom","properties":{"CVEGEO":"230100004","NOMGEO":"Aarón Merino [Colonia]","CVE_ENT":"23","NOM_ENT":"Quintana Roo","AMBITO":"Rural","area_km2":0.53}},{"type":"Feature","id":"230100008","geometry":{"type":"Point","coordinates":[-88.67783,18.85169]},"geometry_name":"the_geom","properties":{"CVEGEO":"230100008","NOMGEO":"Altos de Sevilla","CVE_ENT":"23","NOM_ENT":"Quintana Roo","AMBITO":"Rural","area_km2":0.337}},{"type":"Feature","id":"230100011","geometry":{"type":"Point","coordinates":[-88.54357,18.84005]},"geometry_name":"the_geom","properties":{"CVEGEO":"230100011","NOMGEO":"Andrés Quintana Roo","CVE_ENT":"23","NOM_ENT":"Quintana Roo","AMBITO":"Rural","area_km2":0.135}},{"type":"Feature","id":"230100020","geometry":{"type":"Point","coordinates":[-88.50037,18.92359]},"geometry_name":"the_geom","properties":{"CVEGEO":"230100020","NOMGEO":"Blanca Flor","CVE_ENT":"23","NOM_ENT":"Quintana Roo","AMBITO":"Rural","area_km2":0.47}},{"type":"Feature","id":"230100021","geometry":{"type":"Point","coordinates":[-88.64155,18.94084]},"geometry_name":"the_geom","properties":{"CVEGEO":"230100021","NOMGEO":"Buena Esperanza","CVE_ENT":"23","NOM_ENT":"Quintana Roo","AMBITO":"Rural","area_km2":0.247}},{"type":"Feature","id":"230100022","geometry":{"type":"Point","coordinates":[-88.23894,18.88249]},"geometry_name":"the_geom","properties":{"CVEGEO":"230100022","NOMGEO":"Buenavista","CVE_ENT":"23","NOM_ENT":"Quintana Roo","AMBITO":"Rural","area_km2":0.75}},{"type":"Feature","id":"230100023","geometry":{"type":"Point","coordinates":[-88.38516,18.90475]},"geometry_name":"the_geom","properties":{"CVEGEO":"230100023","NOMGEO":"Caan Lumil","CVE_ENT":"23","NOM_ENT":"Quintana Roo","AMBITO":"Rural","area_km2":0.274}},{"type":"Feature","id":"230100024","geometry":{"type":"Point","coordinates":[-88.83087,19.15069]},"geometry_name":"the_geom","properties":{"CVEGEO":"230100024","NOMGEO":"Caanán","CVE_ENT":"23","NOM_ENT":"Quintana Roo","AMBITO":"Rural","area_km2":0.185}},{"type":"Feature","id":"230100030","geometry":{"type":"Point","coordinates":[-88.1742,19.03613]},"geometry_name":"the_geom","properties":{"CVEGEO":"230100030","NOMGEO":"Chacchoben","CVE_ENT":"23","NOM_ENT":"Quintana Roo","AMBITO":"Rural","area_km2":0.906}},{"type":"Feature","id":"230100031","geometry":{"type":"Point","coordinates":[-88.11726,18.95889]},"geometry_name":"the_geom","properties":{"CVEGEO":"230100031","NOMGEO":"Chula Vista","CVE_ENT":"23","NOM_ENT":"Quintana Roo","AMBITO":"Rural","area_km2":0.181}},{"type":"Feature","id":"230100040","geometry":{"type":"Point","coordinates":[-88.7055,18.89617]},"geometry_name":"the_geom","properties":{"CVEGEO":"230100040","NOMGEO":"David Gustavo Gutiérrez Ruiz","CVE_ENT":"23","NOM_ENT":"Quintana Roo","AMBITO":"Rural","area_km2":0.368}},{"type":"Feature","id":"230100042","geometry":{"type":"Point","coordinates":[-88.80746,19.07864]},"geometry_name":"the_geom","properties":{"CVEGEO":"230100042","NOMGEO":"Dieciocho de Marzo","CVE_ENT":"23","NOM_ENT":"Quintana Roo","AMBITO":"Rural","area_km2":0.403}},{"type":"Feature","id":"230100052","geometry":{"type":"Point","coordinates":[-88.73824,18.93447]},"geometry_name":"the_geom","properties":{"CVEGEO":"230100052","NOMGEO":"El Cedralito","CVE_ENT":"23","NOM_ENT":"Quintana Roo","AMBITO":"Rural","area_km2":0.195}},{"type":"Feature","id":"230100064","geometry":{"type":"Point","coordinates":[-88.92087,18.98544]},"geometry_name":"the_geom","properties":{"CVEGEO":"230100064","NOMGEO":"El Gallito","CVE_ENT":"23","NOM_ENT":"Quintana Roo","AMBITO":"Rural","area_km2":0.255}},{"type":"Feature","id":"230100075","geometry":{"type":"Point","coordinates":[-88.67845,18.89177]},"geometry_name":"the_geom","properties":{"CVEGEO":"230100075","NOMGEO":"El Paraíso","CVE_ENT":"23","NOM_ENT":"Quintana Roo","AMBITO":"Rural","area_km2":0.066}},{"type":"Feature","id":"230100081","geometry":{"type":"Point","coordinates":[-88.65941,19.07859]},"geometry_name":"the_geom","properties":{"CVEGEO":"230100081","NOMGEO":"El Progreso","CVE_ENT":"23","NOM_ENT":"Quintana Roo","AMBITO":"Rural","area_km2":0.188}},{"type":"Feature","id":"230100098","geometry":{"type":"Point","coordinates":[-88.70746,18.98552]},"geometry_name":"the_geom","properties":{"CVEGEO":"230100098","NOMGEO":"Francisco J. Mújica","CVE_ENT":"23","NOM_ENT":"Quintana Roo","AMBITO":"Rural","area_km2":0.138}},{"type":"Feature","id":"230100099","geometry":{"type":"Point","coordinates":[-88.89052,19.11082]},"geometry_name":"the_geom","properties":{"CVEGEO":"230100099","NOMGEO":"Francisco Villa","CVE_ENT":"23","NOM_ENT":"Quintana Roo","AMBITO":"Rural","area_km2":0.106}},{"type":"Feature","id":"230100101","geometry":{"type":"Point","coordinates":[-88.75121,19.04327]},"geometry_name":"the_geom","properties":{"CVEGEO":"230100101","NOMGEO":"Gabino Vázquez","CVE_ENT":"23","NOM_ENT":"Quintana Roo","AMBITO":"Rural","area_km2":0.106}},{"type":"Feature","id":"230100106","geometry":{"type":"Point","coordinates":[-88.59831,19.12863]},"geometry_name":"the_geom","properties":{"CVEGEO":"230100106","NOMGEO":"Guadalupe Victoria","CVE_ENT":"23","NOM_ENT":"Quintana Roo","AMBITO":"Rural","area_km2":0.281}},{"type":"Feature","id":"230100108","geometry":{"type":"Point","coordinates":[-88.40183,19.17743]},"geometry_name":"the_geom","properties":{"CVEGEO":"230100108","NOMGEO":"Gustavo Díaz Ordaz","CVE_ENT":"23","NOM_ENT":"Quintana Roo","AMBITO":"Rural","area_km2":0.19}},{"type":"Feature","id":"230100109","geometry":{"type":"Point","coordinates":[-88.84399,18.87225]},"geometry_name":"the_geom","properties":{"CVEGEO":"230100109","NOMGEO":"Huatusco","CVE_ENT":"23","NOM_ENT":"Quintana Roo","AMBITO":"Rural","area_km2":0.518}},{"type":"Feature","id":"230100110","geometry":{"type":"Point","coordinates":[-88.86287,18.9101]},"geometry_name":"the_geom","properties":{"CVEGEO":"230100110","NOMGEO":"Isidro Fabela","CVE_ENT":"23","NOM_ENT":"Quintana Roo","AMBITO":"Rural","area_km2":0.078}},{"type":"Feature","id":"230100112","geometry":{"type":"Point","coordinates":[-88.63421,19.04392]},"geometry_name":"the_geom","properties":{"CVEGEO":"230100112","NOMGEO":"Iturbide","CVE_ENT":"23","NOM_ENT":"Quintana Roo","AMBITO":"Rural","area_km2":0.079}},{"type":"Feature","id":"230100116","geometry":{"type":"Point","coordinates":[-88.74675,19.06153]},"geometry_name":"the_geom","properties":{"CVEGEO":"230100116","NOMGEO":"Jesús Martínez Ross","CVE_ENT":"23","NOM_ENT":"Quintana Roo","AMBITO":"Rural","area_km2":0.108}},{"type":"Feature","id":"230100122","geometry":{"type":"Point","coordinates":[-88.40624,18.96617]},"geometry_name":"the_geom","properties":{"CVEGEO":"230100122","NOMGEO":"Kuchumatán","CVE_ENT":"23","NOM_ENT":"Quintana Roo","AMBITO":"Rural","area_km2":0.352}},{"type":"Feature","id":"230100124","geometry":{"type":"Point","coordinates":[-88.50757,18.98287]},"geometry_name":"the_geom","properties":{"CVEGEO":"230100124","NOMGEO":"La Buena Fe","CVE_ENT":"23","NOM_ENT":"Quintana Roo","AMBITO":"Rural","area_km2":0.155}},{"type":"Feature","id":"230100129","geometry":{"type":"Point","coordinates":[-88.50177,18.79359]},"geometry_name":"the_geom","properties":{"CVEGEO":"230100129","NOMGEO":"La Ceiba","CVE_ENT":"23","NOM_ENT":"Quintana Roo","AMBITO":"Rural","area_km2":0.224}},{"type":"Feature","id":"230100145","geometry":{"type":"Point","coordinates":[-88.49282,19.14084]},"geometry_name":"the_geom","properties":{"CVEGEO":"230100145","NOMGEO":"La Pantera","CVE_ENT":"23","NOM_ENT":"Quintana Roo","AMBITO":"Rural","area_km2":0.629}},{"type":"Feature","id":"230100174","geometry":{"type":"Point","coordinates":[-88.2102,18.97902]},"geometry_name":"the_geom","properties":{"CVEGEO":"230100174","NOMGEO":"Lázaro Cárdenas","CVE_ENT":"23","NOM_ENT":"Quintana Roo","AMBITO":"Rural","area_km2":0.531}},{"type":"Feature","id":"230100175","geometry":{"type":"Point","coordinates":[-88.78676,18.97418]},"geometry_name":"the_geom","properties":{"CVEGEO":"230100175","NOMGEO":"Lázaro Cárdenas del Río Tercero","CVE_ENT":"23","NOM_ENT":"Quintana Roo","AMBITO":"Rural","area_km2":0.168}},{"type":"Feature","id":"230100177","geometry":{"type":"Point","coordinates":[-88.10852,19.0242]},"geometry_name":"the_geom","properties":{"CVEGEO":"230100177","NOMGEO":"Limones","CVE_ENT":"23","NOM_ENT":"Quintana Roo","AMBITO":"Urbana","area_km2":2.042}},{"type":"Feature","id":"230100188","geometry":{"type":"Point","coordinates":[-88.45677,19.07739]},"geometry_name":"the_geom","properties":{"CVEGEO":"230100188","NOMGEO":"Los Divorciados","CVE_ENT":"23","NOM_ENT":"Quintana Roo","AMBITO":"Rural","area_km2":0.725}},{"type":"Feature","id":"230100200","geometry":{"type":"Point","coordinates":[-88.41878,19.04098]},"geometry_name":"the_geom","properties":{"CVEGEO":"230100200","NOMGEO":"Manuel Ávila Camacho","CVE_ENT":"23","NOM_ENT":"Quintana Roo","AMBITO":"Rural","area_km2":0.759}},{"type":"Feature","id":"230100203","geometry":{"type":"Point","coordinates":[-88.59415,19.08641]},"geometry_name":"the_geom","properties":{"CVEGEO":"230100203","NOMGEO":"Margarita Maza de Juárez","CVE_ENT":"23","NOM_ENT":"Quintana Roo","AMBITO":"Rural","area_km2":0.204}},{"type":"Feature","id":"230100205","geometry":{"type":"Point","coordinates":[-88.39959,18.9385]},"geometry_name":"the_geom","properties":{"CVEGEO":"230100205","NOMGEO":"Maya Balam","CVE_ENT":"23","NOM_ENT":"Quintana Roo","AMBITO":"Urbana","area_km2":0.486}},{"type":"Feature","id":"230100206","geometry":{"type":"Point","coordinates":[-88.94262,19.05692]},"geometry_name":"the_geom","properties":{"CVEGEO":"230100206","NOMGEO":"Melchor Ocampo","CVE_ENT":"23","NOM_ENT":"Quintana Roo","AMBITO":"Rural","area_km2":0.407}},{"type":"Feature","id":"230100208","geometry":{"type":"Point","coordinates":[-89.09329,18.91327]},"geometry_name":"the_geom","properties":{"CVEGEO":"230100208","NOMGEO":"Miguel Alemán","CVE_ENT":"23","NOM_ENT":"Quintana Roo","AMBITO":"Rural","area_km2":0.816}},{"type":"Feature","id":"230100209","geometry":{"type":"Point","coordinates":[-88.34521,18.83176]},"geometry_name":"the_geom","properties":{"CVEGEO":"230100209","NOMGEO":"Miguel Hidalgo y Costilla","CVE_ENT":"23","NOM_ENT":"Quintana Roo","AMBITO":"Rural","area_km2":0.506}},{"type":"Feature","id":"230100211","geometry":{"type":"Point","coordinates":[-88.76352,19.18087]},"geometry_name":"the_geom","properties":{"CVEGEO":"230100211","NOMGEO":"Monte Olivo","CVE_ENT":"23","NOM_ENT":"Quintana Roo","AMBITO":"Rural","area_km2":0.187}},{"type":"Feature","id":"230100241","geometry":{"type":"Point","coordinates":[-88.57077,18.99553]},"geometry_name":"the_geom","properties":{"CVEGEO":"230100241","NOMGEO":"Nuevo Jerusalén","CVE_ENT":"23","NOM_ENT":"Quintana Roo","AMBITO":"Rural","area_km2":0.382}},{"type":"Feature","id":"230100242","geometry":{"type":"Point","coordinates":[-89.04649,19.13908]},"geometry_name":"the_geom","properties":{"CVEGEO":"230100242","NOMGEO":"Nuevo Tabasco","CVE_ENT":"23","NOM_ENT":"Quintana Roo","AMBITO":"Rural","area_km2":0.194}},{"type":"Feature","id":"230100245","geometry":{"type":"Point","coordinates":[-88.83283,19.00811]},"geometry_name":"the_geom","properties":{"CVEGEO":"230100245","NOMGEO":"Otilio Montaño","CVE_ENT":"23","NOM_ENT":"Quintana Roo","AMBITO":"Rural","area_km2":0.379}},{"type":"Feature","id":"230100250","geometry":{"type":"Point","coordinates":[-88.9253,18.86877]},"geometry_name":"the_geom","properties":{"CVEGEO":"230100250","NOMGEO":"Payo Obispo","CVE_ENT":"23","NOM_ENT":"Quintana Roo","AMBITO":"Rural","area_km2":0.318}},{"type":"Feature","id":"230100251","geometry":{"type":"Point","coordinates":[-88.16549,18.95493]},"geometry_name":"the_geom","properties":{"CVEGEO":"230100251","NOMGEO":"Pedro Antonio Santos","CVE_ENT":"23","NOM_ENT":"Quintana Roo","AMBITO":"Rural","area_km2":0.631}},{"type":"Feature","id":"230100271","geometry":{"type":"Point","coordinates":[-88.57246,18.81336]},"geometry_name":"the_geom","properties":{"CVEGEO":"230100271","NOMGEO":"Reforma","CVE_ENT":"23","NOM_ENT":"Quintana Roo","AMBITO":"Rural","area_km2":0.752}},{"type":"Feature","id":"230100275","geometry":{"type":"Point","coordinates":[-88.75394,18.88212]},"geometry_name":"the_geom","properties":{"CVEGEO":"230100275","NOMGEO":"Río Escondido","CVE_ENT":"23","NOM_ENT":"Quintana Roo","AMBITO":"Rural","area_km2":0.376}},{"type":"Feature","id":"230100276","geometry":{"type":"Point","coordinates":[-89.03878,19.03781]},"geometry_name":"the_geom","properties":{"CVEGEO":"230100276","NOMGEO":"Río Verde","CVE_ENT":"23","NOM_ENT":"Quintana Roo","AMBITO":"Rural","area_km2":0.693}},{"type":"Feature","id":"230100288","geometry":{"type":"Point","coordinates":[-88.61181,18.98984]},"geometry_name":"the_geom","properties":{"CVEGEO":"230100288","NOMGEO":"San Fernando","CVE_ENT":"23","NOM_ENT":"Quintana Roo","AMBITO":"Rural","area_km2":0.16}},{"type":"Feature","id":"230100292","geometry":{"type":"Point","coordinates":[-88.37051,18.81049]},"geometry_name":"the_geom","properties":{"CVEGEO":"230100292","NOMGEO":"San Isidro la Laguna","CVE_ENT":"23","NOM_ENT":"Quintana Roo","AMBITO":"Rural","area_km2":0.304}},{"type":"Feature","id":"230100297","geometry":{"type":"Point","coordinates":[-88.67298,19.00915]},"geometry_name":"the_geom","properties":{"CVEGEO":"230100297","NOMGEO":"San José los Lirios","CVE_ENT":"23","NOM_ENT":"Quintana Roo","AMBITO":"Rural","area_km2":0.03}},{"type":"Feature","id":"230100310","geometry":{"type":"Point","coordinates":[-88.72738,18.7951]},"geometry_name":"the_geom","properties":{"CVEGEO":"230100310","NOMGEO":"San Román","CVE_ENT":"23","NOM_ENT":"Quintana Roo","AMBITO":"Rural","area_km2":0.347}},{"type":"Feature","id":"230100326","geometry":{"type":"Point","coordinates":[-88.71487,18.93796]},"geometry_name":"the_geom","properties":{"CVEGEO":"230100326","NOMGEO":"Tierra Negra","CVE_ENT":"23","NOM_ENT":"Quintana Roo","AMBITO":"Rural","area_km2":0.169}},{"type":"Feature","id":"230100330","geometry":{"type":"Point","coordinates":[-88.96159,19.12461]},"geometry_name":"the_geom","properties":{"CVEGEO":"230100330","NOMGEO":"Valentín Gómez Farías","CVE_ENT":"23","NOM_ENT":"Quintana Roo","AMBITO":"Rural","area_km2":0.096}},{"type":"Feature","id":"230100331","geometry":{"type":"Point","coordinates":[-88.52542,19.18548]},"geometry_name":"the_geom","properties":{"CVEGEO":"230100331","NOMGEO":"Vallehermoso","CVE_ENT":"23","NOM_ENT":"Quintana Roo","AMBITO":"Rural","area_km2":0.521}},{"type":"Feature","id":"230100338","geometry":{"type":"Point","coordinates":[-88.79163,19.08132]},"geometry_name":"the_geom","properties":{"CVEGEO":"230100338","NOMGEO":"Zamora","CVE_ENT":"23","NOM_ENT":"Quintana Roo","AMBITO":"Rural","area_km2":0.365}},{"type":"Feature","id":"230100423","geometry":{"type":"Point","coordinates":[-88.4053,18.70371]},"geometry_name":"the_geom","properties":{"CVEGEO":"230100423","NOMGEO":"Antorcha Bacalar","CVE_ENT":"23","NOM_ENT":"Quintana Roo","AMBITO":"Rural","area_km2":0.023}},{"type":"Feature","id":"230100470","geometry":{"type":"Point","coordinates":[-88.39284,18.72679]},"geometry_name":"the_geom","properties":{"CVEGEO":"230100470","NOMGEO":"Santo Domingo","CVE_ENT":"23","NOM_ENT":"Quintana Roo","AMBITO":"Rural","area_km2":0.119}},{"type":"Feature","id":"230100471","geometry":{"type":"Point","coordinates":[-88.39434,18.88917]},"geometry_name":"the_geom","properties":{"CVEGEO":"230100471","NOMGEO":"La Esperanza","CVE_ENT":"23","NOM_ENT":"Quintana Roo","AMBITO":"Rural","area_km2":0.158}},{"type":"Feature","id":"230110001","geometry":{"type":"Point","coordinates":[-86.9039,20.86265]},"geometry_name":"the_geom","properties":{"CVEGEO":"230110001","NOMGEO":"Puerto Morelos","CVE_ENT":"23","NOM_ENT":"Quintana Roo","AMBITO":"Urbana","area_km2":8.675}},{"type":"Feature","id":"230110033","geometry":{"type":"Point","coordinates":[-87.04706,20.86443]},"geometry_name":"the_geom","properties":{"CVEGEO":"230110033","NOMGEO":"Central Vallarta","CVE_ENT":"23","NOM_ENT":"Quintana Roo","AMBITO":"Rural","area_km2":0.285}},{"type":"Feature","id":"230110187","geometry":{"type":"Point","coordinates":[-86.92217,20.8406]},"geometry_name":"the_geom","properties":{"CVEGEO":"230110187","NOMGEO":"Las Sábilas [Rancho]","CVE_ENT":"23","NOM_ENT":"Quintana Roo","AMBITO":"Rural","area_km2":0.012}},{"type":"Feature","id":"230110193","geometry":{"type":"Point","coordinates":[-87.2047,20.9889]},"geometry_name":"the_geom","properties":{"CVEGEO":"230110193","NOMGEO":"Leona Vicario","CVE_ENT":"23","NOM_ENT":"Quintana Roo","AMBITO":"Urbana","area_km2":4.759}},{"type":"Feature","id":"230110347","geometry":{"type":"Point","coordinates":[-86.92051,20.82343]},"geometry_name":"the_geom","properties":{"CVEGEO":"230110347","NOMGEO":"Rancho Chico","CVE_ENT":"23","NOM_ENT":"Quintana Roo","AMBITO":"Rural","area_km2":0.026}},{"type":"Feature","id":"310010001","geometry":{"type":"Point","coordinates":[-89.68172,20.64739]},"geometry_name":"the_geom","properties":{"CVEGEO":"310010001","NOMGEO":"Abalá","CVE_ENT":"31","NOM_ENT":"Yucatán","AMBITO":"Urbana","area_km2":1.514}},{"type":"Feature","id":"310010003","geometry":{"type":"Point","coordinates":[-89.604,20.62344]},"geometry_name":"the_geom","properties":{"CVEGEO":"310010003","NOMGEO":"Mucuyché","CVE_ENT":"31","NOM_ENT":"Yucatán","AMBITO":"Rural","area_km2":0.556}},{"type":"Feature","id":"310010005","geometry":{"type":"Point","coordinates":[-89.68112,20.69356]},"geometry_name":"the_geom","properties":{"CVEGEO":"310010005","NOMGEO":"Sihunchén","CVE_ENT":"31","NOM_ENT":"Yucatán","AMBITO":"Rural","area_km2":0.249}},{"type":"Feature","id":"310010006","geometry":{"type":"Point","coordinates":[-89.65371,20.68749]},"geometry_name":"the_geom","properties":{"CVEGEO":"310010006","NOMGEO":"Temozón","CVE_ENT":"31","NOM_ENT":"Yucatán","AMBITO":"Rural","area_km2":0.505}},{"type":"Feature","id":"310010007","geometry":{"type":"Point","coordinates":[-89.59484,20.69416]},"geometry_name":"the_geom","properties":{"CVEGEO":"310010007","NOMGEO":"Uayalceh","CVE_ENT":"31","NOM_ENT":"Yucatán","AMBITO":"Urbana","area_km2":1.246}},{"type":"Feature","id":"310010008","geometry":{"type":"Point","coordinates":[-89.68707,20.72119]},"geometry_name":"the_geom","properties":{"CVEGEO":"310010008","NOMGEO":"Peba","CVE_ENT":"31","NOM_ENT":"Yucatán","AMBITO":"Rural","area_km2":0.325}},{"type":"Feature","id":"310010009","geometry":{"type":"Point","coordinates":[-89.74762,20.69268]},"geometry_name":"the_geom","properties":{"CVEGEO":"310010009","NOMGEO":"Cacao","CVE_ENT":"31","NOM_ENT":"Yucatán","AMBITO":"Rural","area_km2":0.213}},{"type":"Feature","id":"310020001","geometry":{"type":"Point","coordinates":[-89.4565,20.81373]},"geometry_name":"the_geom","properties":{"CVEGEO":"310020001","NOMGEO":"Acanceh","CVE_ENT":"31","NOM_ENT":"Yucatán","AMBITO":"Urbana","area_km2":5.95}},{"type":"Feature","id":"310020002","geometry":{"type":"Point","coordinates":[-89.43127,20.86083]},"geometry_name":"the_geom","properties":{"CVEGEO":"310020002","NOMGEO":"Canicab","CVE_ENT":"31","NOM_ENT":"Yucatán","AMBITO":"Rural","area_km2":0.312}},{"type":"Feature","id":"310020003","geometry":{"type":"Point","coordinates":[-89.48743,20.81973]},"geometry_name":"the_geom","properties":{"CVEGEO":"310020003","NOMGEO":"Cibceh","CVE_ENT":"31","NOM_ENT":"Yucatán","AMBITO":"Rural","area_km2":0.091}},{"type":"Feature","id":"310020005","geometry":{"type":"Point","coordinates":[-89.47639,20.84299]},"geometry_name":"the_geom","properties":{"CVEGEO":"310020005","NOMGEO":"Petectunich","CVE_ENT":"31","NOM_ENT":"Yucatán","AMBITO":"Rural","area_km2":0.448}},{"type":"Feature","id":"310020006","geometry":{"type":"Point","coordinates":[-89.4386,20.83215]},"geometry_name":"the_geom","properties":{"CVEGEO":"310020006","NOMGEO":"Sacchich","CVE_ENT":"31","NOM_ENT":"Yucatán","AMBITO":"Rural","area_km2":0.148}},{"type":"Feature","id":"310020010","geometry":{"type":"Point","coordinates":[-89.49831,20.8764]},"geometry_name":"the_geom","properties":{"CVEGEO":"310020010","NOMGEO":"Tepich Carrillo","CVE_ENT":"31","NOM_ENT":"Yucatán","AMBITO":"Rural","area_km2":0.621}},{"type":"Feature","id":"310020011","geometry":{"type":"Point","coordinates":[-89.44122,20.88918]},"geometry_name":"the_geom","properties":{"CVEGEO":"310020011","NOMGEO":"Ticopó","CVE_ENT":"31","NOM_ENT":"Yucatán","AMBITO":"Rural","area_km2":1.116}},{"type":"Feature","id":"310020014","geometry":{"type":"Point","coordinates":[-89.40118,20.7839]},"geometry_name":"the_geom","properties":{"CVEGEO":"310020014","NOMGEO":"Dzitiná","CVE_ENT":"31","NOM_ENT":"Yucatán","AMBITO":"Rural","area_km2":0.083}},{"type":"Feature","id":"310030001","geometry":{"type":"Point","coordinates":[-89.34756,20.26107]},"geometry_name":"the_geom","properties":{"CVEGEO":"310030001","NOMGEO":"Akil","CVE_ENT":"31","NOM_ENT":"Yucatán","AMBITO":"Urbana","area_km2":6.058}},{"type":"Feature","id":"310030003","geometry":{"type":"Point","coordinates":[-89.36288,20.2556]},"geometry_name":"the_geom","properties":{"CVEGEO":"310030003","NOMGEO":"San Diego","CVE_ENT":"31","NOM_ENT":"Yucatán","AMBITO":"Rural","area_km2":0.148}},{"type":"Feature","id":"310030051","geometry":{"type":"Point","coordinates":[-89.35184,20.27718]},"geometry_name":"the_geom","properties":{"CVEGEO":"310030051","NOMGEO":"Cinco de Mayo","CVE_ENT":"31","NOM_ENT":"Yucatán","AMBITO":"Rural","area_km2":0.079}},{"type":"Feature","id":"310040001","geometry":{"type":"Point","coordinates":[-89.39842,21.10973]},"geometry_name":"the_geom","properties":{"CVEGEO":"310040001","NOMGEO":"Baca","CVE_ENT":"31","NOM_ENT":"Yucatán","AMBITO":"Urbana","area_km2":4.197}},{"type":"Feature","id":"310040004","geometry":{"type":"Point","coordinates":[-89.39287,21.12787]},"geometry_name":"the_geom","properties":{"CVEGEO":"310040004","NOMGEO":"San Isidro Kuxub","CVE_ENT":"31","NOM_ENT":"Yucatán","AMBITO":"Rural","area_km2":0.113}},{"type":"Feature","id":"310040010","geometry":{"type":"Point","coordinates":[-89.39785,21.07946]},"geometry_name":"the_geom","properties":{"CVEGEO":"310040010","NOMGEO":"Tixkuncheil","CVE_ENT":"31","NOM_ENT":"Yucatán","AMBITO":"Rural","area_km2":0.804}},{"type":"Feature","id":"310040012","geometry":{"type":"Point","coordinates":[-89.38224,21.08498]},"geometry_name":"the_geom","properties":{"CVEGEO":"310040012","NOMGEO":"Kankabchén Gamboa","CVE_ENT":"31","NOM_ENT":"Yucatán","AMBITO":"Rural","area_km2":0.161}},{"type":"Feature","id":"310040120","geometry":{"type":"Point","coordinates":[-89.40016,21.08651]},"geometry_name":"the_geom","properties":{"CVEGEO":"310040120","NOMGEO":"El Pueblo Guardado [Residencial de Jubilados]","CVE_ENT":"31","NOM_ENT":"Yucatán","AMBITO":"Rural","area_km2":0.034}},{"type":"Feature","id":"310050001","geometry":{"type":"Point","coordinates":[-89.17974,21.00701]},"geometry_name":"the_geom","properties":{"CVEGEO":"310050001","NOMGEO":"Bokobá","CVE_ENT":"31","NOM_ENT":"Yucatán","AMBITO":"Urbana","area_km2":2.161}},{"type":"Feature","id":"310060001","geometry":{"type":"Point","coordinates":[-88.79393,21.20229]},"geometry_name":"the_geom","properties":{"CVEGEO":"310060001","NOMGEO":"Buctzotz","CVE_ENT":"31","NOM_ENT":"Yucatán","AMBITO":"Urbana","area_km2":4.31}},{"type":"Feature","id":"310060002","geometry":{"type":"Point","coordinates":[-88.82497,21.24767]},"geometry_name":"the_geom","properties":{"CVEGEO":"310060002","NOMGEO":"X-Bec","CVE_ENT":"31","NOM_ENT":"Yucatán","AMBITO":"Rural","area_km2":0.454}},{"type":"Feature","id":"310060003","geometry":{"type":"Point","coordinates":[-88.66618,21.14221]},"geometry_name":"the_geom","properties":{"CVEGEO":"310060003","NOMGEO":"Santo Domingo","CVE_ENT":"31","NOM_ENT":"Yucatán","AMBITO":"Rural","area_km2":0.151}},{"type":"Feature","id":"310060004","geometry":{"type":"Point","coordinates":[-88.55336,21.20776]},"geometry_name":"the_geom","properties":{"CVEGEO":"310060004","NOMGEO":"La Gran Lucha","CVE_ENT":"31","NOM_ENT":"Yucatán","AMBITO":"Rural","area_km2":0.243}},{"type":"Feature","id":"310060080","geometry":{"type":"Point","coordinates":[-88.48289,21.24454]},"geometry_name":"the_geom","properties":{"CVEGEO":"310060080","NOMGEO":"San Francisco","CVE_ENT":"31","NOM_ENT":"Yucatán","AMBITO":"Rural","area_km2":0.199}},{"type":"Feature","id":"310070001","geometry":{"type":"Point","coordinates":[-89.22689,20.98347]},"geometry_name":"the_geom","properties":{"CVEGEO":"310070001","NOMGEO":"Cacalchén","CVE_ENT":"31","NOM_ENT":"Yucatán","AMBITO":"Urbana","area_km2":3.418}},{"type":"Feature","id":"310080001","geometry":{"type":"Point","coordinates":[-88.17875,21.02144]},"geometry_name":"the_geom","properties":{"CVEGEO":"310080001","NOMGEO":"Calotmul","CVE_ENT":"31","NOM_ENT":"Yucatán","AMBITO":"Urbana","area_km2":2.067}},{"type":"Feature","id":"310080006","geometry":{"type":"Point","coordinates":[-88.11514,20.97458]},"geometry_name":"the_geom","properties":{"CVEGEO":"310080006","NOMGEO":"Pocoboch","CVE_ENT":"31","NOM_ENT":"Yucatán","AMBITO":"Rural","area_km2":0.633}},{"type":"Feature","id":"310080013","geometry":{"type":"Point","coordinates":[-88.08283,21.05549]},"geometry_name":"the_geom","properties":{"CVEGEO":"310080013","NOMGEO":"Tahcabo","CVE_ENT":"31","NOM_ENT":"Yucatán","AMBITO":"Rural","area_km2":0.418}},{"type":"Feature","id":"310090001","geometry":{"type":"Point","coordinates":[-89.10153,21.15486]},"geometry_name":"the_geom","properties":{"CVEGEO":"310090001","NOMGEO":"Cansahcab","CVE_ENT":"31","NOM_ENT":"Yucatán","AMBITO":"Urbana","area_km2":4.187}},{"type":"Feature","id":"310090003","geometry":{"type":"Point","coordinates":[-89.16007,21.13116]},"geometry_name":"the_geom","properties":{"CVEGEO":"310090003","NOMGEO":"San Antonio Xiat","CVE_ENT":"31","NOM_ENT":"Yucatán","AMBITO":"Rural","area_km2":0.132}},{"type":"Feature","id":"310090004","geometry":{"type":"Point","coordinates":[-89.07121,21.15034]},"geometry_name":"the_geom","properties":{"CVEGEO":"310090004","NOMGEO":"Santa María","CVE_ENT":"31","NOM_ENT":"Yucatán","AMBITO":"Rural","area_km2":0.27}},{"type":"Feature","id":"310100001","geometry":{"type":"Point","coordinates":[-89.08095,20.46936]},"geometry_name":"the_geom","properties":{"CVEGEO":"310100001","NOMGEO":"Cantamayec","CVE_ENT":"31","NOM_ENT":"Yucatán","AMBITO":"Urbana","area_km2":1.759}},{"type":"Feature","id":"310100012","geometry":{"type":"Point","coordinates":[-89.15484,20.44196]},"geometry_name":"the_geom","properties":{"CVEGEO":"310100012","NOMGEO":"Cholul","CVE_ENT":"31","NOM_ENT":"Yucatán","AMBITO":"Rural","area_km2":0.368}},{"type":"Feature","id":"310100023","geometry":{"type":"Point","coordinates":[-89.02064,20.34876]},"geometry_name":"the_geom","properties":{"CVEGEO":"310100023","NOMGEO":"Nenelá","CVE_ENT":"31","NOM_ENT":"Yucatán","AMBITO":"Rural","area_km2":0.351}},{"type":"Feature","id":"310110001","geometry":{"type":"Point","coordinates":[-90.39537,20.86114]},"geometry_name":"the_geom","properties":{"CVEGEO":"310110001","NOMGEO":"Celestún","CVE_ENT":"31","NOM_ENT":"Yucatán","AMBITO":"Urbana","area_km2":2.643}},{"type":"Feature","id":"310120001","geometry":{"type":"Point","coordinates":[-88.60466,20.96657]},"geometry_name":"the_geom","properties":{"CVEGEO":"310120001","NOMGEO":"Cenotillo","CVE_ENT":"31","NOM_ENT":"Yucatán","AMBITO":"Urbana","area_km2":3.397}},{"type":"Feature","id":"310120009","geometry":{"type":"Point","coordinates":[-88.51248,21.09452]},"geometry_name":"the_geom","properties":{"CVEGEO":"310120009","NOMGEO":"Tixbacab","CVE_ENT":"31","NOM_ENT":"Yucatán","AMBITO":"Rural","area_km2":0.352}},{"type":"Feature","id":"310130001","geometry":{"type":"Point","coordinates":[-89.52172,21.07042]},"geometry_name":"the_geom","properties":{"CVEGEO":"310130001","NOMGEO":"Conkal","CVE_ENT":"31","NOM_ENT":"Yucatán","AMBITO":"Urbana","area_km2":8.754}},{"type":"Feature","id":"310130002","geometry":{"type":"Point","coordinates":[-89.52346,21.11]},"geometry_name":"the_geom","properties":{"CVEGEO":"310130002","NOMGEO":"Kantoyna","CVE_ENT":"31","NOM_ENT":"Yucatán","AMBITO":"Rural","area_km2":0.233}},{"type":"Feature","id":"310130006","geometry":{"type":"Point","coordinates":[-89.49863,21.05073]},"geometry_name":"the_geom","properties":{"CVEGEO":"310130006","NOMGEO":"X-Cuyum","CVE_ENT":"31","NOM_ENT":"Yucatán","AMBITO":"Rural","area_km2":1.226}},{"type":"Feature","id":"310130028","geometry":{"type":"Point","coordinates":[-89.55555,21.08533]},"geometry_name":"the_geom","properties":{"CVEGEO":"310130028","NOMGEO":"San Diego Cutz Dos","CVE_ENT":"31","NOM_ENT":"Yucatán","AMBITO":"Rural","area_km2":1.296}},{"type":"Feature","id":"310130111","geometry":{"type":"Point","coordinates":[-89.52492,21.1037]},"geometry_name":"the_geom","properties":{"CVEGEO":"310130111","NOMGEO":"Lirium","CVE_ENT":"31","NOM_ENT":"Yucatán","AMBITO":"Rural","area_km2":0.106}},{"type":"Feature","id":"310130148","geometry":{"type":"Point","coordinates":[-89.53805,21.09926]},"geometry_name":"the_geom","properties":{"CVEGEO":"310130148","NOMGEO":"Paseos del Mayab","CVE_ENT":"31","NOM_ENT":"Yucatán","AMBITO":"Rural","area_km2":0.107}},{"type":"Feature","id":"310130149","geometry":{"type":"Point","coordinates":[-89.53251,21.09673]},"geometry_name":"the_geom","properties":{"CVEGEO":"310130149","NOMGEO":"Praderas del Mayab","CVE_ENT":"31","NOM_ENT":"Yucatán","AMBITO":"Rural","area_km2":0.526}},{"type":"Feature","id":"310140001","geometry":{"type":"Point","coordinates":[-88.29787,20.64056]},"geometry_name":"the_geom","properties":{"CVEGEO":"310140001","NOMGEO":"Cuncunul","CVE_ENT":"31","NOM_ENT":"Yucatán","AMBITO":"Urbana","area_km2":0.825}},{"type":"Feature","id":"310140010","geometry":{"type":"Point","coordinates":[-88.34403,20.65223]},"geometry_name":"the_geom","properties":{"CVEGEO":"310140010","NOMGEO":"San Francisco","CVE_ENT":"31","NOM_ENT":"Yucatán","AMBITO":"Rural","area_km2":0.031}},{"type":"Feature","id":"310140013","geometry":{"type":"Point","coordinates":[-88.41579,20.54921]},"geometry_name":"the_geom","properties":{"CVEGEO":"310140013","NOMGEO":"Chebalam","CVE_ENT":"31","NOM_ENT":"Yucatán","AMBITO":"Rural","area_km2":0.062}},{"type":"Feature","id":"310140025","geometry":{"type":"Point","coordinates":[-88.33385,20.6391]},"geometry_name":"the_geom","properties":{"CVEGEO":"310140025","NOMGEO":"San Diego","CVE_ENT":"31","NOM_ENT":"Yucatán","AMBITO":"Rural","area_km2":0.08}},{"type":"Feature","id":"310140040","geometry":{"type":"Point","coordinates":[-88.52185,20.51156]},"geometry_name":"the_geom","properties":{"CVEGEO":"310140040","NOMGEO":"X-Akabchén","CVE_ENT":"31","NOM_ENT":"Yucatán","AMBITO":"Rural","area_km2":0.11}},{"type":"Feature","id":"310150001","geometry":{"type":"Point","coordinates":[-89.31901,20.74106]},"geometry_name":"the_geom","properties":{"CVEGEO":"310150001","NOMGEO":"Cuzamá","CVE_ENT":"31","NOM_ENT":"Yucatán","AMBITO":"Urbana","area_km2":2.212}},{"type":"Feature","id":"310150003","geometry":{"type":"Point","coordinates":[-89.32666,20.71138]},"geometry_name":"the_geom","properties":{"CVEGEO":"310150003","NOMGEO":"Chunkanán","CVE_ENT":"31","NOM_ENT":"Yucatán","AMBITO":"Rural","area_km2":0.234}},{"type":"Feature","id":"310150005","geometry":{"type":"Point","coordinates":[-89.3709,20.75807]},"geometry_name":"the_geom","properties":{"CVEGEO":"310150005","NOMGEO":"Eknakán","CVE_ENT":"31","NOM_ENT":"Yucatán","AMBITO":"Rural","area_km2":0.408}},{"type":"Feature","id":"310150006","geometry":{"type":"Point","coordinates":[-89.33533,20.74566]},"geometry_name":"the_geom","properties":{"CVEGEO":"310150006","NOMGEO":"Nohchakán","CVE_ENT":"31","NOM_ENT":"Yucatán","AMBITO":"Rural","area_km2":0.161}},{"type":"Feature","id":"310160001","geometry":{"type":"Point","coordinates":[-89.01654,20.17258]},"geometry_name":"the_geom","properties":{"CVEGEO":"310160001","NOMGEO":"Chacsinkín","CVE_ENT":"31","NOM_ENT":"Yucatán","AMBITO":"Urbana","area_km2":1.576}},{"type":"Feature","id":"310160009","geometry":{"type":"Point","coordinates":[-89.00485,20.20412]},"geometry_name":"the_geom","properties":{"CVEGEO":"310160009","NOMGEO":"X-Box","CVE_ENT":"31","NOM_ENT":"Yucatán","AMBITO":"Rural","area_km2":0.126}},{"type":"Feature","id":"310160012","geometry":{"type":"Point","coordinates":[-88.99027,20.18895]},"geometry_name":"the_geom","properties":{"CVEGEO":"310160012","NOMGEO":"Xno-Huayab","CVE_ENT":"31","NOM_ENT":"Yucatán","AMBITO":"Rural","area_km2":0.032}},{"type":"Feature","id":"310170001","geometry":{"type":"Point","coordinates":[-88.51237,20.56842]},"geometry_name":"the_geom","properties":{"CVEGEO":"310170001","NOMGEO":"Chankom","CVE_ENT":"31","NOM_ENT":"Yucatán","AMBITO":"Urbana","area_km2":0.725}},{"type":"Feature","id":"310170003","geometry":{"type":"Point","coordinates":[-88.59055,20.59682]},"geometry_name":"the_geom","properties":{"CVEGEO":"310170003","NOMGEO":"Nicte-Há","CVE_ENT":"31","NOM_ENT":"Yucatán","AMBITO":"Rural","area_km2":0.057}},{"type":"Feature","id":"310170011","geometry":{"type":"Point","coordinates":[-88.5517,20.59798]},"geometry_name":"the_geom","properties":{"CVEGEO":"310170011","NOMGEO":"Ticimul","CVE_ENT":"31","NOM_ENT":"Yucatán","AMBITO":"Rural","area_km2":0.448}},{"type":"Feature","id":"310170012","geometry":{"type":"Point","coordinates":[-88.45632,20.59175]},"geometry_name":"the_geom","properties":{"CVEGEO":"310170012","NOMGEO":"Tzukmuc","CVE_ENT":"31","NOM_ENT":"Yucatán","AMBITO":"Rural","area_km2":0.129}},{"type":"Feature","id":"310170013","geometry":{"type":"Point","coordinates":[-88.49286,20.51764]},"geometry_name":"the_geom","properties":{"CVEGEO":"310170013","NOMGEO":"Xanlá","CVE_ENT":"31","NOM_ENT":"Yucatán","AMBITO":"Rural","area_km2":0.283}},{"type":"Feature","id":"310170014","geometry":{"type":"Point","coordinates":[-88.47609,20.5587]},"geometry_name":"the_geom","properties":{"CVEGEO":"310170014","NOMGEO":"X-Bohom","CVE_ENT":"31","NOM_ENT":"Yucatán","AMBITO":"Rural","area_km2":0.075}},{"type":"Feature","id":"310170015","geometry":{"type":"Point","coordinates":[-88.56839,20.44095]},"geometry_name":"the_geom","properties":{"CVEGEO":"310170015","NOMGEO":"Xkalakdzonot","CVE_ENT":"31","NOM_ENT":"Yucatán","AMBITO":"Rural","area_km2":0.669}},{"type":"Feature","id":"310170016","geometry":{"type":"Point","coordinates":[-88.56498,20.57244]},"geometry_name":"the_geom","properties":{"CVEGEO":"310170016","NOMGEO":"X-Cocail","CVE_ENT":"31","NOM_ENT":"Yucatán","AMBITO":"Rural","area_km2":0.104}},{"type":"Feature","id":"310170017","geometry":{"type":"Point","coordinates":[-88.58173,20.51291]},"geometry_name":"the_geom","properties":{"CVEGEO":"310170017","NOMGEO":"Xkopteil","CVE_ENT":"31","NOM_ENT":"Yucatán","AMBITO":"Rural","area_km2":0.518}},{"type":"Feature","id":"310170018","geometry":{"type":"Point","coordinates":[-88.5438,20.6317]},"geometry_name":"the_geom","properties":{"CVEGEO":"310170018","NOMGEO":"Xkatún","CVE_ENT":"31","NOM_ENT":"Yucatán","AMBITO":"Rural","area_km2":0.137}},{"type":"Feature","id":"310170083","geometry":{"type":"Point","coordinates":[-88.45073,20.47805]},"geometry_name":"the_geom","properties":{"CVEGEO":"310170083","NOMGEO":"Muchucuxcáh","CVE_ENT":"31","NOM_ENT":"Yucatán","AMBITO":"Rural","area_km2":0.296}},{"type":"Feature","id":"310180001","geometry":{"type":"Point","coordinates":[-89.45678,20.45852]},"geometry_name":"the_geom","properties":{"CVEGEO":"310180001","NOMGEO":"Chapab","CVE_ENT":"31","NOM_ENT":"Yucatán","AMBITO":"Urbana","area_km2":1.863}},{"type":"Feature","id":"310180003","geometry":{"type":"Point","coordinates":[-89.53668,20.51759]},"geometry_name":"the_geom","properties":{"CVEGEO":"310180003","NOMGEO":"Citincabchén","CVE_ENT":"31","NOM_ENT":"Yucatán","AMBITO":"Rural","area_km2":0.519}},{"type":"Feature","id":"310180004","geometry":{"type":"Point","coordinates":[-89.51373,20.53276]},"geometry_name":"the_geom","properties":{"CVEGEO":"310180004","NOMGEO":"Hunabchén","CVE_ENT":"31","NOM_ENT":"Yucatán","AMBITO":"Rural","area_km2":0.065}},{"type":"Feature","id":"310190001","geometry":{"type":"Point","coordinates":[-87.93623,20.65608]},"geometry_name":"the_geom","properties":{"CVEGEO":"310190001","NOMGEO":"Chemax","CVE_ENT":"31","NOM_ENT":"Yucatán","AMBITO":"Urbana","area_km2":4.082}},{"type":"Feature","id":"310190005","geometry":{"type":"Point","coordinates":[-87.86547,20.71605]},"geometry_name":"the_geom","properties":{"CVEGEO":"310190005","NOMGEO":"X-Catzín (Catzín)","CVE_ENT":"31","NOM_ENT":"Yucatán","AMBITO":"Rural","area_km2":0.741}},{"type":"Feature","id":"310190006","geometry":{"type":"Point","coordinates":[-87.75143,20.79128]},"geometry_name":"the_geom","properties":{"CVEGEO":"310190006","NOMGEO":"Cocoyol","CVE_ENT":"31","NOM_ENT":"Yucatán","AMBITO":"Rural","area_km2":0.271}},{"type":"Feature","id":"310190016","geometry":{"type":"Point","coordinates":[-87.79446,20.7743]},"geometry_name":"the_geom","properties":{"CVEGEO":"310190016","NOMGEO":"Cholul","CVE_ENT":"31","NOM_ENT":"Yucatán","AMBITO":"Rural","area_km2":0.088}},{"type":"Feature","id":"310190019","geometry":{"type":"Point","coordinates":[-87.96229,20.5679]},"geometry_name":"the_geom","properties":{"CVEGEO":"310190019","NOMGEO":"Chulután","CVE_ENT":"31","NOM_ENT":"Yucatán","AMBITO":"Rural","area_km2":0.402}},{"type":"Feature","id":"310190026","geometry":{"type":"Point","coordinates":[-87.86948,20.85762]},"geometry_name":"the_geom","properties":{"CVEGEO":"310190026","NOMGEO":"Kuxeb","CVE_ENT":"31","NOM_ENT":"Yucatán","AMBITO":"Rural","area_km2":0.395}},{"type":"Feature","id":"310190029","geometry":{"type":"Point","coordinates":[-87.83914,20.89435]},"geometry_name":"the_geom","properties":{"CVEGEO":"310190029","NOMGEO":"Mucel","CVE_ENT":"31","NOM_ENT":"Yucatán","AMBITO":"Rural","area_km2":0.679}},{"type":"Feature","id":"310190041","geometry":{"type":"Point","coordinates":[-87.73326,20.92642]},"geometry_name":"the_geom","properties":{"CVEGEO":"310190041","NOMGEO":"San Juan Chen","CVE_ENT":"31","NOM_ENT":"Yucatán","AMBITO":"Rural","area_km2":0.22}},{"type":"Feature","id":"310190042","geometry":{"type":"Point","coordinates":[-87.7884,20.94543]},"geometry_name":"the_geom","properties":{"CVEGEO":"310190042","NOMGEO":"San Pedro Chemax","CVE_ENT":"31","NOM_ENT":"Yucatán","AMBITO":"Rural","area_km2":0.294}},{"type":"Feature","id":"310190043","geometry":{"type":"Point","coordinates":[-87.72975,20.95714]},"geometry_name":"the_geom","properties":{"CVEGEO":"310190043","NOMGEO":"San Román","CVE_ENT":"31","NOM_ENT":"Yucatán","AMBITO":"Rural","area_km2":0.083}},{"type":"Feature","id":"310190046","geometry":{"type":"Point","coordinates":[-87.74831,20.85044]},"geometry_name":"the_geom","properties":{"CVEGEO":"310190046","NOMGEO":"Santa Cruz","CVE_ENT":"31","NOM_ENT":"Yucatán","AMBITO":"Rural","area_km2":0.193}},{"type":"Feature","id":"310190054","geometry":{"type":"Point","coordinates":[-87.92188,20.82341]},"geometry_name":"the_geom","properties":{"CVEGEO":"310190054","NOMGEO":"Sisbichén","CVE_ENT":"31","NOM_ENT":"Yucatán","AMBITO":"Rural","area_km2":1.164}},{"type":"Feature","id":"310190056","geometry":{"type":"Point","coordinates":[-87.99866,20.70506]},"geometry_name":"the_geom","properties":{"CVEGEO":"310190056","NOMGEO":"Kantó","CVE_ENT":"31","NOM_ENT":"Yucatán","AMBITO":"Rural","area_km2":0.062}},{"type":"Feature","id":"310190059","geometry":{"type":"Point","coordinates":[-88.00469,20.76952]},"geometry_name":"the_geom","properties":{"CVEGEO":"310190059","NOMGEO":"Uspibil","CVE_ENT":"31","NOM_ENT":"Yucatán","AMBITO":"Rural","area_km2":0.461}},{"type":"Feature","id":"310190062","geometry":{"type":"Point","coordinates":[-88.00812,20.67688]},"geometry_name":"the_geom","properties":{"CVEGEO":"310190062","NOMGEO":"Xalaú (X-Alau)","CVE_ENT":"31","NOM_ENT":"Yucatán","AMBITO":"Urbana","area_km2":1.028}},{"type":"Feature","id":"310190063","geometry":{"type":"Point","coordinates":[-87.66947,20.85786]},"geometry_name":"the_geom","properties":{"CVEGEO":"310190063","NOMGEO":"X-Can","CVE_ENT":"31","NOM_ENT":"Yucatán","AMBITO":"Urbana","area_km2":3.175}},{"type":"Feature","id":"310190066","geometry":{"type":"Point","coordinates":[-87.96468,20.77285]},"geometry_name":"the_geom","properties":{"CVEGEO":"310190066","NOMGEO":"Chechmil","CVE_ENT":"31","NOM_ENT":"Yucatán","AMBITO":"Rural","area_km2":0.265}},{"type":"Feature","id":"310190083","geometry":{"type":"Point","coordinates":[-87.82889,20.73694]},"geometry_name":"the_geom","properties":{"CVEGEO":"310190083","NOMGEO":"Pabalam","CVE_ENT":"31","NOM_ENT":"Yucatán","AMBITO":"Rural","area_km2":0.093}},{"type":"Feature","id":"310190088","geometry":{"type":"Point","coordinates":[-88.00271,20.69952]},"geometry_name":"the_geom","properties":{"CVEGEO":"310190088","NOMGEO":"Xuneb","CVE_ENT":"31","NOM_ENT":"Yucatán","AMBITO":"Rural","area_km2":0.048}},{"type":"Feature","id":"310190098","geometry":{"type":"Point","coordinates":[-87.92335,20.50171]},"geometry_name":"the_geom","properties":{"CVEGEO":"310190098","NOMGEO":"Lol-Bé","CVE_ENT":"31","NOM_ENT":"Yucatán","AMBITO":"Rural","area_km2":0.123}},{"type":"Feature","id":"310190324","geometry":{"type":"Point","coordinates":[-87.83823,20.75439]},"geometry_name":"the_geom","properties":{"CVEGEO":"310190324","NOMGEO":"San José Chahuay","CVE_ENT":"31","NOM_ENT":"Yucatán","AMBITO":"Rural","area_km2":0.126}},{"type":"Feature","id":"310190460","geometry":{"type":"Point","coordinates":[-87.81646,20.69499]},"geometry_name":"the_geom","properties":{"CVEGEO":"310190460","NOMGEO":"Hoteoch","CVE_ENT":"31","NOM_ENT":"Yucatán","AMBITO":"Rural","area_km2":0.111}},{"type":"Feature","id":"310190468","geometry":{"type":"Point","coordinates":[-88.00856,20.65937]},"geometry_name":"the_geom","properties":{"CVEGEO":"310190468","NOMGEO":"Tulín","CVE_ENT":"31","NOM_ENT":"Yucatán","AMBITO":"Rural","area_km2":0.078}},{"type":"Feature","id":"310190487","geometry":{"type":"Point","coordinates":[-87.73752,20.80809]},"geometry_name":"the_geom","properties":{"CVEGEO":"310190487","NOMGEO":"Estrella","CVE_ENT":"31","NOM_ENT":"Yucatán","AMBITO":"Rural","area_km2":0.049}},{"type":"Feature","id":"310200001","geometry":{"type":"Point","coordinates":[-89.51836,21.13553]},"geometry_name":"the_geom","properties":{"CVEGEO":"310200001","NOMGEO":"Chicxulub Pueblo","CVE_ENT":"31","NOM_ENT":"Yucatán","AMBITO":"Urbana","area_km2":3.131}},{"type":"Feature","id":"310210001","geometry":{"type":"Point","coordinates":[-88.2175,20.62998]},"geometry_name":"the_geom","properties":{"CVEGEO":"310210001","NOMGEO":"Chichimilá","CVE_ENT":"31","NOM_ENT":"Yucatán","AMBITO":"Urbana","area_km2":3.299}},{"type":"Feature","id":"310210004","geometry":{"type":"Point","coordinates":[-88.21083,20.45947]},"geometry_name":"the_geom","properties":{"CVEGEO":"310210004","NOMGEO":"Celtún","CVE_ENT":"31","NOM_ENT":"Yucatán","AMBITO":"Rural","area_km2":0.163}},{"type":"Feature","id":"310210008","geometry":{"type":"Point","coordinates":[-88.08689,20.3834]},"geometry_name":"the_geom","properties":{"CVEGEO":"310210008","NOMGEO":"Dzitox","CVE_ENT":"31","NOM_ENT":"Yucatán","AMBITO":"Rural","area_km2":0.473}},{"type":"Feature","id":"310210018","geometry":{"type":"Point","coordinates":[-88.21542,20.35192]},"geometry_name":"the_geom","properties":{"CVEGEO":"310210018","NOMGEO":"San Pedro","CVE_ENT":"31","NOM_ENT":"Yucatán","AMBITO":"Rural","area_km2":0.295}},{"type":"Feature","id":"310210022","geometry":{"type":"Point","coordinates":[-88.13932,20.35638]},"geometry_name":"the_geom","properties":{"CVEGEO":"310210022","NOMGEO":"Chan X-Cail","CVE_ENT":"31","NOM_ENT":"Yucatán","AMBITO":"Rural","area_km2":0.399}},{"type":"Feature","id":"310210024","geometry":{"type":"Point","coordinates":[-88.26621,20.44719]},"geometry_name":"the_geom","properties":{"CVEGEO":"310210024","NOMGEO":"Nuevo X-Habín","CVE_ENT":"31","NOM_ENT":"Yucatán","AMBITO":"Rural","area_km2":0.104}},{"type":"Feature","id":"310210033","geometry":{"type":"Point","coordinates":[-88.15088,20.44665]},"geometry_name":"the_geom","properties":{"CVEGEO":"310210033","NOMGEO":"Chan Pich","CVE_ENT":"31","NOM_ENT":"Yucatán","AMBITO":"Rural","area_km2":0.047}},{"type":"Feature","id":"310220001","geometry":{"type":"Point","coordinates":[-88.48704,20.33506]},"geometry_name":"the_geom","properties":{"CVEGEO":"310220001","NOMGEO":"Chikindzonot","CVE_ENT":"31","NOM_ENT":"Yucatán","AMBITO":"Urbana","area_km2":1.49}},{"type":"Feature","id":"310220002","geometry":{"type":"Point","coordinates":[-88.47514,20.38883]},"geometry_name":"the_geom","properties":{"CVEGEO":"310220002","NOMGEO":"Chan-Chichimilá","CVE_ENT":"31","NOM_ENT":"Yucatán","AMBITO":"Rural","area_km2":0.348}},{"type":"Feature","id":"310220003","geometry":{"type":"Point","coordinates":[-88.608,20.16301]},"geometry_name":"the_geom","properties":{"CVEGEO":"310220003","NOMGEO":"Ichmul","CVE_ENT":"31","NOM_ENT":"Yucatán","AMBITO":"Rural","area_km2":0.761}},{"type":"Feature","id":"310220012","geometry":{"type":"Point","coordinates":[-88.55733,20.38177]},"geometry_name":"the_geom","properties":{"CVEGEO":"310220012","NOMGEO":"Chan Santa María","CVE_ENT":"31","NOM_ENT":"Yucatán","AMBITO":"Rural","area_km2":0.047}},{"type":"Feature","id":"310220023","geometry":{"type":"Point","coordinates":[-88.5433,20.22438]},"geometry_name":"the_geom","properties":{"CVEGEO":"310220023","NOMGEO":"Chucteil","CVE_ENT":"31","NOM_ENT":"Yucatán","AMBITO":"Rural","area_km2":0.054}},{"type":"Feature","id":"310230001","geometry":{"type":"Point","coordinates":[-89.83123,20.75046]},"geometry_name":"the_geom","properties":{"CVEGEO":"310230001","NOMGEO":"Chocholá","CVE_ENT":"31","NOM_ENT":"Yucatán","AMBITO":"Urbana","area_km2":2.738}},{"type":"Feature","id":"310240001","geometry":{"type":"Point","coordinates":[-89.30099,20.43098]},"geometry_name":"the_geom","properties":{"CVEGEO":"310240001","NOMGEO":"Chumayel","CVE_ENT":"31","NOM_ENT":"Yucatán","AMBITO":"Urbana","area_km2":1.862}},{"type":"Feature","id":"310250001","geometry":{"type":"Point","coordinates":[-89.46931,20.38839]},"geometry_name":"the_geom","properties":{"CVEGEO":"310250001","NOMGEO":"Dzan","CVE_ENT":"31","NOM_ENT":"Yucatán","AMBITO":"Urbana","area_km2":2.63}},{"type":"Feature","id":"310260001","geometry":{"type":"Point","coordinates":[-89.30938,21.21065]},"geometry_name":"the_geom","properties":{"CVEGEO":"310260001","NOMGEO":"Dzemul","CVE_ENT":"31","NOM_ENT":"Yucatán","AMBITO":"Urbana","area_km2":2.83}},{"type":"Feature","id":"310260004","geometry":{"type":"Point","coordinates":[-89.39019,21.32994]},"geometry_name":"the_geom","properties":{"CVEGEO":"310260004","NOMGEO":"San Bruno","CVE_ENT":"31","NOM_ENT":"Yucatán","AMBITO":"Rural","area_km2":0.967}},{"type":"Feature","id":"310260005","geometry":{"type":"Point","coordinates":[-89.30582,21.23744]},"geometry_name":"the_geom","properties":{"CVEGEO":"310260005","NOMGEO":"San Diego","CVE_ENT":"31","NOM_ENT":"Yucatán","AMBITO":"Rural","area_km2":0.078}},{"type":"Feature","id":"310260006","geometry":{"type":"Point","coordinates":[-89.2758,21.23276]},"geometry_name":"the_geom","properties":{"CVEGEO":"310260006","NOMGEO":"San Eduardo","CVE_ENT":"31","NOM_ENT":"Yucatán","AMBITO":"Rural","area_km2":0.131}},{"type":"Feature","id":"310260035","geometry":{"type":"Point","coordinates":[-89.43825,21.32263]},"geometry_name":"the_geom","properties":{"CVEGEO":"310260035","NOMGEO":"San Benito","CVE_ENT":"31","NOM_ENT":"Yucatán","AMBITO":"Rural","area_km2":1.429}},{"type":"Feature","id":"310260069","geometry":{"type":"Point","coordinates":[-89.35999,21.33303]},"geometry_name":"the_geom","properties":{"CVEGEO":"310260069","NOMGEO":"Xtampú","CVE_ENT":"31","NOM_ENT":"Yucatán","AMBITO":"Rural","area_km2":0.381}},{"type":"Feature","id":"310270001","geometry":{"type":"Point","coordinates":[-89.03979,21.24877]},"geometry_name":"the_geom","properties":{"CVEGEO":"310270001","NOMGEO":"Dzidzantún","CVE_ENT":"31","NOM_ENT":"Yucatán","AMBITO":"Urbana","area_km2":4.401}},{"type":"Feature","id":"310270002","geometry":{"type":"Point","coordinates":[-89.023,21.25108]},"geometry_name":"the_geom","properties":{"CVEGEO":"310270002","NOMGEO":"San Francisco Manzanilla","CVE_ENT":"31","NOM_ENT":"Yucatán","AMBITO":"Rural","area_km2":0.668}},{"type":"Feature","id":"310270004","geometry":{"type":"Point","coordinates":[-89.01364,21.37332]},"geometry_name":"the_geom","properties":{"CVEGEO":"310270004","NOMGEO":"Santa Clara","CVE_ENT":"31","NOM_ENT":"Yucatán","AMBITO":"Rural","area_km2":0.509}},{"type":"Feature","id":"310280001","geometry":{"type":"Point","coordinates":[-88.89577,21.39168]},"geometry_name":"the_geom","properties":{"CVEGEO":"310280001","NOMGEO":"Dzilam de Bravo","CVE_ENT":"31","NOM_ENT":"Yucatán","AMBITO":"Urbana","area_km2":0.77}},{"type":"Feature","id":"310280139","geometry":{"type":"Point","coordinates":[-88.89533,21.37512]},"geometry_name":"the_geom","properties":{"CVEGEO":"310280139","NOMGEO":"Dzilam de Bravo [Unidad Habitacional]","CVE_ENT":"31","NOM_ENT":"Yucatán","AMBITO":"Rural","area_km2":0.052}},{"type":"Feature","id":"310280166","geometry":{"type":"Point","coordinates":[-88.89517,21.37756]},"geometry_name":"the_geom","properties":{"CVEGEO":"310280166","NOMGEO":"FONDEN [Unidad Habitacional]","CVE_ENT":"31","NOM_ENT":"Yucatán","AMBITO":"Rural","area_km2":0.02}},{"type":"Feature","id":"310290001","geometry":{"type":"Point","coordinates":[-88.92971,21.28051]},"geometry_name":"the_geom","properties":{"CVEGEO":"310290001","NOMGEO":"Dzilam González","CVE_ENT":"31","NOM_ENT":"Yucatán","AMBITO":"Urbana","area_km2":3.81}},{"type":"Feature","id":"310300001","geometry":{"type":"Point","coordinates":[-88.52872,20.84068]},"geometry_name":"the_geom","properties":{"CVEGEO":"310300001","NOMGEO":"Dzitás","CVE_ENT":"31","NOM_ENT":"Yucatán","AMBITO":"Urbana","area_km2":2.221}},{"type":"Feature","id":"310300008","geometry":{"type":"Point","coordinates":[-88.57151,20.77116]},"geometry_name":"the_geom","properties":{"CVEGEO":"310300008","NOMGEO":"Xocempich","CVE_ENT":"31","NOM_ENT":"Yucatán","AMBITO":"Rural","area_km2":0.701}},{"type":"Feature","id":"310300076","geometry":{"type":"Point","coordinates":[-88.54764,20.72901]},"geometry_name":"the_geom","properties":{"CVEGEO":"310300076","NOMGEO":"Yaxché","CVE_ENT":"31","NOM_ENT":"Yucatán","AMBITO":"Rural","area_km2":0.035}},{"type":"Feature","id":"310310001","geometry":{"type":"Point","coordinates":[-88.89073,21.12798]},"geometry_name":"the_geom","properties":{"CVEGEO":"310310001","NOMGEO":"Dzoncauich","CVE_ENT":"31","NOM_ENT":"Yucatán","AMBITO":"Urbana","area_km2":1.437}},{"type":"Feature","id":"310310002","geometry":{"type":"Point","coordinates":[-88.89177,21.0514]},"geometry_name":"the_geom","properties":{"CVEGEO":"310310002","NOMGEO":"Chacmay","CVE_ENT":"31","NOM_ENT":"Yucatán","AMBITO":"Rural","area_km2":0.509}},{"type":"Feature","id":"310320001","geometry":{"type":"Point","coordinates":[-88.30514,21.0112]},"geometry_name":"the_geom","properties":{"CVEGEO":"310320001","NOMGEO":"Espita","CVE_ENT":"31","NOM_ENT":"Yucatán","AMBITO":"Urbana","area_km2":6.162}},{"type":"Feature","id":"310320002","geometry":{"type":"Point","coordinates":[-88.27025,21.09093]},"geometry_name":"the_geom","properties":{"CVEGEO":"310320002","NOMGEO":"Holcá","CVE_ENT":"31","NOM_ENT":"Yucatán","AMBITO":"Rural","area_km2":0.383}},{"type":"Feature","id":"310320003","geometry":{"type":"Point","coordinates":[-88.30257,20.91002]},"geometry_name":"the_geom","properties":{"CVEGEO":"310320003","NOMGEO":"Kunché","CVE_ENT":"31","NOM_ENT":"Yucatán","AMBITO":"Rural","area_km2":0.362}},{"type":"Feature","id":"310320004","geometry":{"type":"Point","coordinates":[-88.29626,20.92416]},"geometry_name":"the_geom","properties":{"CVEGEO":"310320004","NOMGEO":"Nacuché","CVE_ENT":"31","NOM_ENT":"Yucatán","AMBITO":"Rural","area_km2":0.422}},{"type":"Feature","id":"310320005","geometry":{"type":"Point","coordinates":[-88.31356,20.87533]},"geometry_name":"the_geom","properties":{"CVEGEO":"310320005","NOMGEO":"San Pedro Chenchelá","CVE_ENT":"31","NOM_ENT":"Yucatán","AMBITO":"Rural","area_km2":0.102}},{"type":"Feature","id":"310320006","geometry":{"type":"Point","coordinates":[-88.29655,21.09329]},"geometry_name":"the_geom","properties":{"CVEGEO":"310320006","NOMGEO":"Santa Cruz Regadío","CVE_ENT":"31","NOM_ENT":"Yucatán","AMBITO":"Rural","area_km2":0.067}},{"type":"Feature","id":"310320007","geometry":{"type":"Point","coordinates":[-88.47204,21.11395]},"geometry_name":"the_geom","properties":{"CVEGEO":"310320007","NOMGEO":"Tuzik","CVE_ENT":"31","NOM_ENT":"Yucatán","AMBITO":"Rural","area_km2":0.323}},{"type":"Feature","id":"310320008","geometry":{"type":"Point","coordinates":[-88.47158,21.12441]},"geometry_name":"the_geom","properties":{"CVEGEO":"310320008","NOMGEO":"X-Ualtez","CVE_ENT":"31","NOM_ENT":"Yucatán","AMBITO":"Rural","area_km2":0.217}},{"type":"Feature","id":"310320009","geometry":{"type":"Point","coordinates":[-88.41968,20.91659]},"geometry_name":"the_geom","properties":{"CVEGEO":"310320009","NOMGEO":"Xuilub","CVE_ENT":"31","NOM_ENT":"Yucatán","AMBITO":"Rural","area_km2":0.25}},{"type":"Feature","id":"310330001","geometry":{"type":"Point","coordinates":[-90.07983,20.4797]},"geometry_name":"the_geom","properties":{"CVEGEO":"310330001","NOMGEO":"Halachó","CVE_ENT":"31","NOM_ENT":"Yucatán","AMBITO":"Urbana","area_km2":8.591}},{"type":"Feature","id":"310330002","geometry":{"type":"Point","coordinates":[-90.10957,20.50712]},"geometry_name":"the_geom","properties":{"CVEGEO":"310330002","NOMGEO":"Cepeda","CVE_ENT":"31","NOM_ENT":"Yucatán","AMBITO":"Urbana","area_km2":1.584}},{"type":"Feature","id":"310330003","geometry":{"type":"Point","coordinates":[-90.09564,20.43478]},"geometry_name":"the_geom","properties":{"CVEGEO":"310330003","NOMGEO":"Cuch Holoch","CVE_ENT":"31","NOM_ENT":"Yucatán","AMBITO":"Rural","area_km2":2.548}},{"type":"Feature","id":"310330004","geometry":{"type":"Point","coordinates":[-90.13761,20.52602]},"geometry_name":"the_geom","properties":{"CVEGEO":"310330004","NOMGEO":"Kancabchén","CVE_ENT":"31","NOM_ENT":"Yucatán","AMBITO":"Rural","area_km2":0.261}},{"type":"Feature","id":"310330005","geometry":{"type":"Point","coordinates":[-90.21321,20.59071]},"geometry_name":"the_geom","properties":{"CVEGEO":"310330005","NOMGEO":"San Mateo","CVE_ENT":"31","NOM_ENT":"Yucatán","AMBITO":"Rural","area_km2":0.249}},{"type":"Feature","id":"310330006","geometry":{"type":"Point","coordinates":[-90.1637,20.54676]},"geometry_name":"the_geom","properties":{"CVEGEO":"310330006","NOMGEO":"Santa María Acú","CVE_ENT":"31","NOM_ENT":"Yucatán","AMBITO":"Rural","area_km2":1.084}},{"type":"Feature","id":"310330007","geometry":{"type":"Point","coordinates":[-90.16399,20.48665]},"geometry_name":"the_geom","properties":{"CVEGEO":"310330007","NOMGEO":"Sihó","CVE_ENT":"31","NOM_ENT":"Yucatán","AMBITO":"Rural","area_km2":0.732}},{"type":"Feature","id":"310330008","geometry":{"type":"Point","coordinates":[-90.12634,20.57029]},"geometry_name":"the_geom","properties":{"CVEGEO":"310330008","NOMGEO":"Dzidzibachí","CVE_ENT":"31","NOM_ENT":"Yucatán","AMBITO":"Rural","area_km2":0.323}},{"type":"Feature","id":"310340001","geometry":{"type":"Point","coordinates":[-89.24538,20.81641]},"geometry_name":"the_geom","properties":{"CVEGEO":"310340001","NOMGEO":"Hocabá","CVE_ENT":"31","NOM_ENT":"Yucatán","AMBITO":"Urbana","area_km2":2.949}},{"type":"Feature","id":"310340003","geometry":{"type":"Point","coordinates":[-89.18147,20.79152]},"geometry_name":"the_geom","properties":{"CVEGEO":"310340003","NOMGEO":"Sahcabá","CVE_ENT":"31","NOM_ENT":"Yucatán","AMBITO":"Rural","area_km2":1.157}},{"type":"Feature","id":"310350001","geometry":{"type":"Point","coordinates":[-89.1997,20.86537]},"geometry_name":"the_geom","properties":{"CVEGEO":"310350001","NOMGEO":"Hoctún","CVE_ENT":"31","NOM_ENT":"Yucatán","AMBITO":"Urbana","area_km2":3.01}},{"type":"Feature","id":"310350007","geometry":{"type":"Point","coordinates":[-89.10261,20.86041]},"geometry_name":"the_geom","properties":{"CVEGEO":"310350007","NOMGEO":"San José Oriente","CVE_ENT":"31","NOM_ENT":"Yucatán","AMBITO":"Rural","area_km2":0.502}},{"type":"Feature","id":"310360001","geometry":{"type":"Point","coordinates":[-89.28553,20.73816]},"geometry_name":"the_geom","properties":{"CVEGEO":"310360001","NOMGEO":"Homún","CVE_ENT":"31","NOM_ENT":"Yucatán","AMBITO":"Urbana","area_km2":5.136}},{"type":"Feature","id":"310360007","geometry":{"type":"Point","coordinates":[-89.2605,20.73054]},"geometry_name":"the_geom","properties":{"CVEGEO":"310360007","NOMGEO":"Kampepén","CVE_ENT":"31","NOM_ENT":"Yucatán","AMBITO":"Rural","area_km2":0.043}},{"type":"Feature","id":"310360010","geometry":{"type":"Point","coordinates":[-89.21849,20.7332]},"geometry_name":"the_geom","properties":{"CVEGEO":"310360010","NOMGEO":"Polabán","CVE_ENT":"31","NOM_ENT":"Yucatán","AMBITO":"Rural","area_km2":0.132}},{"type":"Feature","id":"310360012","geometry":{"type":"Point","coordinates":[-89.3421,20.63701]},"geometry_name":"the_geom","properties":{"CVEGEO":"310360012","NOMGEO":"San Isidro Ochil","CVE_ENT":"31","NOM_ENT":"Yucatán","AMBITO":"Rural","area_km2":0.592}},{"type":"Feature","id":"310370001","geometry":{"type":"Point","coordinates":[-89.16018,20.72514]},"geometry_name":"the_geom","properties":{"CVEGEO":"310370001","NOMGEO":"Huhí","CVE_ENT":"31","NOM_ENT":"Yucatán","AMBITO":"Urbana","area_km2":3.143}},{"type":"Feature","id":"310370002","geometry":{"type":"Point","coordinates":[-89.12272,20.63793]},"geometry_name":"the_geom","properties":{"CVEGEO":"310370002","NOMGEO":"Tixcacal Quintero","CVE_ENT":"31","NOM_ENT":"Yucatán","AMBITO":"Rural","area_km2":0.161}},{"type":"Feature","id":"310380001","geometry":{"type":"Point","coordinates":[-89.8775,21.01846]},"geometry_name":"the_geom","properties":{"CVEGEO":"310380001","NOMGEO":"Hunucmá","CVE_ENT":"31","NOM_ENT":"Yucatán","AMBITO":"Urbana","area_km2":15.533}},{"type":"Feature","id":"310380002","geometry":{"type":"Point","coordinates":[-89.85638,20.96515]},"geometry_name":"the_geom","properties":{"CVEGEO":"310380002","NOMGEO":"Hunkanab","CVE_ENT":"31","NOM_ENT":"Yucatán","AMBITO":"Rural","area_km2":0.608}},{"type":"Feature","id":"310380003","geometry":{"type":"Point","coordinates":[-89.81507,20.99695]},"geometry_name":"the_geom","properties":{"CVEGEO":"310380003","NOMGEO":"San Antonio Chel","CVE_ENT":"31","NOM_ENT":"Yucatán","AMBITO":"Rural","area_km2":0.257}},{"type":"Feature","id":"310380004","geometry":{"type":"Point","coordinates":[-90.03302,21.16495]},"geometry_name":"the_geom","properties":{"CVEGEO":"310380004","NOMGEO":"Sisal","CVE_ENT":"31","NOM_ENT":"Yucatán","AMBITO":"Rural","area_km2":1.34}},{"type":"Feature","id":"310380005","geometry":{"type":"Point","coordinates":[-89.8304,20.9337]},"geometry_name":"the_geom","properties":{"CVEGEO":"310380005","NOMGEO":"Texán de Palomeque","CVE_ENT":"31","NOM_ENT":"Yucatán","AMBITO":"Urbana","area_km2":2.509}},{"type":"Feature","id":"310390001","geometry":{"type":"Point","coordinates":[-89.48158,21.15359]},"geometry_name":"the_geom","properties":{"CVEGEO":"310390001","NOMGEO":"Ixil","CVE_ENT":"31","NOM_ENT":"Yucatán","AMBITO":"Urbana","area_km2":2.504}},{"type":"Feature","id":"310390023","geometry":{"type":"Point","coordinates":[-89.47192,21.31848]},"geometry_name":"the_geom","properties":{"CVEGEO":"310390023","NOMGEO":"El Faro","CVE_ENT":"31","NOM_ENT":"Yucatán","AMBITO":"Rural","area_km2":0.764}},{"type":"Feature","id":"310400001","geometry":{"type":"Point","coordinates":[-89.01998,20.93455]},"geometry_name":"the_geom","properties":{"CVEGEO":"310400001","NOMGEO":"Izamal","CVE_ENT":"31","NOM_ENT":"Yucatán","AMBITO":"Urbana","area_km2":10.061}},{"type":"Feature","id":"310400003","geometry":{"type":"Point","coordinates":[-89.11846,20.95066]},"geometry_name":"the_geom","properties":{"CVEGEO":"310400003","NOMGEO":"Citilcum","CVE_ENT":"31","NOM_ENT":"Yucatán","AMBITO":"Rural","area_km2":1.799}},{"type":"Feature","id":"310400004","geometry":{"type":"Point","coordinates":[-88.99933,20.88679]},"geometry_name":"the_geom","properties":{"CVEGEO":"310400004","NOMGEO":"Cuauhtémoc","CVE_ENT":"31","NOM_ENT":"Yucatán","AMBITO":"Rural","area_km2":0.37}},{"type":"Feature","id":"310400024","geometry":{"type":"Point","coordinates":[-88.95599,20.94089]},"geometry_name":"the_geom","properties":{"CVEGEO":"310400024","NOMGEO":"Sitilpech","CVE_ENT":"31","NOM_ENT":"Yucatán","AMBITO":"Rural","area_km2":1.712}},{"type":"Feature","id":"310400028","geometry":{"type":"Point","coordinates":[-89.01415,20.83528]},"geometry_name":"the_geom","properties":{"CVEGEO":"310400028","NOMGEO":"Xanabá","CVE_ENT":"31","NOM_ENT":"Yucatán","AMBITO":"Rural","area_km2":0.919}},{"type":"Feature","id":"310400041","geometry":{"type":"Point","coordinates":[-89.12441,20.93315]},"geometry_name":"the_geom","properties":{"CVEGEO":"310400041","NOMGEO":"Kimbilá","CVE_ENT":"31","NOM_ENT":"Yucatán","AMBITO":"Urbana","area_km2":2.697}},{"type":"Feature","id":"310410001","geometry":{"type":"Point","coordinates":[-89.5657,20.93809]},"geometry_name":"the_geom","properties":{"CVEGEO":"310410001","NOMGEO":"Kanasín","CVE_ENT":"31","NOM_ENT":"Yucatán","AMBITO":"Urbana","area_km2":31.4}},{"type":"Feature","id":"310410003","geometry":{"type":"Point","coordinates":[-89.52068,20.8991]},"geometry_name":"the_geom","properties":{"CVEGEO":"310410003","NOMGEO":"San Antonio Tehuitz","CVE_ENT":"31","NOM_ENT":"Yucatán","AMBITO":"Rural","area_km2":0.301}},{"type":"Feature","id":"310410006","geometry":{"type":"Point","coordinates":[-89.52721,20.93726]},"geometry_name":"the_geom","properties":{"CVEGEO":"310410006","NOMGEO":"Teya","CVE_ENT":"31","NOM_ENT":"Yucatán","AMBITO":"Rural","area_km2":2.053}},{"type":"Feature","id":"310410135","geometry":{"type":"Point","coordinates":[-89.58395,20.90206]},"geometry_name":"the_geom","properties":{"CVEGEO":"310410135","NOMGEO":"Dzoyolá","CVE_ENT":"31","NOM_ENT":"Yucatán","AMBITO":"Rural","area_km2":0.313}},{"type":"Feature","id":"310420001","geometry":{"type":"Point","coordinates":[-89.0355,20.79686]},"geometry_name":"the_geom","properties":{"CVEGEO":"310420001","NOMGEO":"Kantunil","CVE_ENT":"31","NOM_ENT":"Yucatán","AMBITO":"Urbana","area_km2":3.421}},{"type":"Feature","id":"310420002","geometry":{"type":"Point","coordinates":[-88.92729,20.75634]},"geometry_name":"the_geom","properties":{"CVEGEO":"310420002","NOMGEO":"Holcá","CVE_ENT":"31","NOM_ENT":"Yucatán","AMBITO":"Rural","area_km2":1.135}},{"type":"Feature","id":"310430001","geometry":{"type":"Point","coordinates":[-88.41528,20.62118]},"geometry_name":"the_geom","properties":{"CVEGEO":"310430001","NOMGEO":"Kaua","CVE_ENT":"31","NOM_ENT":"Yucatán","AMBITO":"Urbana","area_km2":1.681}},{"type":"Feature","id":"310430003","geometry":{"type":"Point","coordinates":[-88.44181,20.57457]},"geometry_name":"the_geom","properties":{"CVEGEO":"310430003","NOMGEO":"Dzibiac","CVE_ENT":"31","NOM_ENT":"Yucatán","AMBITO":"Rural","area_km2":0.021}},{"type":"Feature","id":"310430006","geometry":{"type":"Point","coordinates":[-88.43229,20.56763]},"geometry_name":"the_geom","properties":{"CVEGEO":"310430006","NOMGEO":"Dzeal","CVE_ENT":"31","NOM_ENT":"Yucatán","AMBITO":"Rural","area_km2":0.293}},{"type":"Feature","id":"310440001","geometry":{"type":"Point","coordinates":[-89.94906,20.91452]},"geometry_name":"the_geom","properties":{"CVEGEO":"310440001","NOMGEO":"Kinchil","CVE_ENT":"31","NOM_ENT":"Yucatán","AMBITO":"Urbana","area_km2":4.176}},{"type":"Feature","id":"310440002","geometry":{"type":"Point","coordinates":[-89.93065,20.87452]},"geometry_name":"the_geom","properties":{"CVEGEO":"310440002","NOMGEO":"Tamchén","CVE_ENT":"31","NOM_ENT":"Yucatán","AMBITO":"Rural","area_km2":0.229}},{"type":"Feature","id":"310450001","geometry":{"type":"Point","coordinates":[-89.90044,20.64859]},"geometry_name":"the_geom","properties":{"CVEGEO":"310450001","NOMGEO":"Kopomá","CVE_ENT":"31","NOM_ENT":"Yucatán","AMBITO":"Urbana","area_km2":1.766}},{"type":"Feature","id":"310450002","geometry":{"type":"Point","coordinates":[-89.953,20.63655]},"geometry_name":"the_geom","properties":{"CVEGEO":"310450002","NOMGEO":"San Bernardo","CVE_ENT":"31","NOM_ENT":"Yucatán","AMBITO":"Rural","area_km2":0.326}},{"type":"Feature","id":"310460001","geometry":{"type":"Point","coordinates":[-89.36549,20.47709]},"geometry_name":"the_geom","properties":{"CVEGEO":"310460001","NOMGEO":"Mama","CVE_ENT":"31","NOM_ENT":"Yucatán","AMBITO":"Urbana","area_km2":2.082}},{"type":"Feature","id":"310460065","geometry":{"type":"Point","coordinates":[-89.33968,20.52446]},"geometry_name":"the_geom","properties":{"CVEGEO":"310460065","NOMGEO":"Nuevo San Juan","CVE_ENT":"31","NOM_ENT":"Yucatán","AMBITO":"Rural","area_km2":0.106}},{"type":"Feature","id":"310470001","geometry":{"type":"Point","coordinates":[-89.39153,20.38721]},"geometry_name":"the_geom","properties":{"CVEGEO":"310470001","NOMGEO":"Maní","CVE_ENT":"31","NOM_ENT":"Yucatán","AMBITO":"Urbana","area_km2":3.944}},{"type":"Feature","id":"310470009","geometry":{"type":"Point","coordinates":[-89.34235,20.4067]},"geometry_name":"the_geom","properties":{"CVEGEO":"310470009","NOMGEO":"Tipikal","CVE_ENT":"31","NOM_ENT":"Yucatán","AMBITO":"Rural","area_km2":0.835}},{"type":"Feature","id":"310470058","geometry":{"type":"Point","coordinates":[-89.40132,20.32181]},"geometry_name":"the_geom","properties":{"CVEGEO":"310470058","NOMGEO":"Pozo Nueve","CVE_ENT":"31","NOM_ENT":"Yucatán","AMBITO":"Rural","area_km2":0.288}},{"type":"Feature","id":"310480001","geometry":{"type":"Point","coordinates":[-90.00206,20.58595]},"geometry_name":"the_geom","properties":{"CVEGEO":"310480001","NOMGEO":"Maxcanú","CVE_ENT":"31","NOM_ENT":"Yucatán","AMBITO":"Urbana","area_km2":7.168}},{"type":"Feature","id":"310480002","geometry":{"type":"Point","coordinates":[-90.17055,20.66527]},"geometry_name":"the_geom","properties":{"CVEGEO":"310480002","NOMGEO":"Coahuila (Santa Teresa Coahuila)","CVE_ENT":"31","NOM_ENT":"Yucatán","AMBITO":"Rural","area_km2":0.396}},{"type":"Feature","id":"310480003","geometry":{"type":"Point","coordinates":[-90.00986,20.52397]},"geometry_name":"the_geom","properties":{"CVEGEO":"310480003","NOMGEO":"Chactún (San José Chactún)","CVE_ENT":"31","NOM_ENT":"Yucatán","AMBITO":"Rural","area_km2":0.196}},{"type":"Feature","id":"310480004","geometry":{"type":"Point","coordinates":[-90.0381,20.52402]},"geometry_name":"the_geom","properties":{"CVEGEO":"310480004","NOMGEO":"Chan Chocholá (Santa Eduviges Chan Chocholá)","CVE_ENT":"31","NOM_ENT":"Yucatán","AMBITO":"Rural","area_km2":0.321}},{"type":"Feature","id":"310480006","geometry":{"type":"Point","coordinates":[-90.21373,20.64322]},"geometry_name":"the_geom","properties":{"CVEGEO":"310480006","NOMGEO":"Chunchucmil","CVE_ENT":"31","NOM_ENT":"Yucatán","AMBITO":"Rural","area_km2":0.483}},{"type":"Feature","id":"310480007","geometry":{"type":"Point","coordinates":[-90.04773,20.57863]},"geometry_name":"the_geom","properties":{"CVEGEO":"310480007","NOMGEO":"Granada (Chican Granada)","CVE_ENT":"31","NOM_ENT":"Yucatán","AMBITO":"Rural","area_km2":0.28}},{"type":"Feature","id":"310480010","geometry":{"type":"Point","coordinates":[-89.88776,20.6068]},"geometry_name":"the_geom","properties":{"CVEGEO":"310480010","NOMGEO":"Kanachén","CVE_ENT":"31","NOM_ENT":"Yucatán","AMBITO":"Rural","area_km2":0.28}},{"type":"Feature","id":"310480011","geometry":{"type":"Point","coordinates":[-90.15874,20.62006]},"geometry_name":"the_geom","properties":{"CVEGEO":"310480011","NOMGEO":"Kochol","CVE_ENT":"31","NOM_ENT":"Yucatán","AMBITO":"Rural","area_km2":0.653}},{"type":"Feature","id":"310480012","geometry":{"type":"Point","coordinates":[-90.11629,20.67622]},"geometry_name":"the_geom","properties":{"CVEGEO":"310480012","NOMGEO":"Paraíso","CVE_ENT":"31","NOM_ENT":"Yucatán","AMBITO":"Rural","area_km2":0.347}},{"type":"Feature","id":"310480014","geometry":{"type":"Point","coordinates":[-90.06788,20.65059]},"geometry_name":"the_geom","properties":{"CVEGEO":"310480014","NOMGEO":"San Fernando","CVE_ENT":"31","NOM_ENT":"Yucatán","AMBITO":"Rural","area_km2":0.193}},{"type":"Feature","id":"310480017","geometry":{"type":"Point","coordinates":[-90.15883,20.70321]},"geometry_name":"the_geom","properties":{"CVEGEO":"310480017","NOMGEO":"San Rafael","CVE_ENT":"31","NOM_ENT":"Yucatán","AMBITO":"Rural","area_km2":0.416}},{"type":"Feature","id":"310480018","geometry":{"type":"Point","coordinates":[-89.95862,20.58559]},"geometry_name":"the_geom","properties":{"CVEGEO":"310480018","NOMGEO":"Santa Cruz","CVE_ENT":"31","NOM_ENT":"Yucatán","AMBITO":"Rural","area_km2":0.155}},{"type":"Feature","id":"310480020","geometry":{"type":"Point","coordinates":[-90.08845,20.6059]},"geometry_name":"the_geom","properties":{"CVEGEO":"310480020","NOMGEO":"Santa Rosa (Santa Rosa de Lima)","CVE_ENT":"31","NOM_ENT":"Yucatán","AMBITO":"Rural","area_km2":0.456}},{"type":"Feature","id":"310480021","geometry":{"type":"Point","coordinates":[-90.11344,20.60088]},"geometry_name":"the_geom","properties":{"CVEGEO":"310480021","NOMGEO":"Santo Domingo","CVE_ENT":"31","NOM_ENT":"Yucatán","AMBITO":"Rural","area_km2":0.499}},{"type":"Feature","id":"310490001","geometry":{"type":"Point","coordinates":[-89.21353,20.46793]},"geometry_name":"the_geom","properties":{"CVEGEO":"310490001","NOMGEO":"Mayapán","CVE_ENT":"31","NOM_ENT":"Yucatán","AMBITO":"Urbana","area_km2":1.788}},{"type":"Feature","id":"310500001","geometry":{"type":"Point","coordinates":[-89.63296,20.98527]},"geometry_name":"the_geom","properties":{"CVEGEO":"310500001","NOMGEO":"Mérida","CVE_ENT":"31","NOM_ENT":"Yucatán","AMBITO":"Urbana","area_km2":249.922}},{"type":"Feature","id":"310500075","geometry":{"type":"Point","coordinates":[-89.70644,21.01728]},"geometry_name":"the_geom","properties":{"CVEGEO":"310500075","NOMGEO":"Caucel","CVE_ENT":"31","NOM_ENT":"Yucatán","AMBITO":"Urbana","area_km2":5.395}},{"type":"Feature","id":"310500076","geometry":{"type":"Point","coordinates":[-89.70644,21.09891]},"geometry_name":"the_geom","properties":{"CVEGEO":"310500076","NOMGEO":"Cosgaya","CVE_ENT":"31","NOM_ENT":"Yucatán","AMBITO":"Rural","area_km2":0.622}},{"type":"Feature","id":"310500077","geometry":{"type":"Point","coordinates":[-89.57179,21.09508]},"geometry_name":"the_geom","properties":{"CVEGEO":"310500077","NOMGEO":"Chablekal","CVE_ENT":"31","NOM_ENT":"Yucatán","AMBITO":"Urbana","area_km2":4.345}},{"type":"Feature","id":"310500079","geometry":{"type":"Point","coordinates":[-89.72734,20.97298]},"geometry_name":"the_geom","properties":{"CVEGEO":"310500079","NOMGEO":"Chalmuch","CVE_ENT":"31","NOM_ENT":"Yucatán","AMBITO":"Rural","area_km2":0.641}},{"type":"Feature","id":"310500081","geometry":{"type":"Point","coordinates":[-89.70628,21.06613]},"geometry_name":"the_geom","properties":{"CVEGEO":"310500081","NOMGEO":"Cheumán","CVE_ENT":"31","NOM_ENT":"Yucatán","AMBITO":"Rural","area_km2":0.228}},{"type":"Feature","id":"310500084","geometry":{"type":"Point","coordinates":[-89.55756,21.04359]},"geometry_name":"the_geom","properties":{"CVEGEO":"310500084","NOMGEO":"Cholul","CVE_ENT":"31","NOM_ENT":"Yucatán","AMBITO":"Urbana","area_km2":9.537}},{"type":"Feature","id":"310500086","geometry":{"type":"Point","coordinates":[-89.59408,21.09852]},"geometry_name":"the_geom","properties":{"CVEGEO":"310500086","NOMGEO":"Dzibilchaltún","CVE_ENT":"31","NOM_ENT":"Yucatán","AMBITO":"Rural","area_km2":0.211}},{"type":"Feature","id":"310500087","geometry":{"type":"Point","coordinates":[-89.68958,21.15186]},"geometry_name":"the_geom","properties":{"CVEGEO":"310500087","NOMGEO":"Dzidzilché","CVE_ENT":"31","NOM_ENT":"Yucatán","AMBITO":"Rural","area_km2":0.311}},{"type":"Feature","id":"310500088","geometry":{"type":"Point","coordinates":[-89.68046,21.05338]},"geometry_name":"the_geom","properties":{"CVEGEO":"310500088","NOMGEO":"Dzityá","CVE_ENT":"31","NOM_ENT":"Yucatán","AMBITO":"Rural","area_km2":2.515}},{"type":"Feature","id":"310500089","geometry":{"type":"Point","coordinates":[-89.59069,20.78936]},"geometry_name":"the_geom","properties":{"CVEGEO":"310500089","NOMGEO":"Dzoyaxché","CVE_ENT":"31","NOM_ENT":"Yucatán","AMBITO":"Rural","area_km2":0.555}},{"type":"Feature","id":"310500090","geometry":{"type":"Point","coordinates":[-89.65284,20.86327]},"geometry_name":"the_geom","properties":{"CVEGEO":"310500090","NOMGEO":"Dzununcán","CVE_ENT":"31","NOM_ENT":"Yucatán","AMBITO":"Rural","area_km2":2.354}},{"type":"Feature","id":"310500092","geometry":{"type":"Point","coordinates":[-89.69285,21.12924]},"geometry_name":"the_geom","properties":{"CVEGEO":"310500092","NOMGEO":"Kikteil","CVE_ENT":"31","NOM_ENT":"Yucatán","AMBITO":"Rural","area_km2":0.194}},{"type":"Feature","id":"310500093","geometry":{"type":"Point","coordinates":[-89.66107,21.10571]},"geometry_name":"the_geom","properties":{"CVEGEO":"310500093","NOMGEO":"Komchén","CVE_ENT":"31","NOM_ENT":"Yucatán","AMBITO":"Urbana","area_km2":4.321}},{"type":"Feature","id":"310500095","geometry":{"type":"Point","coordinates":[-89.62832,20.81534]},"geometry_name":"the_geom","properties":{"CVEGEO":"310500095","NOMGEO":"Molas","CVE_ENT":"31","NOM_ENT":"Yucatán","AMBITO":"Rural","area_km2":1.563}},{"type":"Feature","id":"310500097","geometry":{"type":"Point","coordinates":[-89.71817,21.08002]},"geometry_name":"the_geom","properties":{"CVEGEO":"310500097","NOMGEO":"Noc Ac","CVE_ENT":"31","NOM_ENT":"Yucatán","AMBITO":"Rural","area_km2":0.379}},{"type":"Feature","id":"310500100","geometry":{"type":"Point","coordinates":[-89.65797,20.76982]},"geometry_name":"the_geom","properties":{"CVEGEO":"310500100","NOMGEO":"Petac","CVE_ENT":"31","NOM_ENT":"Yucatán","AMBITO":"Rural","area_km2":0.17}},{"type":"Feature","id":"310500102","geometry":{"type":"Point","coordinates":[-89.58418,21.13794]},"geometry_name":"the_geom","properties":{"CVEGEO":"310500102","NOMGEO":"Sac-Nicté","CVE_ENT":"31","NOM_ENT":"Yucatán","AMBITO":"Rural","area_km2":0.404}},{"type":"Feature","id":"310500103","geometry":{"type":"Point","coordinates":[-89.67537,21.06477]},"geometry_name":"the_geom","properties":{"CVEGEO":"310500103","NOMGEO":"San Antonio Hool","CVE_ENT":"31","NOM_ENT":"Yucatán","AMBITO":"Rural","area_km2":0.437}},{"type":"Feature","id":"310500108","geometry":{"type":"Point","coordinates":[-89.61197,20.8392]},"geometry_name":"the_geom","properties":{"CVEGEO":"310500108","NOMGEO":"San Ignacio Tesip","CVE_ENT":"31","NOM_ENT":"Yucatán","AMBITO":"Rural","area_km2":0.477}},{"type":"Feature","id":"310500111","geometry":{"type":"Point","coordinates":[-89.65796,20.82485]},"geometry_name":"the_geom","properties":{"CVEGEO":"310500111","NOMGEO":"San José Tzal","CVE_ENT":"31","NOM_ENT":"Yucatán","AMBITO":"Urbana","area_km2":2.899}},{"type":"Feature","id":"310500116","geometry":{"type":"Point","coordinates":[-89.57837,20.86752]},"geometry_name":"the_geom","properties":{"CVEGEO":"310500116","NOMGEO":"San Pedro Chimay","CVE_ENT":"31","NOM_ENT":"Yucatán","AMBITO":"Rural","area_km2":1.216}},{"type":"Feature","id":"310500117","geometry":{"type":"Point","coordinates":[-89.65513,20.88024]},"geometry_name":"the_geom","properties":{"CVEGEO":"310500117","NOMGEO":"Santa Cruz Palomeque","CVE_ENT":"31","NOM_ENT":"Yucatán","AMBITO":"Rural","area_km2":0.967}},{"type":"Feature","id":"310500119","geometry":{"type":"Point","coordinates":[-89.48263,21.03194]},"geometry_name":"the_geom","properties":{"CVEGEO":"310500119","NOMGEO":"Santa María Chí","CVE_ENT":"31","NOM_ENT":"Yucatán","AMBITO":"Rural","area_km2":0.401}},{"type":"Feature","id":"310500120","geometry":{"type":"Point","coordinates":[-89.72908,21.12413]},"geometry_name":"the_geom","properties":{"CVEGEO":"310500120","NOMGEO":"Sierra Papacal","CVE_ENT":"31","NOM_ENT":"Yucatán","AMBITO":"Rural","area_km2":1.022}},{"type":"Feature","id":"310500121","geometry":{"type":"Point","coordinates":[-89.51921,21.02738]},"geometry_name":"the_geom","properties":{"CVEGEO":"310500121","NOMGEO":"Sitpach","CVE_ENT":"31","NOM_ENT":"Yucatán","AMBITO":"Rural","area_km2":2.873}},{"type":"Feature","id":"310500123","geometry":{"type":"Point","coordinates":[-89.69692,20.97251]},"geometry_name":"the_geom","properties":{"CVEGEO":"310500123","NOMGEO":"Susulá","CVE_ENT":"31","NOM_ENT":"Yucatán","AMBITO":"Rural","area_km2":0.365}},{"type":"Feature","id":"310500124","geometry":{"type":"Point","coordinates":[-89.73174,21.10202]},"geometry_name":"the_geom","properties":{"CVEGEO":"310500124","NOMGEO":"Suytunchén","CVE_ENT":"31","NOM_ENT":"Yucatán","AMBITO":"Rural","area_km2":0.138}},{"type":"Feature","id":"310500125","geometry":{"type":"Point","coordinates":[-89.59929,20.88565]},"geometry_name":"the_geom","properties":{"CVEGEO":"310500125","NOMGEO":"Tahdzibichén","CVE_ENT":"31","NOM_ENT":"Yucatán","AMBITO":"Rural","area_km2":0.531}},{"type":"Feature","id":"310500128","geometry":{"type":"Point","coordinates":[-89.59986,21.06757]},"geometry_name":"the_geom","properties":{"CVEGEO":"310500128","NOMGEO":"Temozón Norte","CVE_ENT":"31","NOM_ENT":"Yucatán","AMBITO":"Rural","area_km2":1.49}},{"type":"Feature","id":"310500129","geometry":{"type":"Point","coordinates":[-89.66445,20.78903]},"geometry_name":"the_geom","properties":{"CVEGEO":"310500129","NOMGEO":"Texán Cámara","CVE_ENT":"31","NOM_ENT":"Yucatán","AMBITO":"Rural","area_km2":0.369}},{"type":"Feature","id":"310500130","geometry":{"type":"Point","coordinates":[-89.67903,20.94853]},"geometry_name":"the_geom","properties":{"CVEGEO":"310500130","NOMGEO":"Opichén","CVE_ENT":"31","NOM_ENT":"Yucatán","AMBITO":"Rural","area_km2":0.163}},{"type":"Feature","id":"310500131","geometry":{"type":"Point","coordinates":[-89.7144,20.94377]},"geometry_name":"the_geom","properties":{"CVEGEO":"310500131","NOMGEO":"Tixcacal","CVE_ENT":"31","NOM_ENT":"Yucatán","AMBITO":"Rural","area_km2":0.493}},{"type":"Feature","id":"310500132","geometry":{"type":"Point","coordinates":[-89.56988,21.06829]},"geometry_name":"the_geom","properties":{"CVEGEO":"310500132","NOMGEO":"Tixcuytún","CVE_ENT":"31","NOM_ENT":"Yucatán","AMBITO":"Rural","area_km2":0.271}},{"type":"Feature","id":"310500133","geometry":{"type":"Point","coordinates":[-89.6539,20.75093]},"geometry_name":"the_geom","properties":{"CVEGEO":"310500133","NOMGEO":"San Antonio Tzacalá","CVE_ENT":"31","NOM_ENT":"Yucatán","AMBITO":"Rural","area_km2":0.354}},{"type":"Feature","id":"310500135","geometry":{"type":"Point","coordinates":[-89.62923,21.07677]},"geometry_name":"the_geom","properties":{"CVEGEO":"310500135","NOMGEO":"Xcanatún","CVE_ENT":"31","NOM_ENT":"Yucatán","AMBITO":"Rural","area_km2":1.369}},{"type":"Feature","id":"310500138","geometry":{"type":"Point","coordinates":[-89.62637,20.87116]},"geometry_name":"the_geom","properties":{"CVEGEO":"310500138","NOMGEO":"Xmatkuil","CVE_ENT":"31","NOM_ENT":"Yucatán","AMBITO":"Rural","area_km2":2.523}},{"type":"Feature","id":"310500140","geometry":{"type":"Point","coordinates":[-89.4995,21.03428]},"geometry_name":"the_geom","properties":{"CVEGEO":"310500140","NOMGEO":"Yaxché Casares","CVE_ENT":"31","NOM_ENT":"Yucatán","AMBITO":"Rural","area_km2":0.14}},{"type":"Feature","id":"310500141","geometry":{"type":"Point","coordinates":[-89.61998,20.79096]},"geometry_name":"the_geom","properties":{"CVEGEO":"310500141","NOMGEO":"Yaxnic","CVE_ENT":"31","NOM_ENT":"Yucatán","AMBITO":"Rural","area_km2":0.507}},{"type":"Feature","id":"310500144","geometry":{"type":"Point","coordinates":[-89.61628,21.13067]},"geometry_name":"the_geom","properties":{"CVEGEO":"310500144","NOMGEO":"Xcunyá","CVE_ENT":"31","NOM_ENT":"Yucatán","AMBITO":"Rural","area_km2":0.557}},{"type":"Feature","id":"310500145","geometry":{"type":"Point","coordinates":[-89.63496,21.11778]},"geometry_name":"the_geom","properties":{"CVEGEO":"310500145","NOMGEO":"Santa María Yaxché","CVE_ENT":"31","NOM_ENT":"Yucatán","AMBITO":"Rural","area_km2":0.084}},{"type":"Feature","id":"310500158","geometry":{"type":"Point","coordinates":[-89.62102,21.09453]},"geometry_name":"the_geom","properties":{"CVEGEO":"310500158","NOMGEO":"La Ceiba","CVE_ENT":"31","NOM_ENT":"Yucatán","AMBITO":"Rural","area_km2":1.603}},{"type":"Feature","id":"310500238","geometry":{"type":"Point","coordinates":[-89.64098,21.13839]},"geometry_name":"the_geom","properties":{"CVEGEO":"310500238","NOMGEO":"Tamanché","CVE_ENT":"31","NOM_ENT":"Yucatán","AMBITO":"Rural","area_km2":1.082}},{"type":"Feature","id":"310500268","geometry":{"type":"Point","coordinates":[-89.48315,20.96336]},"geometry_name":"the_geom","properties":{"CVEGEO":"310500268","NOMGEO":"Oncán","CVE_ENT":"31","NOM_ENT":"Yucatán","AMBITO":"Rural","area_km2":0.375}},{"type":"Feature","id":"310500336","geometry":{"type":"Point","coordinates":[-89.55822,20.88411]},"geometry_name":"the_geom","properties":{"CVEGEO":"310500336","NOMGEO":"Hunxectamán","CVE_ENT":"31","NOM_ENT":"Yucatán","AMBITO":"Rural","area_km2":0.293}},{"type":"Feature","id":"310500414","geometry":{"type":"Point","coordinates":[-89.63334,21.09059]},"geometry_name":"the_geom","properties":{"CVEGEO":"310500414","NOMGEO":"Los Castellanos","CVE_ENT":"31","NOM_ENT":"Yucatán","AMBITO":"Rural","area_km2":0.103}},{"type":"Feature","id":"310500528","geometry":{"type":"Point","coordinates":[-89.6003,20.89557]},"geometry_name":"the_geom","properties":{"CVEGEO":"310500528","NOMGEO":"Jardines de Tahdzibichén","CVE_ENT":"31","NOM_ENT":"Yucatán","AMBITO":"Rural","area_km2":0.738}},{"type":"Feature","id":"310500666","geometry":{"type":"Point","coordinates":[-89.53912,21.04494]},"geometry_name":"the_geom","properties":{"CVEGEO":"310500666","NOMGEO":"Villas Cholul","CVE_ENT":"31","NOM_ENT":"Yucatán","AMBITO":"Rural","area_km2":0.136}},{"type":"Feature","id":"310500753","geometry":{"type":"Point","coordinates":[-89.63831,21.11443]},"geometry_name":"the_geom","properties":{"CVEGEO":"310500753","NOMGEO":"Villas Xcanatún","CVE_ENT":"31","NOM_ENT":"Yucatán","AMBITO":"Rural","area_km2":0.232}},{"type":"Feature","id":"310500944","geometry":{"type":"Point","coordinates":[-89.68322,21.12301]},"geometry_name":"the_geom","properties":{"CVEGEO":"310500944","NOMGEO":"La Rejoyada","CVE_ENT":"31","NOM_ENT":"Yucatán","AMBITO":"Rural","area_km2":1.209}},{"type":"Feature","id":"310500945","geometry":{"type":"Point","coordinates":[-89.6022,21.11968]},"geometry_name":"the_geom","properties":{"CVEGEO":"310500945","NOMGEO":"Yucatán Country Club","CVE_ENT":"31","NOM_ENT":"Yucatán","AMBITO":"Rural","area_km2":3.805}},{"type":"Feature","id":"310501023","geometry":{"type":"Point","coordinates":[-89.6374,21.12844]},"geometry_name":"the_geom","properties":{"CVEGEO":"310501023","NOMGEO":"Altozano","CVE_ENT":"31","NOM_ENT":"Yucatán","AMBITO":"Rural","area_km2":0.489}},{"type":"Feature","id":"310501024","geometry":{"type":"Point","coordinates":[-89.66221,21.13106]},"geometry_name":"the_geom","properties":{"CVEGEO":"310501024","NOMGEO":"Blue Cedar [Privada Residencial]","CVE_ENT":"31","NOM_ENT":"Yucatán","AMBITO":"Rural","area_km2":0.055}},{"type":"Feature","id":"310501064","geometry":{"type":"Point","coordinates":[-89.63401,21.0974]},"geometry_name":"the_geom","properties":{"CVEGEO":"310501064","NOMGEO":"Única Living [Privada Residencial]","CVE_ENT":"31","NOM_ENT":"Yucatán","AMBITO":"Rural","area_km2":0.059}},{"type":"Feature","id":"310501075","geometry":{"type":"Point","coordinates":[-89.68854,21.16311]},"geometry_name":"the_geom","properties":{"CVEGEO":"310501075","NOMGEO":"Kantara [Privada Residencial]","CVE_ENT":"31","NOM_ENT":"Yucatán","AMBITO":"Rural","area_km2":0.351}},{"type":"Feature","id":"310501076","geometry":{"type":"Point","coordinates":[-89.69915,21.16158]},"geometry_name":"the_geom","properties":{"CVEGEO":"310501076","NOMGEO":"Dzidzil-Há","CVE_ENT":"31","NOM_ENT":"Yucatán","AMBITO":"Rural","area_km2":0.308}},{"type":"Feature","id":"310501147","geometry":{"type":"Point","coordinates":[-89.63044,21.10953]},"geometry_name":"the_geom","properties":{"CVEGEO":"310501147","NOMGEO":"Tamara","CVE_ENT":"31","NOM_ENT":"Yucatán","AMBITO":"Rural","area_km2":0.327}},{"type":"Feature","id":"310501154","geometry":{"type":"Point","coordinates":[-89.70054,21.12504]},"geometry_name":"the_geom","properties":{"CVEGEO":"310501154","NOMGEO":"Blanca","CVE_ENT":"31","NOM_ENT":"Yucatán","AMBITO":"Rural","area_km2":0.336}},{"type":"Feature","id":"310510001","geometry":{"type":"Point","coordinates":[-89.45281,21.10901]},"geometry_name":"the_geom","properties":{"CVEGEO":"310510001","NOMGEO":"Mocochá","CVE_ENT":"31","NOM_ENT":"Yucatán","AMBITO":"Urbana","area_km2":3.033}},{"type":"Feature","id":"310510006","geometry":{"type":"Point","coordinates":[-89.47155,21.09631]},"geometry_name":"the_geom","properties":{"CVEGEO":"310510006","NOMGEO":"Tekat","CVE_ENT":"31","NOM_ENT":"Yucatán","AMBITO":"Rural","area_km2":0.472}},{"type":"Feature","id":"310510007","geometry":{"type":"Point","coordinates":[-89.45201,21.14288]},"geometry_name":"the_geom","properties":{"CVEGEO":"310510007","NOMGEO":"Toó","CVE_ENT":"31","NOM_ENT":"Yucatán","AMBITO":"Rural","area_km2":0.312}},{"type":"Feature","id":"310520001","geometry":{"type":"Point","coordinates":[-89.28338,21.09682]},"geometry_name":"the_geom","properties":{"CVEGEO":"310520001","NOMGEO":"Motul de Carrillo Puerto","CVE_ENT":"31","NOM_ENT":"Yucatán","AMBITO":"Urbana","area_km2":12.729}},{"type":"Feature","id":"310520002","geometry":{"type":"Point","coordinates":[-89.27065,21.12692]},"geometry_name":"the_geom","properties":{"CVEGEO":"310520002","NOMGEO":"Ucí","CVE_ENT":"31","NOM_ENT":"Yucatán","AMBITO":"Rural","area_km2":2.279}},{"type":"Feature","id":"310520003","geometry":{"type":"Point","coordinates":[-89.39076,21.19326]},"geometry_name":"the_geom","properties":{"CVEGEO":"310520003","NOMGEO":"Timul","CVE_ENT":"31","NOM_ENT":"Yucatán","AMBITO":"Rural","area_km2":0.745}},{"type":"Feature","id":"310520005","geometry":{"type":"Point","coordinates":[-89.35697,21.1664]},"geometry_name":"the_geom","properties":{"CVEGEO":"310520005","NOMGEO":"Sacapuc","CVE_ENT":"31","NOM_ENT":"Yucatán","AMBITO":"Rural","area_km2":0.553}},{"type":"Feature","id":"310520008","geometry":{"type":"Point","coordinates":[-89.23107,21.05481]},"geometry_name":"the_geom","properties":{"CVEGEO":"310520008","NOMGEO":"Kopté","CVE_ENT":"31","NOM_ENT":"Yucatán","AMBITO":"Rural","area_km2":0.59}},{"type":"Feature","id":"310520011","geometry":{"type":"Point","coordinates":[-89.23504,21.06407]},"geometry_name":"the_geom","properties":{"CVEGEO":"310520011","NOMGEO":"Kancabchén","CVE_ENT":"31","NOM_ENT":"Yucatán","AMBITO":"Rural","area_km2":0.363}},{"type":"Feature","id":"310520012","geometry":{"type":"Point","coordinates":[-89.28329,21.07728]},"geometry_name":"the_geom","properties":{"CVEGEO":"310520012","NOMGEO":"Santa Cruz Pachón","CVE_ENT":"31","NOM_ENT":"Yucatán","AMBITO":"Rural","area_km2":0.136}},{"type":"Feature","id":"310520013","geometry":{"type":"Point","coordinates":[-89.20235,21.0948]},"geometry_name":"the_geom","properties":{"CVEGEO":"310520013","NOMGEO":"Kambul","CVE_ENT":"31","NOM_ENT":"Yucatán","AMBITO":"Rural","area_km2":0.135}},{"type":"Feature","id":"310520014","geometry":{"type":"Point","coordinates":[-89.20304,21.07659]},"geometry_name":"the_geom","properties":{"CVEGEO":"310520014","NOMGEO":"Mesatunich","CVE_ENT":"31","NOM_ENT":"Yucatán","AMBITO":"Rural","area_km2":0.378}},{"type":"Feature","id":"310520015","geometry":{"type":"Point","coordinates":[-89.2539,21.09302]},"geometry_name":"the_geom","properties":{"CVEGEO":"310520015","NOMGEO":"Kaxatah","CVE_ENT":"31","NOM_ENT":"Yucatán","AMBITO":"Rural","area_km2":0.6}},{"type":"Feature","id":"310520016","geometry":{"type":"Point","coordinates":[-89.21663,21.05695]},"geometry_name":"the_geom","properties":{"CVEGEO":"310520016","NOMGEO":"San Pedro Cámara","CVE_ENT":"31","NOM_ENT":"Yucatán","AMBITO":"Rural","area_km2":0.074}},{"type":"Feature","id":"310520017","geometry":{"type":"Point","coordinates":[-89.19161,21.13514]},"geometry_name":"the_geom","properties":{"CVEGEO":"310520017","NOMGEO":"San Pedro Chacabal","CVE_ENT":"31","NOM_ENT":"Yucatán","AMBITO":"Rural","area_km2":0.269}},{"type":"Feature","id":"310520018","geometry":{"type":"Point","coordinates":[-89.2505,21.11099]},"geometry_name":"the_geom","properties":{"CVEGEO":"310520018","NOMGEO":"Tanyá","CVE_ENT":"31","NOM_ENT":"Yucatán","AMBITO":"Rural","area_km2":0.684}},{"type":"Feature","id":"310520019","geometry":{"type":"Point","coordinates":[-89.22474,21.14646]},"geometry_name":"the_geom","properties":{"CVEGEO":"310520019","NOMGEO":"Santa Teresa","CVE_ENT":"31","NOM_ENT":"Yucatán","AMBITO":"Rural","area_km2":0.108}},{"type":"Feature","id":"310520020","geometry":{"type":"Point","coordinates":[-89.24035,21.17035]},"geometry_name":"the_geom","properties":{"CVEGEO":"310520020","NOMGEO":"Kancabchén Ucí","CVE_ENT":"31","NOM_ENT":"Yucatán","AMBITO":"Rural","area_km2":0.096}},{"type":"Feature","id":"310520021","geometry":{"type":"Point","coordinates":[-89.26403,21.15235]},"geometry_name":"the_geom","properties":{"CVEGEO":"310520021","NOMGEO":"Komchén Martínez","CVE_ENT":"31","NOM_ENT":"Yucatán","AMBITO":"Rural","area_km2":0.097}},{"type":"Feature","id":"310520023","geometry":{"type":"Point","coordinates":[-89.31684,21.13461]},"geometry_name":"the_geom","properties":{"CVEGEO":"310520023","NOMGEO":"Kiní","CVE_ENT":"31","NOM_ENT":"Yucatán","AMBITO":"Rural","area_km2":1.927}},{"type":"Feature","id":"310520024","geometry":{"type":"Point","coordinates":[-89.35546,21.13088]},"geometry_name":"the_geom","properties":{"CVEGEO":"310520024","NOMGEO":"San José Hili","CVE_ENT":"31","NOM_ENT":"Yucatán","AMBITO":"Rural","area_km2":0.213}},{"type":"Feature","id":"310520029","geometry":{"type":"Point","coordinates":[-89.25914,21.11057]},"geometry_name":"the_geom","properties":{"CVEGEO":"310520029","NOMGEO":"Kancabal","CVE_ENT":"31","NOM_ENT":"Yucatán","AMBITO":"Rural","area_km2":0.38}},{"type":"Feature","id":"310520030","geometry":{"type":"Point","coordinates":[-89.25694,21.09989]},"geometry_name":"the_geom","properties":{"CVEGEO":"310520030","NOMGEO":"Dzununcán","CVE_ENT":"31","NOM_ENT":"Yucatán","AMBITO":"Rural","area_km2":0.276}},{"type":"Feature","id":"310520033","geometry":{"type":"Point","coordinates":[-89.32618,21.09992]},"geometry_name":"the_geom","properties":{"CVEGEO":"310520033","NOMGEO":"Sacolá","CVE_ENT":"31","NOM_ENT":"Yucatán","AMBITO":"Rural","area_km2":0.127}},{"type":"Feature","id":"310530001","geometry":{"type":"Point","coordinates":[-89.7111,20.4886]},"geometry_name":"the_geom","properties":{"CVEGEO":"310530001","NOMGEO":"Muna","CVE_ENT":"31","NOM_ENT":"Yucatán","AMBITO":"Urbana","area_km2":7.38}},{"type":"Feature","id":"310530002","geometry":{"type":"Point","coordinates":[-89.70125,20.53221]},"geometry_name":"the_geom","properties":{"CVEGEO":"310530002","NOMGEO":"Choyob","CVE_ENT":"31","NOM_ENT":"Yucatán","AMBITO":"Rural","area_km2":0.059}},{"type":"Feature","id":"310530003","geometry":{"type":"Point","coordinates":[-89.67257,20.46233]},"geometry_name":"the_geom","properties":{"CVEGEO":"310530003","NOMGEO":"San José Tipceh","CVE_ENT":"31","NOM_ENT":"Yucatán","AMBITO":"Rural","area_km2":0.404}},{"type":"Feature","id":"310530004","geometry":{"type":"Point","coordinates":[-89.66742,20.53401]},"geometry_name":"the_geom","properties":{"CVEGEO":"310530004","NOMGEO":"Yaxhá","CVE_ENT":"31","NOM_ENT":"Yucatán","AMBITO":"Rural","area_km2":0.194}},{"type":"Feature","id":"310540001","geometry":{"type":"Point","coordinates":[-89.32981,21.04412]},"geometry_name":"the_geom","properties":{"CVEGEO":"310540001","NOMGEO":"Muxupip","CVE_ENT":"31","NOM_ENT":"Yucatán","AMBITO":"Urbana","area_km2":2.093}},{"type":"Feature","id":"310540005","geometry":{"type":"Point","coordinates":[-89.30796,21.02758]},"geometry_name":"the_geom","properties":{"CVEGEO":"310540005","NOMGEO":"San José Grande","CVE_ENT":"31","NOM_ENT":"Yucatán","AMBITO":"Rural","area_km2":0.053}},{"type":"Feature","id":"310540006","geometry":{"type":"Point","coordinates":[-89.34452,21.0303]},"geometry_name":"the_geom","properties":{"CVEGEO":"310540006","NOMGEO":"San Juan Koop","CVE_ENT":"31","NOM_ENT":"Yucatán","AMBITO":"Rural","area_km2":0.276}},{"type":"Feature","id":"310550001","geometry":{"type":"Point","coordinates":[-89.85725,20.55156]},"geometry_name":"the_geom","properties":{"CVEGEO":"310550001","NOMGEO":"Opichén","CVE_ENT":"31","NOM_ENT":"Yucatán","AMBITO":"Urbana","area_km2":2.523}},{"type":"Feature","id":"310550002","geometry":{"type":"Point","coordinates":[-89.91288,20.56877]},"geometry_name":"the_geom","properties":{"CVEGEO":"310550002","NOMGEO":"Calcehtok","CVE_ENT":"31","NOM_ENT":"Yucatán","AMBITO":"Rural","area_km2":0.819}},{"type":"Feature","id":"310560001","geometry":{"type":"Point","coordinates":[-89.41493,20.30621]},"geometry_name":"the_geom","properties":{"CVEGEO":"310560001","NOMGEO":"Oxkutzcab","CVE_ENT":"31","NOM_ENT":"Yucatán","AMBITO":"Urbana","area_km2":14.165}},{"type":"Feature","id":"310560004","geometry":{"type":"Point","coordinates":[-89.46787,20.22847]},"geometry_name":"the_geom","properties":{"CVEGEO":"310560004","NOMGEO":"Emiliano Zapata","CVE_ENT":"31","NOM_ENT":"Yucatán","AMBITO":"Rural","area_km2":1.203}},{"type":"Feature","id":"310560007","geometry":{"type":"Point","coordinates":[-89.5234,20.08037]},"geometry_name":"the_geom","properties":{"CVEGEO":"310560007","NOMGEO":"X-Kobenhaltún","CVE_ENT":"31","NOM_ENT":"Yucatán","AMBITO":"Rural","area_km2":0.068}},{"type":"Feature","id":"310560010","geometry":{"type":"Point","coordinates":[-89.49286,20.17653]},"geometry_name":"the_geom","properties":{"CVEGEO":"310560010","NOMGEO":"Sahcahmucuy","CVE_ENT":"31","NOM_ENT":"Yucatán","AMBITO":"Rural","area_km2":0.059}},{"type":"Feature","id":"310560013","geometry":{"type":"Point","coordinates":[-89.38356,20.1876]},"geometry_name":"the_geom","properties":{"CVEGEO":"310560013","NOMGEO":"Xohuayán","CVE_ENT":"31","NOM_ENT":"Yucatán","AMBITO":"Rural","area_km2":0.709}},{"type":"Feature","id":"310560014","geometry":{"type":"Point","coordinates":[-89.46157,20.10219]},"geometry_name":"the_geom","properties":{"CVEGEO":"310560014","NOMGEO":"Xul","CVE_ENT":"31","NOM_ENT":"Yucatán","AMBITO":"Rural","area_km2":0.793}},{"type":"Feature","id":"310560016","geometry":{"type":"Point","coordinates":[-89.56431,20.05284]},"geometry_name":"the_geom","properties":{"CVEGEO":"310560016","NOMGEO":"Yaxhachén","CVE_ENT":"31","NOM_ENT":"Yucatán","AMBITO":"Rural","area_km2":1.115}},{"type":"Feature","id":"310560018","geometry":{"type":"Point","coordinates":[-89.38806,20.24785]},"geometry_name":"the_geom","properties":{"CVEGEO":"310560018","NOMGEO":"San José Kunché","CVE_ENT":"31","NOM_ENT":"Yucatán","AMBITO":"Rural","area_km2":0.074}},{"type":"Feature","id":"310560037","geometry":{"type":"Point","coordinates":[-89.48631,20.23478]},"geometry_name":"the_geom","properties":{"CVEGEO":"310560037","NOMGEO":"Potoit","CVE_ENT":"31","NOM_ENT":"Yucatán","AMBITO":"Rural","area_km2":0.141}},{"type":"Feature","id":"310560064","geometry":{"type":"Point","coordinates":[-89.47762,20.24857]},"geometry_name":"the_geom","properties":{"CVEGEO":"310560064","NOMGEO":"San Antonio Yaaxhom","CVE_ENT":"31","NOM_ENT":"Yucatán","AMBITO":"Rural","area_km2":0.323}},{"type":"Feature","id":"310560076","geometry":{"type":"Point","coordinates":[-89.42528,20.27645]},"geometry_name":"the_geom","properties":{"CVEGEO":"310560076","NOMGEO":"Yaxakumché 1632","CVE_ENT":"31","NOM_ENT":"Yucatán","AMBITO":"Rural","area_km2":0.039}},{"type":"Feature","id":"310560091","geometry":{"type":"Point","coordinates":[-89.45602,20.2527]},"geometry_name":"the_geom","properties":{"CVEGEO":"310560091","NOMGEO":"Luis Donaldo Colosio","CVE_ENT":"31","NOM_ENT":"Yucatán","AMBITO":"Rural","area_km2":0.084}},{"type":"Feature","id":"310560099","geometry":{"type":"Point","coordinates":[-89.49208,20.24588]},"geometry_name":"the_geom","properties":{"CVEGEO":"310560099","NOMGEO":"Crucero Tabí","CVE_ENT":"31","NOM_ENT":"Yucatán","AMBITO":"Rural","area_km2":0.047}},{"type":"Feature","id":"310560108","geometry":{"type":"Point","coordinates":[-89.65153,20.11109]},"geometry_name":"the_geom","properties":{"CVEGEO":"310560108","NOMGEO":"Chunhuaymil","CVE_ENT":"31","NOM_ENT":"Yucatán","AMBITO":"Rural","area_km2":0.045}},{"type":"Feature","id":"310560147","geometry":{"type":"Point","coordinates":[-89.42926,20.28499]},"geometry_name":"the_geom","properties":{"CVEGEO":"310560147","NOMGEO":"Dolores Otero","CVE_ENT":"31","NOM_ENT":"Yucatán","AMBITO":"Rural","area_km2":0.195}},{"type":"Feature","id":"310560148","geometry":{"type":"Point","coordinates":[-89.42804,20.27979]},"geometry_name":"the_geom","properties":{"CVEGEO":"310560148","NOMGEO":"Nohsal","CVE_ENT":"31","NOM_ENT":"Yucatán","AMBITO":"Rural","area_km2":0.079}},{"type":"Feature","id":"310560149","geometry":{"type":"Point","coordinates":[-89.50016,19.80573]},"geometry_name":"the_geom","properties":{"CVEGEO":"310560149","NOMGEO":"Huntochac","CVE_ENT":"31","NOM_ENT":"Yucatán","AMBITO":"Rural","area_km2":0.241}},{"type":"Feature","id":"310570001","geometry":{"type":"Point","coordinates":[-88.27022,21.29592]},"geometry_name":"the_geom","properties":{"CVEGEO":"310570001","NOMGEO":"Panabá","CVE_ENT":"31","NOM_ENT":"Yucatán","AMBITO":"Urbana","area_km2":1.898}},{"type":"Feature","id":"310570002","geometry":{"type":"Point","coordinates":[-88.14556,21.38825]},"geometry_name":"the_geom","properties":{"CVEGEO":"310570002","NOMGEO":"Loché","CVE_ENT":"31","NOM_ENT":"Yucatán","AMBITO":"Rural","area_km2":0.7}},{"type":"Feature","id":"310570005","geometry":{"type":"Point","coordinates":[-88.15672,21.44648]},"geometry_name":"the_geom","properties":{"CVEGEO":"310570005","NOMGEO":"San Juan del Río","CVE_ENT":"31","NOM_ENT":"Yucatán","AMBITO":"Rural","area_km2":0.064}},{"type":"Feature","id":"310570006","geometry":{"type":"Point","coordinates":[-88.50382,21.40804]},"geometry_name":"the_geom","properties":{"CVEGEO":"310570006","NOMGEO":"Cenote Yalsihón Buena Fe","CVE_ENT":"31","NOM_ENT":"Yucatán","AMBITO":"Rural","area_km2":0.265}},{"type":"Feature","id":"310570158","geometry":{"type":"Point","coordinates":[-88.32907,21.39171]},"geometry_name":"the_geom","properties":{"CVEGEO":"310570158","NOMGEO":"San Francisco","CVE_ENT":"31","NOM_ENT":"Yucatán","AMBITO":"Rural","area_km2":0.22}},{"type":"Feature","id":"310580001","geometry":{"type":"Point","coordinates":[-88.92163,20.12272]},"geometry_name":"the_geom","properties":{"CVEGEO":"310580001","NOMGEO":"Peto","CVE_ENT":"31","NOM_ENT":"Yucatán","AMBITO":"Urbana","area_km2":10.08}},{"type":"Feature","id":"310580003","geometry":{"type":"Point","coordinates":[-88.69839,20.12234]},"geometry_name":"the_geom","properties":{"CVEGEO":"310580003","NOMGEO":"Chan Calotmul","CVE_ENT":"31","NOM_ENT":"Yucatán","AMBITO":"Rural","area_km2":0.095}},{"type":"Feature","id":"310580007","geometry":{"type":"Point","coordinates":[-88.76295,20.10907]},"geometry_name":"the_geom","properties":{"CVEGEO":"310580007","NOMGEO":"Dzonotchel","CVE_ENT":"31","NOM_ENT":"Yucatán","AMBITO":"Rural","area_km2":0.331}},{"type":"Feature","id":"310580013","geometry":{"type":"Point","coordinates":[-88.95469,19.99572]},"geometry_name":"the_geom","properties":{"CVEGEO":"310580013","NOMGEO":"Mac-May","CVE_ENT":"31","NOM_ENT":"Yucatán","AMBITO":"Rural","area_km2":0.195}},{"type":"Feature","id":"310580014","geometry":{"type":"Point","coordinates":[-88.81711,20.15382]},"geometry_name":"the_geom","properties":{"CVEGEO":"310580014","NOMGEO":"Papacal","CVE_ENT":"31","NOM_ENT":"Yucatán","AMBITO":"Rural","area_km2":0.269}},{"type":"Feature","id":"310580016","geometry":{"type":"Point","coordinates":[-88.70261,20.0508]},"geometry_name":"the_geom","properties":{"CVEGEO":"310580016","NOMGEO":"Petulillo","CVE_ENT":"31","NOM_ENT":"Yucatán","AMBITO":"Rural","area_km2":0.163}},{"type":"Feature","id":"310580018","geometry":{"type":"Point","coordinates":[-88.8502,20.0903]},"geometry_name":"the_geom","properties":{"CVEGEO":"310580018","NOMGEO":"Progresito","CVE_ENT":"31","NOM_ENT":"Yucatán","AMBITO":"Rural","area_km2":0.31}},{"type":"Feature","id":"310580023","geometry":{"type":"Point","coordinates":[-88.7723,20.04997]},"geometry_name":"the_geom","properties":{"CVEGEO":"310580023","NOMGEO":"San Dionisio","CVE_ENT":"31","NOM_ENT":"Yucatán","AMBITO":"Rural","area_km2":0.22}},{"type":"Feature","id":"310580029","geometry":{"type":"Point","coordinates":[-88.71722,20.11464]},"geometry_name":"the_geom","properties":{"CVEGEO":"310580029","NOMGEO":"San Mateo","CVE_ENT":"31","NOM_ENT":"Yucatán","AMBITO":"Rural","area_km2":0.066}},{"type":"Feature","id":"310580031","geometry":{"type":"Point","coordinates":[-88.90109,19.98951]},"geometry_name":"the_geom","properties":{"CVEGEO":"310580031","NOMGEO":"San Sebastián","CVE_ENT":"31","NOM_ENT":"Yucatán","AMBITO":"Rural","area_km2":0.03}},{"type":"Feature","id":"310580037","geometry":{"type":"Point","coordinates":[-88.92814,20.06988]},"geometry_name":"the_geom","properties":{"CVEGEO":"310580037","NOMGEO":"Temozón","CVE_ENT":"31","NOM_ENT":"Yucatán","AMBITO":"Rural","area_km2":0.136}},{"type":"Feature","id":"310580040","geometry":{"type":"Point","coordinates":[-88.88686,20.17952]},"geometry_name":"the_geom","properties":{"CVEGEO":"310580040","NOMGEO":"Tixhualatún","CVE_ENT":"31","NOM_ENT":"Yucatán","AMBITO":"Rural","area_km2":0.308}},{"type":"Feature","id":"310580041","geometry":{"type":"Point","coordinates":[-88.91778,19.85451]},"geometry_name":"the_geom","properties":{"CVEGEO":"310580041","NOMGEO":"Tobxilá","CVE_ENT":"31","NOM_ENT":"Yucatán","AMBITO":"Rural","area_km2":0.1}},{"type":"Feature","id":"310580044","geometry":{"type":"Point","coordinates":[-88.72995,20.23177]},"geometry_name":"the_geom","properties":{"CVEGEO":"310580044","NOMGEO":"Xcabanché","CVE_ENT":"31","NOM_ENT":"Yucatán","AMBITO":"Rural","area_km2":0.088}},{"type":"Feature","id":"310580047","geometry":{"type":"Point","coordinates":[-88.88669,19.98456]},"geometry_name":"the_geom","properties":{"CVEGEO":"310580047","NOMGEO":"Kambul","CVE_ENT":"31","NOM_ENT":"Yucatán","AMBITO":"Rural","area_km2":0.183}},{"type":"Feature","id":"310580048","geometry":{"type":"Point","coordinates":[-88.97124,20.12332]},"geometry_name":"the_geom","properties":{"CVEGEO":"310580048","NOMGEO":"Xoy","CVE_ENT":"31","NOM_ENT":"Yucatán","AMBITO":"Rural","area_km2":0.569}},{"type":"Feature","id":"310580049","geometry":{"type":"Point","coordinates":[-88.8797,20.02677]},"geometry_name":"the_geom","properties":{"CVEGEO":"310580049","NOMGEO":"X-Pechil","CVE_ENT":"31","NOM_ENT":"Yucatán","AMBITO":"Rural","area_km2":0.206}},{"type":"Feature","id":"310580051","geometry":{"type":"Point","coordinates":[-88.90857,20.06701]},"geometry_name":"the_geom","properties":{"CVEGEO":"310580051","NOMGEO":"Yaxcopil","CVE_ENT":"31","NOM_ENT":"Yucatán","AMBITO":"Rural","area_km2":0.286}},{"type":"Feature","id":"310580055","geometry":{"type":"Point","coordinates":[-88.78927,20.01796]},"geometry_name":"the_geom","properties":{"CVEGEO":"310580055","NOMGEO":"La Esperanza","CVE_ENT":"31","NOM_ENT":"Yucatán","AMBITO":"Rural","area_km2":0.058}},{"type":"Feature","id":"310580060","geometry":{"type":"Point","coordinates":[-88.86115,19.93069]},"geometry_name":"the_geom","properties":{"CVEGEO":"310580060","NOMGEO":"Justicia Social","CVE_ENT":"31","NOM_ENT":"Yucatán","AMBITO":"Rural","area_km2":0.541}},{"type":"Feature","id":"310580068","geometry":{"type":"Point","coordinates":[-88.76921,20.18245]},"geometry_name":"the_geom","properties":{"CVEGEO":"310580068","NOMGEO":"San Bernabé","CVE_ENT":"31","NOM_ENT":"Yucatán","AMBITO":"Rural","area_km2":0.045}},{"type":"Feature","id":"310580080","geometry":{"type":"Point","coordinates":[-88.65765,20.14182]},"geometry_name":"the_geom","properties":{"CVEGEO":"310580080","NOMGEO":"San Francisco de Asís","CVE_ENT":"31","NOM_ENT":"Yucatán","AMBITO":"Rural","area_km2":0.163}},{"type":"Feature","id":"310580218","geometry":{"type":"Point","coordinates":[-88.91969,19.96747]},"geometry_name":"the_geom","properties":{"CVEGEO":"310580218","NOMGEO":"San Sebastián Yaxché","CVE_ENT":"31","NOM_ENT":"Yucatán","AMBITO":"Rural","area_km2":0.123}},{"type":"Feature","id":"310590001","geometry":{"type":"Point","coordinates":[-89.67156,21.28477]},"geometry_name":"the_geom","properties":{"CVEGEO":"310590001","NOMGEO":"Progreso","CVE_ENT":"31","NOM_ENT":"Yucatán","AMBITO":"Urbana","area_km2":10.956}},{"type":"Feature","id":"310590003","geometry":{"type":"Point","coordinates":[-89.74456,21.26803]},"geometry_name":"the_geom","properties":{"CVEGEO":"310590003","NOMGEO":"Chelem","CVE_ENT":"31","NOM_ENT":"Yucatán","AMBITO":"Urbana","area_km2":4.634}},{"type":"Feature","id":"310590004","geometry":{"type":"Point","coordinates":[-89.57434,21.29977]},"geometry_name":"the_geom","properties":{"CVEGEO":"310590004","NOMGEO":"Chicxulub (Chicxulub Puerto)","CVE_ENT":"31","NOM_ENT":"Yucatán","AMBITO":"Urbana","area_km2":5.989}},{"type":"Feature","id":"310590005","geometry":{"type":"Point","coordinates":[-89.80024,21.25586]},"geometry_name":"the_geom","properties":{"CVEGEO":"310590005","NOMGEO":"Chuburná","CVE_ENT":"31","NOM_ENT":"Yucatán","AMBITO":"Urbana","area_km2":2.63}},{"type":"Feature","id":"310590009","geometry":{"type":"Point","coordinates":[-89.65625,21.16098]},"geometry_name":"the_geom","properties":{"CVEGEO":"310590009","NOMGEO":"San Ignacio","CVE_ENT":"31","NOM_ENT":"Yucatán","AMBITO":"Rural","area_km2":0.487}},{"type":"Feature","id":"310590026","geometry":{"type":"Point","coordinates":[-89.66215,21.20864]},"geometry_name":"the_geom","properties":{"CVEGEO":"310590026","NOMGEO":"Campestre Flamboyanes","CVE_ENT":"31","NOM_ENT":"Yucatán","AMBITO":"Urbana","area_km2":1.481}},{"type":"Feature","id":"310590078","geometry":{"type":"Point","coordinates":[-89.64885,21.19197]},"geometry_name":"the_geom","properties":{"CVEGEO":"310590078","NOMGEO":"El Paraíso","CVE_ENT":"31","NOM_ENT":"Yucatán","AMBITO":"Rural","area_km2":1.348}},{"type":"Feature","id":"310590138","geometry":{"type":"Point","coordinates":[-89.65807,21.14315]},"geometry_name":"the_geom","properties":{"CVEGEO":"310590138","NOMGEO":"Airepuro","CVE_ENT":"31","NOM_ENT":"Yucatán","AMBITO":"Rural","area_km2":0.07}},{"type":"Feature","id":"310600001","geometry":{"type":"Point","coordinates":[-88.63119,20.86948]},"geometry_name":"the_geom","properties":{"CVEGEO":"310600001","NOMGEO":"Quintana Roo","CVE_ENT":"31","NOM_ENT":"Yucatán","AMBITO":"Urbana","area_km2":0.991}},{"type":"Feature","id":"310610001","geometry":{"type":"Point","coordinates":[-88.15678,21.59321]},"geometry_name":"the_geom","properties":{"CVEGEO":"310610001","NOMGEO":"Río Lagartos","CVE_ENT":"31","NOM_ENT":"Yucatán","AMBITO":"Urbana","area_km2":0.643}},{"type":"Feature","id":"310610002","geometry":{"type":"Point","coordinates":[-87.99009,21.60763]},"geometry_name":"the_geom","properties":{"CVEGEO":"310610002","NOMGEO":"Las Coloradas","CVE_ENT":"31","NOM_ENT":"Yucatán","AMBITO":"Rural","area_km2":0.465}},{"type":"Feature","id":"310620001","geometry":{"type":"Point","coordinates":[-89.59005,20.49491]},"geometry_name":"the_geom","properties":{"CVEGEO":"310620001","NOMGEO":"Sacalum","CVE_ENT":"31","NOM_ENT":"Yucatán","AMBITO":"Urbana","area_km2":2.381}},{"type":"Feature","id":"310620002","geometry":{"type":"Point","coordinates":[-89.60627,20.53802]},"geometry_name":"the_geom","properties":{"CVEGEO":"310620002","NOMGEO":"San Antonio Sodzil","CVE_ENT":"31","NOM_ENT":"Yucatán","AMBITO":"Rural","area_km2":0.297}},{"type":"Feature","id":"310620006","geometry":{"type":"Point","coordinates":[-89.60389,20.57888]},"geometry_name":"the_geom","properties":{"CVEGEO":"310620006","NOMGEO":"Yunkú","CVE_ENT":"31","NOM_ENT":"Yucatán","AMBITO":"Rural","area_km2":0.118}},{"type":"Feature","id":"310620007","geometry":{"type":"Point","coordinates":[-89.62503,20.45358]},"geometry_name":"the_geom","properties":{"CVEGEO":"310620007","NOMGEO":"Plan Chac","CVE_ENT":"31","NOM_ENT":"Yucatán","AMBITO":"Rural","area_km2":2.251}},{"type":"Feature","id":"310630001","geometry":{"type":"Point","coordinates":[-89.88797,20.88301]},"geometry_name":"the_geom","properties":{"CVEGEO":"310630001","NOMGEO":"Samahil","CVE_ENT":"31","NOM_ENT":"Yucatán","AMBITO":"Urbana","area_km2":1.261}},{"type":"Feature","id":"310630003","geometry":{"type":"Point","coordinates":[-89.898,20.85031]},"geometry_name":"the_geom","properties":{"CVEGEO":"310630003","NOMGEO":"Kuchel","CVE_ENT":"31","NOM_ENT":"Yucatán","AMBITO":"Rural","area_km2":0.367}},{"type":"Feature","id":"310630004","geometry":{"type":"Point","coordinates":[-89.97455,20.83527]},"geometry_name":"the_geom","properties":{"CVEGEO":"310630004","NOMGEO":"San Antonio Tedzidz","CVE_ENT":"31","NOM_ENT":"Yucatán","AMBITO":"Rural","area_km2":1.103}},{"type":"Feature","id":"310640001","geometry":{"type":"Point","coordinates":[-89.21348,20.77165]},"geometry_name":"the_geom","properties":{"CVEGEO":"310640001","NOMGEO":"Sanahcat","CVE_ENT":"31","NOM_ENT":"Yucatán","AMBITO":"Urbana","area_km2":1.192}},{"type":"Feature","id":"310650001","geometry":{"type":"Point","coordinates":[-88.23322,21.56298]},"geometry_name":"the_geom","properties":{"CVEGEO":"310650001","NOMGEO":"San Felipe","CVE_ENT":"31","NOM_ENT":"Yucatán","AMBITO":"Urbana","area_km2":0.62}},{"type":"Feature","id":"310660001","geometry":{"type":"Point","coordinates":[-89.64351,20.32778]},"geometry_name":"the_geom","properties":{"CVEGEO":"310660001","NOMGEO":"Santa Elena","CVE_ENT":"31","NOM_ENT":"Yucatán","AMBITO":"Urbana","area_km2":2.186}},{"type":"Feature","id":"310660005","geometry":{"type":"Point","coordinates":[-89.80874,20.21771]},"geometry_name":"the_geom","properties":{"CVEGEO":"310660005","NOMGEO":"San Simón","CVE_ENT":"31","NOM_ENT":"Yucatán","AMBITO":"Rural","area_km2":0.151}},{"type":"Feature","id":"310670001","geometry":{"type":"Point","coordinates":[-89.37233,20.83666]},"geometry_name":"the_geom","properties":{"CVEGEO":"310670001","NOMGEO":"Seyé","CVE_ENT":"31","NOM_ENT":"Yucatán","AMBITO":"Urbana","area_km2":5.085}},{"type":"Feature","id":"310670003","geometry":{"type":"Point","coordinates":[-89.3992,20.89415]},"geometry_name":"the_geom","properties":{"CVEGEO":"310670003","NOMGEO":"San Bernardino","CVE_ENT":"31","NOM_ENT":"Yucatán","AMBITO":"Rural","area_km2":0.228}},{"type":"Feature","id":"310670046","geometry":{"type":"Point","coordinates":[-89.32851,20.87635]},"geometry_name":"the_geom","properties":{"CVEGEO":"310670046","NOMGEO":"Holactún","CVE_ENT":"31","NOM_ENT":"Yucatán","AMBITO":"Rural","area_km2":0.276}},{"type":"Feature","id":"310680001","geometry":{"type":"Point","coordinates":[-89.18468,21.22564]},"geometry_name":"the_geom","properties":{"CVEGEO":"310680001","NOMGEO":"Sinanché","CVE_ENT":"31","NOM_ENT":"Yucatán","AMBITO":"Urbana","area_km2":2.248}},{"type":"Feature","id":"310680003","geometry":{"type":"Point","coordinates":[-89.17655,21.35257]},"geometry_name":"the_geom","properties":{"CVEGEO":"310680003","NOMGEO":"San Crisanto","CVE_ENT":"31","NOM_ENT":"Yucatán","AMBITO":"Rural","area_km2":0.748}},{"type":"Feature","id":"310690001","geometry":{"type":"Point","coordinates":[-89.00931,20.59676]},"geometry_name":"the_geom","properties":{"CVEGEO":"310690001","NOMGEO":"Sotuta","CVE_ENT":"31","NOM_ENT":"Yucatán","AMBITO":"Urbana","area_km2":4.513}},{"type":"Feature","id":"310690003","geometry":{"type":"Point","coordinates":[-88.89819,20.59881]},"geometry_name":"the_geom","properties":{"CVEGEO":"310690003","NOMGEO":"Tabí","CVE_ENT":"31","NOM_ENT":"Yucatán","AMBITO":"Rural","area_km2":0.622}},{"type":"Feature","id":"310690004","geometry":{"type":"Point","coordinates":[-88.93971,20.66614]},"geometry_name":"the_geom","properties":{"CVEGEO":"310690004","NOMGEO":"Tibolón","CVE_ENT":"31","NOM_ENT":"Yucatán","AMBITO":"Rural","area_km2":1.091}},{"type":"Feature","id":"310690005","geometry":{"type":"Point","coordinates":[-89.11506,20.60937]},"geometry_name":"the_geom","properties":{"CVEGEO":"310690005","NOMGEO":"Zavala","CVE_ENT":"31","NOM_ENT":"Yucatán","AMBITO":"Rural","area_km2":0.626}},{"type":"Feature","id":"310700001","geometry":{"type":"Point","coordinates":[-88.3135,21.15714]},"geometry_name":"the_geom","properties":{"CVEGEO":"310700001","NOMGEO":"Sucilá","CVE_ENT":"31","NOM_ENT":"Yucatán","AMBITO":"Urbana","area_km2":2.116}},{"type":"Feature","id":"310710001","geometry":{"type":"Point","coordinates":[-88.98814,20.87273]},"geometry_name":"the_geom","properties":{"CVEGEO":"310710001","NOMGEO":"Sudzal","CVE_ENT":"31","NOM_ENT":"Yucatán","AMBITO":"Urbana","area_km2":1.288}},{"type":"Feature","id":"310710003","geometry":{"type":"Point","coordinates":[-88.81603,20.80042]},"geometry_name":"the_geom","properties":{"CVEGEO":"310710003","NOMGEO":"Chumbec","CVE_ENT":"31","NOM_ENT":"Yucatán","AMBITO":"Rural","area_km2":0.252}},{"type":"Feature","id":"310710078","geometry":{"type":"Point","coordinates":[-88.87718,20.82044]},"geometry_name":"the_geom","properties":{"CVEGEO":"310710078","NOMGEO":"Nuevo Tzalam","CVE_ENT":"31","NOM_ENT":"Yucatán","AMBITO":"Rural","area_km2":0.115}},{"type":"Feature","id":"310720001","geometry":{"type":"Point","coordinates":[-89.14738,21.08679]},"geometry_name":"the_geom","properties":{"CVEGEO":"310720001","NOMGEO":"Suma","CVE_ENT":"31","NOM_ENT":"Yucatán","AMBITO":"Urbana","area_km2":1.825}},{"type":"Feature","id":"310730001","geometry":{"type":"Point","coordinates":[-88.94413,20.20192]},"geometry_name":"the_geom","properties":{"CVEGEO":"310730001","NOMGEO":"Tahdziú","CVE_ENT":"31","NOM_ENT":"Yucatán","AMBITO":"Urbana","area_km2":2.483}},{"type":"Feature","id":"310730076","geometry":{"type":"Point","coordinates":[-88.93708,20.31262]},"geometry_name":"the_geom","properties":{"CVEGEO":"310730076","NOMGEO":"Timul","CVE_ENT":"31","NOM_ENT":"Yucatán","AMBITO":"Rural","area_km2":0.397}},{"type":"Feature","id":"310740001","geometry":{"type":"Point","coordinates":[-89.25448,20.8739]},"geometry_name":"the_geom","properties":{"CVEGEO":"310740001","NOMGEO":"Tahmek","CVE_ENT":"31","NOM_ENT":"Yucatán","AMBITO":"Urbana","area_km2":3.278}},{"type":"Feature","id":"310740005","geometry":{"type":"Point","coordinates":[-89.26027,20.85602]},"geometry_name":"the_geom","properties":{"CVEGEO":"310740005","NOMGEO":"Xtabay","CVE_ENT":"31","NOM_ENT":"Yucatán","AMBITO":"Rural","area_km2":0.118}},{"type":"Feature","id":"310750001","geometry":{"type":"Point","coordinates":[-89.28225,20.40029]},"geometry_name":"the_geom","properties":{"CVEGEO":"310750001","NOMGEO":"Teabo","CVE_ENT":"31","NOM_ENT":"Yucatán","AMBITO":"Urbana","area_km2":3.044}},{"type":"Feature","id":"310760001","geometry":{"type":"Point","coordinates":[-89.47423,20.74255]},"geometry_name":"the_geom","properties":{"CVEGEO":"310760001","NOMGEO":"Tecoh","CVE_ENT":"31","NOM_ENT":"Yucatán","AMBITO":"Urbana","area_km2":5.4}},{"type":"Feature","id":"310760002","geometry":{"type":"Point","coordinates":[-89.39223,20.69517]},"geometry_name":"the_geom","properties":{"CVEGEO":"310760002","NOMGEO":"Chinkilá","CVE_ENT":"31","NOM_ENT":"Yucatán","AMBITO":"Rural","area_km2":0.198}},{"type":"Feature","id":"310760003","geometry":{"type":"Point","coordinates":[-89.56064,20.7522]},"geometry_name":"the_geom","properties":{"CVEGEO":"310760003","NOMGEO":"Itzincab","CVE_ENT":"31","NOM_ENT":"Yucatán","AMBITO":"Rural","area_km2":0.384}},{"type":"Feature","id":"310760005","geometry":{"type":"Point","coordinates":[-89.49699,20.71221]},"geometry_name":"the_geom","properties":{"CVEGEO":"310760005","NOMGEO":"Lepán","CVE_ENT":"31","NOM_ENT":"Yucatán","AMBITO":"Rural","area_km2":0.844}},{"type":"Feature","id":"310760006","geometry":{"type":"Point","coordinates":[-89.46266,20.55375]},"geometry_name":"the_geom","properties":{"CVEGEO":"310760006","NOMGEO":"Mahzucil","CVE_ENT":"31","NOM_ENT":"Yucatán","AMBITO":"Rural","area_km2":0.279}},{"type":"Feature","id":"310760007","geometry":{"type":"Point","coordinates":[-89.50498,20.77191]},"geometry_name":"the_geom","properties":{"CVEGEO":"310760007","NOMGEO":"Oxtapacab","CVE_ENT":"31","NOM_ENT":"Yucatán","AMBITO":"Rural","area_km2":0.316}},{"type":"Feature","id":"310760008","geometry":{"type":"Point","coordinates":[-89.4144,20.64213]},"geometry_name":"the_geom","properties":{"CVEGEO":"310760008","NOMGEO":"Pixyá","CVE_ENT":"31","NOM_ENT":"Yucatán","AMBITO":"Rural","area_km2":0.277}},{"type":"Feature","id":"310760009","geometry":{"type":"Point","coordinates":[-89.37083,20.66048]},"geometry_name":"the_geom","properties":{"CVEGEO":"310760009","NOMGEO":"Sabacché","CVE_ENT":"31","NOM_ENT":"Yucatán","AMBITO":"Rural","area_km2":0.17}},{"type":"Feature","id":"310760011","geometry":{"type":"Point","coordinates":[-89.57481,20.74192]},"geometry_name":"the_geom","properties":{"CVEGEO":"310760011","NOMGEO":"Sotuta de Peón","CVE_ENT":"31","NOM_ENT":"Yucatán","AMBITO":"Rural","area_km2":0.405}},{"type":"Feature","id":"310760012","geometry":{"type":"Point","coordinates":[-89.46387,20.64697]},"geometry_name":"the_geom","properties":{"CVEGEO":"310760012","NOMGEO":"Telchaquillo","CVE_ENT":"31","NOM_ENT":"Yucatán","AMBITO":"Rural","area_km2":1.215}},{"type":"Feature","id":"310760013","geometry":{"type":"Point","coordinates":[-89.50135,20.62449]},"geometry_name":"the_geom","properties":{"CVEGEO":"310760013","NOMGEO":"X-Kanchakán","CVE_ENT":"31","NOM_ENT":"Yucatán","AMBITO":"Rural","area_km2":0.922}},{"type":"Feature","id":"310770001","geometry":{"type":"Point","coordinates":[-88.94678,21.01486]},"geometry_name":"the_geom","properties":{"CVEGEO":"310770001","NOMGEO":"Tekal de Venegas","CVE_ENT":"31","NOM_ENT":"Yucatán","AMBITO":"Urbana","area_km2":1.969}},{"type":"Feature","id":"310780001","geometry":{"type":"Point","coordinates":[-89.10669,21.01091]},"geometry_name":"the_geom","properties":{"CVEGEO":"310780001","NOMGEO":"Tekantó","CVE_ENT":"31","NOM_ENT":"Yucatán","AMBITO":"Urbana","area_km2":3.122}},{"type":"Feature","id":"310780003","geometry":{"type":"Point","coordinates":[-89.14429,20.98425]},"geometry_name":"the_geom","properties":{"CVEGEO":"310780003","NOMGEO":"San Francisco Dzón","CVE_ENT":"31","NOM_ENT":"Yucatán","AMBITO":"Rural","area_km2":0.142}},{"type":"Feature","id":"310780005","geometry":{"type":"Point","coordinates":[-89.08123,21.01404]},"geometry_name":"the_geom","properties":{"CVEGEO":"310780005","NOMGEO":"Tixkochoh","CVE_ENT":"31","NOM_ENT":"Yucatán","AMBITO":"Rural","area_km2":0.589}},{"type":"Feature","id":"310790001","geometry":{"type":"Point","coordinates":[-89.28376,20.20498]},"geometry_name":"the_geom","properties":{"CVEGEO":"310790001","NOMGEO":"Tekax de Álvaro Obregón","CVE_ENT":"31","NOM_ENT":"Yucatán","AMBITO":"Urbana","area_km2":9.643}},{"type":"Feature","id":"310790002","geometry":{"type":"Point","coordinates":[-89.2176,19.87624]},"geometry_name":"the_geom","properties":{"CVEGEO":"310790002","NOMGEO":"Becanchén","CVE_ENT":"31","NOM_ENT":"Yucatán","AMBITO":"Rural","area_km2":0.705}},{"type":"Feature","id":"310790004","geometry":{"type":"Point","coordinates":[-89.3284,20.19999]},"geometry_name":"the_geom","properties":{"CVEGEO":"310790004","NOMGEO":"Canek","CVE_ENT":"31","NOM_ENT":"Yucatán","AMBITO":"Rural","area_km2":0.202}},{"type":"Feature","id":"310790005","geometry":{"type":"Point","coordinates":[-89.25173,20.15168]},"geometry_name":"the_geom","properties":{"CVEGEO":"310790005","NOMGEO":"Manuel Cepeda Peraza","CVE_ENT":"31","NOM_ENT":"Yucatán","AMBITO":"Rural","area_km2":0.431}},{"type":"Feature","id":"310790006","geometry":{"type":"Point","coordinates":[-89.34492,20.17675]},"geometry_name":"the_geom","properties":{"CVEGEO":"310790006","NOMGEO":"Chacmultún","CVE_ENT":"31","NOM_ENT":"Yucatán","AMBITO":"Rural","area_km2":0.06}},{"type":"Feature","id":"310790009","geometry":{"type":"Point","coordinates":[-89.1492,20.08006]},"geometry_name":"the_geom","properties":{"CVEGEO":"310790009","NOMGEO":"Alfonso Caso","CVE_ENT":"31","NOM_ENT":"Yucatán","AMBITO":"Rural","area_km2":0.289}},{"type":"Feature","id":"310790010","geometry":{"type":"Point","coordinates":[-89.34609,20.19557]},"geometry_name":"the_geom","properties":{"CVEGEO":"310790010","NOMGEO":"Kancab","CVE_ENT":"31","NOM_ENT":"Yucatán","AMBITO":"Urbana","area_km2":0.867}},{"type":"Feature","id":"310790011","geometry":{"type":"Point","coordinates":[-89.13331,20.32368]},"geometry_name":"the_geom","properties":{"CVEGEO":"310790011","NOMGEO":"Kinil","CVE_ENT":"31","NOM_ENT":"Yucatán","AMBITO":"Rural","area_km2":0.636}},{"type":"Feature","id":"310790012","geometry":{"type":"Point","coordinates":[-89.33257,19.79248]},"geometry_name":"the_geom","properties":{"CVEGEO":"310790012","NOMGEO":"Nohalal","CVE_ENT":"31","NOM_ENT":"Yucatán","AMBITO":"Rural","area_km2":0.117}},{"type":"Feature","id":"310790015","geometry":{"type":"Point","coordinates":[-89.2894,20.29359]},"geometry_name":"the_geom","properties":{"CVEGEO":"310790015","NOMGEO":"Pencuyut","CVE_ENT":"31","NOM_ENT":"Yucatán","AMBITO":"Rural","area_km2":1.005}},{"type":"Feature","id":"310790020","geometry":{"type":"Point","coordinates":[-89.29583,19.85912]},"geometry_name":"the_geom","properties":{"CVEGEO":"310790020","NOMGEO":"San Diego Buenavista","CVE_ENT":"31","NOM_ENT":"Yucatán","AMBITO":"Rural","area_km2":0.105}},{"type":"Feature","id":"310790024","geometry":{"type":"Point","coordinates":[-89.46805,19.81165]},"geometry_name":"the_geom","properties":{"CVEGEO":"310790024","NOMGEO":"San Felipe Segundo","CVE_ENT":"31","NOM_ENT":"Yucatán","AMBITO":"Rural","area_km2":0.154}},{"type":"Feature","id":"310790027","geometry":{"type":"Point","coordinates":[-89.41957,19.83291]},"geometry_name":"the_geom","properties":{"CVEGEO":"310790027","NOMGEO":"Mac-Yan (San Isidro Mac-Yan)","CVE_ENT":"31","NOM_ENT":"Yucatán","AMBITO":"Rural","area_km2":0.163}},{"type":"Feature","id":"310790033","geometry":{"type":"Point","coordinates":[-89.21758,20.15016]},"geometry_name":"the_geom","properties":{"CVEGEO":"310790033","NOMGEO":"Ticum","CVE_ENT":"31","NOM_ENT":"Yucatán","AMBITO":"Rural","area_km2":0.588}},{"type":"Feature","id":"310790034","geometry":{"type":"Point","coordinates":[-89.20359,20.2099]},"geometry_name":"the_geom","properties":{"CVEGEO":"310790034","NOMGEO":"Tixcuytún","CVE_ENT":"31","NOM_ENT":"Yucatán","AMBITO":"Rural","area_km2":0.282}},{"type":"Feature","id":"310790036","geometry":{"type":"Point","coordinates":[-89.18728,20.29609]},"geometry_name":"the_geom","properties":{"CVEGEO":"310790036","NOMGEO":"Xaya","CVE_ENT":"31","NOM_ENT":"Yucatán","AMBITO":"Rural","area_km2":0.846}},{"type":"Feature","id":"310790039","geometry":{"type":"Point","coordinates":[-89.43758,19.77644]},"geometry_name":"the_geom","properties":{"CVEGEO":"310790039","NOMGEO":"San Pedro Xtokil","CVE_ENT":"31","NOM_ENT":"Yucatán","AMBITO":"Rural","area_km2":0.081}},{"type":"Feature","id":"310790044","geometry":{"type":"Point","coordinates":[-89.52484,19.9036]},"geometry_name":"the_geom","properties":{"CVEGEO":"310790044","NOMGEO":"San Martín Hili (Kichmó)","CVE_ENT":"31","NOM_ENT":"Yucatán","AMBITO":"Rural","area_km2":0.103}},{"type":"Feature","id":"310790046","geometry":{"type":"Point","coordinates":[-89.44224,19.71505]},"geometry_name":"the_geom","properties":{"CVEGEO":"310790046","NOMGEO":"San Juan Tekax","CVE_ENT":"31","NOM_ENT":"Yucatán","AMBITO":"Rural","area_km2":0.143}},{"type":"Feature","id":"310790048","geometry":{"type":"Point","coordinates":[-89.4826,19.8727]},"geometry_name":"the_geom","properties":{"CVEGEO":"310790048","NOMGEO":"Chan Dzinup","CVE_ENT":"31","NOM_ENT":"Yucatán","AMBITO":"Rural","area_km2":0.195}},{"type":"Feature","id":"310790051","geometry":{"type":"Point","coordinates":[-89.30828,19.90251]},"geometry_name":"the_geom","properties":{"CVEGEO":"310790051","NOMGEO":"Pocoboch","CVE_ENT":"31","NOM_ENT":"Yucatán","AMBITO":"Rural","area_km2":0.171}},{"type":"Feature","id":"310790062","geometry":{"type":"Point","coordinates":[-89.44074,19.87699]},"geometry_name":"the_geom","properties":{"CVEGEO":"310790062","NOMGEO":"San Isidro Yaxché","CVE_ENT":"31","NOM_ENT":"Yucatán","AMBITO":"Rural","area_km2":0.074}},{"type":"Feature","id":"310790063","geometry":{"type":"Point","coordinates":[-89.42826,19.87031]},"geometry_name":"the_geom","properties":{"CVEGEO":"310790063","NOMGEO":"San Salvador","CVE_ENT":"31","NOM_ENT":"Yucatán","AMBITO":"Rural","area_km2":0.042}},{"type":"Feature","id":"310790085","geometry":{"type":"Point","coordinates":[-89.49811,19.91775]},"geometry_name":"the_geom","properties":{"CVEGEO":"310790085","NOMGEO":"Benito Juárez","CVE_ENT":"31","NOM_ENT":"Yucatán","AMBITO":"Rural","area_km2":0.295}},{"type":"Feature","id":"310790086","geometry":{"type":"Point","coordinates":[-89.48799,19.9798]},"geometry_name":"the_geom","properties":{"CVEGEO":"310790086","NOMGEO":"San Agustín (Salvador Alvarado)","CVE_ENT":"31","NOM_ENT":"Yucatán","AMBITO":"Rural","area_km2":0.248}},{"type":"Feature","id":"310790087","geometry":{"type":"Point","coordinates":[-89.52291,19.91797]},"geometry_name":"the_geom","properties":{"CVEGEO":"310790087","NOMGEO":"San Pedro Dzulá","CVE_ENT":"31","NOM_ENT":"Yucatán","AMBITO":"Rural","area_km2":0.154}},{"type":"Feature","id":"310790132","geometry":{"type":"Point","coordinates":[-89.15438,19.89381]},"geometry_name":"the_geom","properties":{"CVEGEO":"310790132","NOMGEO":"Sacpukenhá","CVE_ENT":"31","NOM_ENT":"Yucatán","AMBITO":"Rural","area_km2":0.076}},{"type":"Feature","id":"310790192","geometry":{"type":"Point","coordinates":[-89.30736,19.99917]},"geometry_name":"the_geom","properties":{"CVEGEO":"310790192","NOMGEO":"Kantemó","CVE_ENT":"31","NOM_ENT":"Yucatán","AMBITO":"Rural","area_km2":0.355}},{"type":"Feature","id":"310790207","geometry":{"type":"Point","coordinates":[-89.10492,19.71067]},"geometry_name":"the_geom","properties":{"CVEGEO":"310790207","NOMGEO":"Sudzal Chico","CVE_ENT":"31","NOM_ENT":"Yucatán","AMBITO":"Rural","area_km2":0.219}},{"type":"Feature","id":"310790232","geometry":{"type":"Point","coordinates":[-89.32487,20.19685]},"geometry_name":"the_geom","properties":{"CVEGEO":"310790232","NOMGEO":"San Marcos","CVE_ENT":"31","NOM_ENT":"Yucatán","AMBITO":"Rural","area_km2":0.149}},{"type":"Feature","id":"310800001","geometry":{"type":"Point","coordinates":[-89.33357,20.53599]},"geometry_name":"the_geom","properties":{"CVEGEO":"310800001","NOMGEO":"Tekit","CVE_ENT":"31","NOM_ENT":"Yucatán","AMBITO":"Urbana","area_km2":3.789}},{"type":"Feature","id":"310810001","geometry":{"type":"Point","coordinates":[-88.26504,20.60143]},"geometry_name":"the_geom","properties":{"CVEGEO":"310810001","NOMGEO":"Tekom","CVE_ENT":"31","NOM_ENT":"Yucatán","AMBITO":"Urbana","area_km2":1.472}},{"type":"Feature","id":"310810002","geometry":{"type":"Point","coordinates":[-88.3946,20.43686]},"geometry_name":"the_geom","properties":{"CVEGEO":"310810002","NOMGEO":"Chibilub","CVE_ENT":"31","NOM_ENT":"Yucatán","AMBITO":"Rural","area_km2":0.143}},{"type":"Feature","id":"310810011","geometry":{"type":"Point","coordinates":[-88.48497,20.346]},"geometry_name":"the_geom","properties":{"CVEGEO":"310810011","NOMGEO":"X-Cocmil","CVE_ENT":"31","NOM_ENT":"Yucatán","AMBITO":"Rural","area_km2":0.163}},{"type":"Feature","id":"310810013","geometry":{"type":"Point","coordinates":[-88.48136,20.4625]},"geometry_name":"the_geom","properties":{"CVEGEO":"310810013","NOMGEO":"Pocbichén","CVE_ENT":"31","NOM_ENT":"Yucatán","AMBITO":"Rural","area_km2":0.079}},{"type":"Feature","id":"310810014","geometry":{"type":"Point","coordinates":[-88.45621,20.44682]},"geometry_name":"the_geom","properties":{"CVEGEO":"310810014","NOMGEO":"Xuxcáb","CVE_ENT":"31","NOM_ENT":"Yucatán","AMBITO":"Rural","area_km2":0.1}},{"type":"Feature","id":"310820001","geometry":{"type":"Point","coordinates":[-89.27008,21.20212]},"geometry_name":"the_geom","properties":{"CVEGEO":"310820001","NOMGEO":"Telchac","CVE_ENT":"31","NOM_ENT":"Yucatán","AMBITO":"Urbana","area_km2":3.47}},{"type":"Feature","id":"310830001","geometry":{"type":"Point","coordinates":[-89.26888,21.34175]},"geometry_name":"the_geom","properties":{"CVEGEO":"310830001","NOMGEO":"Telchac Puerto","CVE_ENT":"31","NOM_ENT":"Yucatán","AMBITO":"Urbana","area_km2":3.76}},{"type":"Feature","id":"310840001","geometry":{"type":"Point","coordinates":[-88.93983,21.14943]},"geometry_name":"the_geom","properties":{"CVEGEO":"310840001","NOMGEO":"Temax","CVE_ENT":"31","NOM_ENT":"Yucatán","AMBITO":"Urbana","area_km2":4.016}},{"type":"Feature","id":"310840003","geometry":{"type":"Point","coordinates":[-88.98196,21.13046]},"geometry_name":"the_geom","properties":{"CVEGEO":"310840003","NOMGEO":"Chenché de las Torres","CVE_ENT":"31","NOM_ENT":"Yucatán","AMBITO":"Rural","area_km2":0.327}},{"type":"Feature","id":"310840004","geometry":{"type":"Point","coordinates":[-88.92281,21.22947]},"geometry_name":"the_geom","properties":{"CVEGEO":"310840004","NOMGEO":"Chucmichén","CVE_ENT":"31","NOM_ENT":"Yucatán","AMBITO":"Rural","area_km2":0.105}},{"type":"Feature","id":"310840005","geometry":{"type":"Point","coordinates":[-88.85995,21.17955]},"geometry_name":"the_geom","properties":{"CVEGEO":"310840005","NOMGEO":"San Antonio Cámara","CVE_ENT":"31","NOM_ENT":"Yucatán","AMBITO":"Rural","area_km2":0.232}},{"type":"Feature","id":"310850001","geometry":{"type":"Point","coordinates":[-88.20069,20.80461]},"geometry_name":"the_geom","properties":{"CVEGEO":"310850001","NOMGEO":"Temozón","CVE_ENT":"31","NOM_ENT":"Yucatán","AMBITO":"Urbana","area_km2":2.922}},{"type":"Feature","id":"310850002","geometry":{"type":"Point","coordinates":[-88.11217,20.91603]},"geometry_name":"the_geom","properties":{"CVEGEO":"310850002","NOMGEO":"Actuncoh","CVE_ENT":"31","NOM_ENT":"Yucatán","AMBITO":"Rural","area_km2":0.269}},{"type":"Feature","id":"310850016","geometry":{"type":"Point","coordinates":[-88.05303,20.83503]},"geometry_name":"the_geom","properties":{"CVEGEO":"310850016","NOMGEO":"Dzalbay","CVE_ENT":"31","NOM_ENT":"Yucatán","AMBITO":"Rural","area_km2":0.276}},{"type":"Feature","id":"310850021","geometry":{"type":"Point","coordinates":[-88.08965,20.85292]},"geometry_name":"the_geom","properties":{"CVEGEO":"310850021","NOMGEO":"Hunukú","CVE_ENT":"31","NOM_ENT":"Yucatán","AMBITO":"Urbana","area_km2":1.055}},{"type":"Feature","id":"310850024","geometry":{"type":"Point","coordinates":[-88.01874,20.88416]},"geometry_name":"the_geom","properties":{"CVEGEO":"310850024","NOMGEO":"X-Kanchechén","CVE_ENT":"31","NOM_ENT":"Yucatán","AMBITO":"Rural","area_km2":0.053}},{"type":"Feature","id":"310850030","geometry":{"type":"Point","coordinates":[-88.00843,20.93588]},"geometry_name":"the_geom","properties":{"CVEGEO":"310850030","NOMGEO":"Nahbalam","CVE_ENT":"31","NOM_ENT":"Yucatán","AMBITO":"Rural","area_km2":1.727}},{"type":"Feature","id":"310850057","geometry":{"type":"Point","coordinates":[-88.147,20.86354]},"geometry_name":"the_geom","properties":{"CVEGEO":"310850057","NOMGEO":"Santa Rita","CVE_ENT":"31","NOM_ENT":"Yucatán","AMBITO":"Rural","area_km2":0.292}},{"type":"Feature","id":"310850094","geometry":{"type":"Point","coordinates":[-87.96593,20.8666]},"geometry_name":"the_geom","properties":{"CVEGEO":"310850094","NOMGEO":"X'Tut","CVE_ENT":"31","NOM_ENT":"Yucatán","AMBITO":"Rural","area_km2":0.203}},{"type":"Feature","id":"310850095","geometry":{"type":"Point","coordinates":[-88.13556,20.80484]},"geometry_name":"the_geom","properties":{"CVEGEO":"310850095","NOMGEO":"X-Uch","CVE_ENT":"31","NOM_ENT":"Yucatán","AMBITO":"Rural","area_km2":0.157}},{"type":"Feature","id":"310850118","geometry":{"type":"Point","coordinates":[-88.1425,20.80533]},"geometry_name":"the_geom","properties":{"CVEGEO":"310850118","NOMGEO":"San Basilio","CVE_ENT":"31","NOM_ENT":"Yucatán","AMBITO":"Rural","area_km2":0.055}},{"type":"Feature","id":"310850178","geometry":{"type":"Point","coordinates":[-88.14477,20.89348]},"geometry_name":"the_geom","properties":{"CVEGEO":"310850178","NOMGEO":"Ekbalam","CVE_ENT":"31","NOM_ENT":"Yucatán","AMBITO":"Rural","area_km2":0.241}},{"type":"Feature","id":"310850285","geometry":{"type":"Point","coordinates":[-87.86064,20.94026]},"geometry_name":"the_geom","properties":{"CVEGEO":"310850285","NOMGEO":"Yokdzonot Presentado","CVE_ENT":"31","NOM_ENT":"Yucatán","AMBITO":"Rural","area_km2":0.449}},{"type":"Feature","id":"310860001","geometry":{"type":"Point","coordinates":[-89.03913,21.04776]},"geometry_name":"the_geom","properties":{"CVEGEO":"310860001","NOMGEO":"Tepakán","CVE_ENT":"31","NOM_ENT":"Yucatán","AMBITO":"Urbana","area_km2":2.042}},{"type":"Feature","id":"310860002","geometry":{"type":"Point","coordinates":[-89.03088,21.03146]},"geometry_name":"the_geom","properties":{"CVEGEO":"310860002","NOMGEO":"Kantirix","CVE_ENT":"31","NOM_ENT":"Yucatán","AMBITO":"Rural","area_km2":0.106}},{"type":"Feature","id":"310870001","geometry":{"type":"Point","coordinates":[-89.93296,20.96234]},"geometry_name":"the_geom","properties":{"CVEGEO":"310870001","NOMGEO":"Tetiz","CVE_ENT":"31","NOM_ENT":"Yucatán","AMBITO":"Urbana","area_km2":3.83}},{"type":"Feature","id":"310870002","geometry":{"type":"Point","coordinates":[-89.96809,20.97533]},"geometry_name":"the_geom","properties":{"CVEGEO":"310870002","NOMGEO":"Nohuayún","CVE_ENT":"31","NOM_ENT":"Yucatán","AMBITO":"Rural","area_km2":0.505}},{"type":"Feature","id":"310880001","geometry":{"type":"Point","coordinates":[-89.07343,21.05016]},"geometry_name":"the_geom","properties":{"CVEGEO":"310880001","NOMGEO":"Teya","CVE_ENT":"31","NOM_ENT":"Yucatán","AMBITO":"Urbana","area_km2":2.307}},{"type":"Feature","id":"310890001","geometry":{"type":"Point","coordinates":[-89.53734,20.39781]},"geometry_name":"the_geom","properties":{"CVEGEO":"310890001","NOMGEO":"Ticul","CVE_ENT":"31","NOM_ENT":"Yucatán","AMBITO":"Urbana","area_km2":11.094}},{"type":"Feature","id":"310890007","geometry":{"type":"Point","coordinates":[-89.51123,20.36943]},"geometry_name":"the_geom","properties":{"CVEGEO":"310890007","NOMGEO":"Pustunich","CVE_ENT":"31","NOM_ENT":"Yucatán","AMBITO":"Urbana","area_km2":1.097}},{"type":"Feature","id":"310890014","geometry":{"type":"Point","coordinates":[-89.45496,20.32801]},"geometry_name":"the_geom","properties":{"CVEGEO":"310890014","NOMGEO":"Yotholín","CVE_ENT":"31","NOM_ENT":"Yucatán","AMBITO":"Urbana","area_km2":1.521}},{"type":"Feature","id":"310900001","geometry":{"type":"Point","coordinates":[-89.51511,20.80992]},"geometry_name":"the_geom","properties":{"CVEGEO":"310900001","NOMGEO":"Timucuy","CVE_ENT":"31","NOM_ENT":"Yucatán","AMBITO":"Urbana","area_km2":2.06}},{"type":"Feature","id":"310900002","geometry":{"type":"Point","coordinates":[-89.53172,20.86751]},"geometry_name":"the_geom","properties":{"CVEGEO":"310900002","NOMGEO":"Subincancab","CVE_ENT":"31","NOM_ENT":"Yucatán","AMBITO":"Rural","area_km2":0.402}},{"type":"Feature","id":"310900003","geometry":{"type":"Point","coordinates":[-89.56105,20.81742]},"geometry_name":"the_geom","properties":{"CVEGEO":"310900003","NOMGEO":"Tekik de Regil","CVE_ENT":"31","NOM_ENT":"Yucatán","AMBITO":"Rural","area_km2":0.91}},{"type":"Feature","id":"310910001","geometry":{"type":"Point","coordinates":[-88.39271,20.76784]},"geometry_name":"the_geom","properties":{"CVEGEO":"310910001","NOMGEO":"Tinum","CVE_ENT":"31","NOM_ENT":"Yucatán","AMBITO":"Urbana","area_km2":1.481}},{"type":"Feature","id":"310910005","geometry":{"type":"Point","coordinates":[-88.4504,20.669]},"geometry_name":"the_geom","properties":{"CVEGEO":"310910005","NOMGEO":"Lop-Xul","CVE_ENT":"31","NOM_ENT":"Yucatán","AMBITO":"Rural","area_km2":0.055}},{"type":"Feature","id":"310910006","geometry":{"type":"Point","coordinates":[-88.58963,20.69902]},"geometry_name":"the_geom","properties":{"CVEGEO":"310910006","NOMGEO":"Pisté de Chichén Itzá","CVE_ENT":"31","NOM_ENT":"Yucatán","AMBITO":"Urbana","area_km2":2.578}},{"type":"Feature","id":"310910008","geometry":{"type":"Point","coordinates":[-88.51193,20.66678]},"geometry_name":"the_geom","properties":{"CVEGEO":"310910008","NOMGEO":"San Felipe","CVE_ENT":"31","NOM_ENT":"Yucatán","AMBITO":"Rural","area_km2":0.069}},{"type":"Feature","id":"310910009","geometry":{"type":"Point","coordinates":[-88.47348,20.70035]},"geometry_name":"the_geom","properties":{"CVEGEO":"310910009","NOMGEO":"San Francisco Grande","CVE_ENT":"31","NOM_ENT":"Yucatán","AMBITO":"Rural","area_km2":0.633}},{"type":"Feature","id":"310910011","geometry":{"type":"Point","coordinates":[-88.46415,20.65384]},"geometry_name":"the_geom","properties":{"CVEGEO":"310910011","NOMGEO":"Tohopkú","CVE_ENT":"31","NOM_ENT":"Yucatán","AMBITO":"Rural","area_km2":0.275}},{"type":"Feature","id":"310910012","geometry":{"type":"Point","coordinates":[-88.52538,20.65124]},"geometry_name":"the_geom","properties":{"CVEGEO":"310910012","NOMGEO":"X-Calakoop","CVE_ENT":"31","NOM_ENT":"Yucatán","AMBITO":"Rural","area_km2":0.772}},{"type":"Feature","id":"310910021","geometry":{"type":"Point","coordinates":[-88.56234,20.68447]},"geometry_name":"the_geom","properties":{"CVEGEO":"310910021","NOMGEO":"San Felipe Nuevo","CVE_ENT":"31","NOM_ENT":"Yucatán","AMBITO":"Rural","area_km2":0.067}},{"type":"Feature","id":"310910057","geometry":{"type":"Point","coordinates":[-88.63673,20.63059]},"geometry_name":"the_geom","properties":{"CVEGEO":"310910057","NOMGEO":"Chendzonot","CVE_ENT":"31","NOM_ENT":"Yucatán","AMBITO":"Rural","area_km2":0.064}},{"type":"Feature","id":"310920001","geometry":{"type":"Point","coordinates":[-88.27033,20.5375]},"geometry_name":"the_geom","properties":{"CVEGEO":"310920001","NOMGEO":"Tixcacalcupul","CVE_ENT":"31","NOM_ENT":"Yucatán","AMBITO":"Urbana","area_km2":1.62}},{"type":"Feature","id":"310920002","geometry":{"type":"Point","coordinates":[-88.3028,20.35776]},"geometry_name":"the_geom","properties":{"CVEGEO":"310920002","NOMGEO":"Carolina","CVE_ENT":"31","NOM_ENT":"Yucatán","AMBITO":"Rural","area_km2":0.068}},{"type":"Feature","id":"310920004","geometry":{"type":"Point","coordinates":[-88.43067,20.31636]},"geometry_name":"the_geom","properties":{"CVEGEO":"310920004","NOMGEO":"Ekpedz","CVE_ENT":"31","NOM_ENT":"Yucatán","AMBITO":"Rural","area_km2":1.008}},{"type":"Feature","id":"310920007","geometry":{"type":"Point","coordinates":[-88.33187,20.31053]},"geometry_name":"the_geom","properties":{"CVEGEO":"310920007","NOMGEO":"Mahas","CVE_ENT":"31","NOM_ENT":"Yucatán","AMBITO":"Rural","area_km2":0.3}},{"type":"Feature","id":"310920009","geometry":{"type":"Point","coordinates":[-88.40085,20.32976]},"geometry_name":"the_geom","properties":{"CVEGEO":"310920009","NOMGEO":"Poop","CVE_ENT":"31","NOM_ENT":"Yucatán","AMBITO":"Rural","area_km2":0.385}},{"type":"Feature","id":"310920019","geometry":{"type":"Point","coordinates":[-88.26825,20.30401]},"geometry_name":"the_geom","properties":{"CVEGEO":"310920019","NOMGEO":"X-Tohbil","CVE_ENT":"31","NOM_ENT":"Yucatán","AMBITO":"Rural","area_km2":0.27}},{"type":"Feature","id":"310920023","geometry":{"type":"Point","coordinates":[-88.41456,20.35523]},"geometry_name":"the_geom","properties":{"CVEGEO":"310920023","NOMGEO":"San José","CVE_ENT":"31","NOM_ENT":"Yucatán","AMBITO":"Rural","area_km2":0.362}},{"type":"Feature","id":"310930001","geometry":{"type":"Point","coordinates":[-89.39325,20.99953]},"geometry_name":"the_geom","properties":{"CVEGEO":"310930001","NOMGEO":"Tixkokob","CVE_ENT":"31","NOM_ENT":"Yucatán","AMBITO":"Urbana","area_km2":5.351}},{"type":"Feature","id":"310930003","geometry":{"type":"Point","coordinates":[-89.39722,20.97335]},"geometry_name":"the_geom","properties":{"CVEGEO":"310930003","NOMGEO":"San Antonio Millet","CVE_ENT":"31","NOM_ENT":"Yucatán","AMBITO":"Rural","area_km2":0.328}},{"type":"Feature","id":"310930004","geometry":{"type":"Point","coordinates":[-89.34956,20.96467]},"geometry_name":"the_geom","properties":{"CVEGEO":"310930004","NOMGEO":"Ekmul","CVE_ENT":"31","NOM_ENT":"Yucatán","AMBITO":"Rural","area_km2":1.534}},{"type":"Feature","id":"310930005","geometry":{"type":"Point","coordinates":[-89.34182,20.99659]},"geometry_name":"the_geom","properties":{"CVEGEO":"310930005","NOMGEO":"Euán","CVE_ENT":"31","NOM_ENT":"Yucatán","AMBITO":"Rural","area_km2":0.849}},{"type":"Feature","id":"310930006","geometry":{"type":"Point","coordinates":[-89.33517,20.92467]},"geometry_name":"the_geom","properties":{"CVEGEO":"310930006","NOMGEO":"Hubilá","CVE_ENT":"31","NOM_ENT":"Yucatán","AMBITO":"Rural","area_km2":0.282}},{"type":"Feature","id":"310930009","geometry":{"type":"Point","coordinates":[-89.42272,21.00921]},"geometry_name":"the_geom","properties":{"CVEGEO":"310930009","NOMGEO":"Nolo","CVE_ENT":"31","NOM_ENT":"Yucatán","AMBITO":"Rural","area_km2":1.105}},{"type":"Feature","id":"310930010","geometry":{"type":"Point","coordinates":[-89.30262,20.95004]},"geometry_name":"the_geom","properties":{"CVEGEO":"310930010","NOMGEO":"Ruinas de Aké","CVE_ENT":"31","NOM_ENT":"Yucatán","AMBITO":"Rural","area_km2":0.287}},{"type":"Feature","id":"310930013","geometry":{"type":"Point","coordinates":[-89.43579,21.02223]},"geometry_name":"the_geom","properties":{"CVEGEO":"310930013","NOMGEO":"Santa Cruz","CVE_ENT":"31","NOM_ENT":"Yucatán","AMBITO":"Rural","area_km2":0.058}},{"type":"Feature","id":"310940001","geometry":{"type":"Point","coordinates":[-89.10997,20.2346]},"geometry_name":"the_geom","properties":{"CVEGEO":"310940001","NOMGEO":"Tixméhuac","CVE_ENT":"31","NOM_ENT":"Yucatán","AMBITO":"Urbana","area_km2":2.274}},{"type":"Feature","id":"310940005","geometry":{"type":"Point","coordinates":[-89.15804,20.33891]},"geometry_name":"the_geom","properties":{"CVEGEO":"310940005","NOMGEO":"Chicán","CVE_ENT":"31","NOM_ENT":"Yucatán","AMBITO":"Rural","area_km2":0.417}},{"type":"Feature","id":"310940007","geometry":{"type":"Point","coordinates":[-89.07544,20.35462]},"geometry_name":"the_geom","properties":{"CVEGEO":"310940007","NOMGEO":"Chuchub","CVE_ENT":"31","NOM_ENT":"Yucatán","AMBITO":"Rural","area_km2":0.054}},{"type":"Feature","id":"310940008","geometry":{"type":"Point","coordinates":[-89.06227,20.2613]},"geometry_name":"the_geom","properties":{"CVEGEO":"310940008","NOMGEO":"Dzutoh","CVE_ENT":"31","NOM_ENT":"Yucatán","AMBITO":"Rural","area_km2":0.138}},{"type":"Feature","id":"310940010","geometry":{"type":"Point","coordinates":[-89.08541,20.29614]},"geometry_name":"the_geom","properties":{"CVEGEO":"310940010","NOMGEO":"Kimbilá","CVE_ENT":"31","NOM_ENT":"Yucatán","AMBITO":"Rural","area_km2":0.346}},{"type":"Feature","id":"310940015","geometry":{"type":"Point","coordinates":[-89.02711,20.31577]},"geometry_name":"the_geom","properties":{"CVEGEO":"310940015","NOMGEO":"Sabacché","CVE_ENT":"31","NOM_ENT":"Yucatán","AMBITO":"Rural","area_km2":0.419}},{"type":"Feature","id":"310940023","geometry":{"type":"Point","coordinates":[-89.06729,20.28672]},"geometry_name":"the_geom","properties":{"CVEGEO":"310940023","NOMGEO":"Sisbic","CVE_ENT":"31","NOM_ENT":"Yucatán","AMBITO":"Rural","area_km2":0.111}},{"type":"Feature","id":"310940025","geometry":{"type":"Point","coordinates":[-89.03585,20.2942]},"geometry_name":"the_geom","properties":{"CVEGEO":"310940025","NOMGEO":"Xcohil","CVE_ENT":"31","NOM_ENT":"Yucatán","AMBITO":"Rural","area_km2":0.198}},{"type":"Feature","id":"310950001","geometry":{"type":"Point","coordinates":[-89.44194,20.97677]},"geometry_name":"the_geom","properties":{"CVEGEO":"310950001","NOMGEO":"Tixpéhual","CVE_ENT":"31","NOM_ENT":"Yucatán","AMBITO":"Urbana","area_km2":2.197}},{"type":"Feature","id":"310950003","geometry":{"type":"Point","coordinates":[-89.4683,20.99406]},"geometry_name":"the_geom","properties":{"CVEGEO":"310950003","NOMGEO":"Chochoh","CVE_ENT":"31","NOM_ENT":"Yucatán","AMBITO":"Rural","area_km2":0.304}},{"type":"Feature","id":"310950004","geometry":{"type":"Point","coordinates":[-89.43606,20.99702]},"geometry_name":"the_geom","properties":{"CVEGEO":"310950004","NOMGEO":"Kilinché","CVE_ENT":"31","NOM_ENT":"Yucatán","AMBITO":"Rural","area_km2":0.168}},{"type":"Feature","id":"310950005","geometry":{"type":"Point","coordinates":[-89.46234,20.9225]},"geometry_name":"the_geom","properties":{"CVEGEO":"310950005","NOMGEO":"Sahé","CVE_ENT":"31","NOM_ENT":"Yucatán","AMBITO":"Rural","area_km2":0.436}},{"type":"Feature","id":"310950006","geometry":{"type":"Point","coordinates":[-89.52148,20.97309]},"geometry_name":"the_geom","properties":{"CVEGEO":"310950006","NOMGEO":"Techoh","CVE_ENT":"31","NOM_ENT":"Yucatán","AMBITO":"Rural","area_km2":0.199}},{"type":"Feature","id":"310950023","geometry":{"type":"Point","coordinates":[-89.40789,20.94067]},"geometry_name":"the_geom","properties":{"CVEGEO":"310950023","NOMGEO":"Cucá","CVE_ENT":"31","NOM_ENT":"Yucatán","AMBITO":"Rural","area_km2":0.158}},{"type":"Feature","id":"310960001","geometry":{"type":"Point","coordinates":[-88.15046,21.14175]},"geometry_name":"the_geom","properties":{"CVEGEO":"310960001","NOMGEO":"Tizimín","CVE_ENT":"31","NOM_ENT":"Yucatán","AMBITO":"Urbana","area_km2":19.718}},{"type":"Feature","id":"310960003","geometry":{"type":"Point","coordinates":[-88.19243,21.16301]},"geometry_name":"the_geom","properties":{"CVEGEO":"310960003","NOMGEO":"Xbohom","CVE_ENT":"31","NOM_ENT":"Yucatán","AMBITO":"Rural","area_km2":0.094}},{"type":"Feature","id":"310960007","geometry":{"type":"Point","coordinates":[-87.71872,21.27651]},"geometry_name":"the_geom","properties":{"CVEGEO":"310960007","NOMGEO":"Cenote Azul","CVE_ENT":"31","NOM_ENT":"Yucatán","AMBITO":"Rural","area_km2":0.156}},{"type":"Feature","id":"310960008","geometry":{"type":"Point","coordinates":[-87.72503,21.21164]},"geometry_name":"the_geom","properties":{"CVEGEO":"310960008","NOMGEO":"Colonia Yucatán","CVE_ENT":"31","NOM_ENT":"Yucatán","AMBITO":"Rural","area_km2":1.216}},{"type":"Feature","id":"310960009","geometry":{"type":"Point","coordinates":[-87.67705,21.51533]},"geometry_name":"the_geom","properties":{"CVEGEO":"310960009","NOMGEO":"El Cuyo","CVE_ENT":"31","NOM_ENT":"Yucatán","AMBITO":"Rural","area_km2":1.091}},{"type":"Feature","id":"310960011","geometry":{"type":"Point","coordinates":[-88.23944,21.22274]},"geometry_name":"the_geom","properties":{"CVEGEO":"310960011","NOMGEO":"Chan San Antonio","CVE_ENT":"31","NOM_ENT":"Yucatán","AMBITO":"Rural","area_km2":0.342}},{"type":"Feature","id":"310960013","geometry":{"type":"Point","coordinates":[-88.05675,21.3035]},"geometry_name":"the_geom","properties":{"CVEGEO":"310960013","NOMGEO":"Chenkekén","CVE_ENT":"31","NOM_ENT":"Yucatán","AMBITO":"Rural","area_km2":0.2}},{"type":"Feature","id":"310960017","geometry":{"type":"Point","coordinates":[-87.93616,21.23687]},"geometry_name":"the_geom","properties":{"CVEGEO":"310960017","NOMGEO":"Dzonot Aké","CVE_ENT":"31","NOM_ENT":"Yucatán","AMBITO":"Rural","area_km2":0.314}},{"type":"Feature","id":"310960018","geometry":{"type":"Point","coordinates":[-87.90939,21.3242]},"geometry_name":"the_geom","properties":{"CVEGEO":"310960018","NOMGEO":"Dzonot Box","CVE_ENT":"31","NOM_ENT":"Yucatán","AMBITO":"Rural","area_km2":0.112}},{"type":"Feature","id":"310960019","geometry":{"type":"Point","coordinates":[-87.87835,21.40129]},"geometry_name":"the_geom","properties":{"CVEGEO":"310960019","NOMGEO":"Dzonot Carretero","CVE_ENT":"31","NOM_ENT":"Yucatán","AMBITO":"Rural","area_km2":1.282}},{"type":"Feature","id":"310960021","geometry":{"type":"Point","coordinates":[-87.94694,21.03899]},"geometry_name":"the_geom","properties":{"CVEGEO":"310960021","NOMGEO":"Dzonot Mezo","CVE_ENT":"31","NOM_ENT":"Yucatán","AMBITO":"Rural","area_km2":0.207}},{"type":"Feature","id":"310960022","geometry":{"type":"Point","coordinates":[-87.91098,21.24713]},"geometry_name":"the_geom","properties":{"CVEGEO":"310960022","NOMGEO":"Dzonot Tigre","CVE_ENT":"31","NOM_ENT":"Yucatán","AMBITO":"Rural","area_km2":0.215}},{"type":"Feature","id":"310960023","geometry":{"type":"Point","coordinates":[-87.67798,21.0437]},"geometry_name":"the_geom","properties":{"CVEGEO":"310960023","NOMGEO":"El Edén (Yaxic)","CVE_ENT":"31","NOM_ENT":"Yucatán","AMBITO":"Rural","area_km2":0.217}},{"type":"Feature","id":"310960026","geometry":{"type":"Point","coordinates":[-88.16831,21.19107]},"geometry_name":"the_geom","properties":{"CVEGEO":"310960026","NOMGEO":"Kikil","CVE_ENT":"31","NOM_ENT":"Yucatán","AMBITO":"Rural","area_km2":0.267}},{"type":"Feature","id":"310960027","geometry":{"type":"Point","coordinates":[-87.7807,21.25177]},"geometry_name":"the_geom","properties":{"CVEGEO":"310960027","NOMGEO":"La Libertad","CVE_ENT":"31","NOM_ENT":"Yucatán","AMBITO":"Rural","area_km2":0.102}},{"type":"Feature","id":"310960029","geometry":{"type":"Point","coordinates":[-87.65386,21.23163]},"geometry_name":"the_geom","properties":{"CVEGEO":"310960029","NOMGEO":"Manuel Cepeda Peraza","CVE_ENT":"31","NOM_ENT":"Yucatán","AMBITO":"Rural","area_km2":0.337}},{"type":"Feature","id":"310960031","geometry":{"type":"Point","coordinates":[-87.70781,21.41179]},"geometry_name":"the_geom","properties":{"CVEGEO":"310960031","NOMGEO":"Moctezuma","CVE_ENT":"31","NOM_ENT":"Yucatán","AMBITO":"Rural","area_km2":0.443}},{"type":"Feature","id":"310960033","geometry":{"type":"Point","coordinates":[-88.10138,21.31988]},"geometry_name":"the_geom","properties":{"CVEGEO":"310960033","NOMGEO":"X-Panhatoro","CVE_ENT":"31","NOM_ENT":"Yucatán","AMBITO":"Rural","area_km2":0.257}},{"type":"Feature","id":"310960034","geometry":{"type":"Point","coordinates":[-87.56353,20.9932]},"geometry_name":"the_geom","properties":{"CVEGEO":"310960034","NOMGEO":"Popolnáh","CVE_ENT":"31","NOM_ENT":"Yucatán","AMBITO":"Urbana","area_km2":1.464}},{"type":"Feature","id":"310960039","geometry":{"type":"Point","coordinates":[-87.74923,21.26208]},"geometry_name":"the_geom","properties":{"CVEGEO":"310960039","NOMGEO":"Samaria","CVE_ENT":"31","NOM_ENT":"Yucatán","AMBITO":"Rural","area_km2":0.169}},{"type":"Feature","id":"310960041","geometry":{"type":"Point","coordinates":[-87.53771,21.26583]},"geometry_name":"the_geom","properties":{"CVEGEO":"310960041","NOMGEO":"San Arturo","CVE_ENT":"31","NOM_ENT":"Yucatán","AMBITO":"Rural","area_km2":0.081}},{"type":"Feature","id":"310960044","geometry":{"type":"Point","coordinates":[-87.9282,21.4314]},"geometry_name":"the_geom","properties":{"CVEGEO":"310960044","NOMGEO":"San Francisco Yohactún","CVE_ENT":"31","NOM_ENT":"Yucatán","AMBITO":"Rural","area_km2":0.109}},{"type":"Feature","id":"310960045","geometry":{"type":"Point","coordinates":[-87.67263,21.0966]},"geometry_name":"the_geom","properties":{"CVEGEO":"310960045","NOMGEO":"San Isidro Kilómetro Catorce (San Isidro)","CVE_ENT":"31","NOM_ENT":"Yucatán","AMBITO":"Rural","area_km2":0.183}},{"type":"Feature","id":"310960050","geometry":{"type":"Point","coordinates":[-87.90158,21.00787]},"geometry_name":"the_geom","properties":{"CVEGEO":"310960050","NOMGEO":"San Lorenzo Chiquilá","CVE_ENT":"31","NOM_ENT":"Yucatán","AMBITO":"Rural","area_km2":0.264}},{"type":"Feature","id":"310960052","geometry":{"type":"Point","coordinates":[-87.85249,21.08169]},"geometry_name":"the_geom","properties":{"CVEGEO":"310960052","NOMGEO":"San Luis Tzuctuk","CVE_ENT":"31","NOM_ENT":"Yucatán","AMBITO":"Rural","area_km2":0.219}},{"type":"Feature","id":"310960055","geometry":{"type":"Point","coordinates":[-87.88853,21.32794]},"geometry_name":"the_geom","properties":{"CVEGEO":"310960055","NOMGEO":"Kalax Yokdzonot","CVE_ENT":"31","NOM_ENT":"Yucatán","AMBITO":"Rural","area_km2":0.16}},{"type":"Feature","id":"310960058","geometry":{"type":"Point","coordinates":[-87.90082,21.15965]},"geometry_name":"the_geom","properties":{"CVEGEO":"310960058","NOMGEO":"San Pedro Juárez","CVE_ENT":"31","NOM_ENT":"Yucatán","AMBITO":"Rural","area_km2":0.175}},{"type":"Feature","id":"310960060","geometry":{"type":"Point","coordinates":[-88.06718,21.37243]},"geometry_name":"the_geom","properties":{"CVEGEO":"310960060","NOMGEO":"Santa Clara Dzibalkú","CVE_ENT":"31","NOM_ENT":"Yucatán","AMBITO":"Rural","area_km2":0.188}},{"type":"Feature","id":"310960063","geometry":{"type":"Point","coordinates":[-87.67457,21.18787]},"geometry_name":"the_geom","properties":{"CVEGEO":"310960063","NOMGEO":"Santa Elena","CVE_ENT":"31","NOM_ENT":"Yucatán","AMBITO":"Rural","area_km2":0.127}},{"type":"Feature","id":"310960067","geometry":{"type":"Point","coordinates":[-87.66341,21.15206]},"geometry_name":"the_geom","properties":{"CVEGEO":"310960067","NOMGEO":"Santa Rosa Concepción","CVE_ENT":"31","NOM_ENT":"Yucatán","AMBITO":"Rural","area_km2":0.138}},{"type":"Feature","id":"310960068","geometry":{"type":"Point","coordinates":[-87.71914,21.19875]},"geometry_name":"the_geom","properties":{"CVEGEO":"310960068","NOMGEO":"La Sierra","CVE_ENT":"31","NOM_ENT":"Yucatán","AMBITO":"Rural","area_km2":0.263}},{"type":"Feature","id":"310960069","geometry":{"type":"Point","coordinates":[-88.04726,21.16167]},"geometry_name":"the_geom","properties":{"CVEGEO":"310960069","NOMGEO":"Sucopó","CVE_ENT":"31","NOM_ENT":"Yucatán","AMBITO":"Rural","area_km2":1.005}},{"type":"Feature","id":"310960070","geometry":{"type":"Point","coordinates":[-87.56067,21.31023]},"geometry_name":"the_geom","properties":{"CVEGEO":"310960070","NOMGEO":"Tezoco Nuevo","CVE_ENT":"31","NOM_ENT":"Yucatán","AMBITO":"Rural","area_km2":0.128}},{"type":"Feature","id":"310960071","geometry":{"type":"Point","coordinates":[-87.85097,21.03561]},"geometry_name":"the_geom","properties":{"CVEGEO":"310960071","NOMGEO":"Tixcancal","CVE_ENT":"31","NOM_ENT":"Yucatán","AMBITO":"Rural","area_km2":1.003}},{"type":"Feature","id":"310960073","geometry":{"type":"Point","coordinates":[-87.97541,21.39302]},"geometry_name":"the_geom","properties":{"CVEGEO":"310960073","NOMGEO":"Xkalax de Dzibalkú","CVE_ENT":"31","NOM_ENT":"Yucatán","AMBITO":"Rural","area_km2":0.167}},{"type":"Feature","id":"310960074","geometry":{"type":"Point","coordinates":[-87.95309,21.29587]},"geometry_name":"the_geom","properties":{"CVEGEO":"310960074","NOMGEO":"X-Makulán","CVE_ENT":"31","NOM_ENT":"Yucatán","AMBITO":"Rural","area_km2":0.121}},{"type":"Feature","id":"310960075","geometry":{"type":"Point","coordinates":[-88.18525,21.15956]},"geometry_name":"the_geom","properties":{"CVEGEO":"310960075","NOMGEO":"X-Pambihá","CVE_ENT":"31","NOM_ENT":"Yucatán","AMBITO":"Rural","area_km2":0.082}},{"type":"Feature","id":"310960076","geometry":{"type":"Point","coordinates":[-87.9331,21.20776]},"geometry_name":"the_geom","properties":{"CVEGEO":"310960076","NOMGEO":"Yaxchekú","CVE_ENT":"31","NOM_ENT":"Yucatán","AMBITO":"Rural","area_km2":0.166}},{"type":"Feature","id":"310960077","geometry":{"type":"Point","coordinates":[-88.01984,21.41826]},"geometry_name":"the_geom","properties":{"CVEGEO":"310960077","NOMGEO":"Yohactún de Hidalgo","CVE_ENT":"31","NOM_ENT":"Yucatán","AMBITO":"Rural","area_km2":0.304}},{"type":"Feature","id":"310960142","geometry":{"type":"Point","coordinates":[-87.93313,21.00708]},"geometry_name":"the_geom","properties":{"CVEGEO":"310960142","NOMGEO":"San Isidro Kancabdzonot","CVE_ENT":"31","NOM_ENT":"Yucatán","AMBITO":"Rural","area_km2":0.078}},{"type":"Feature","id":"310960213","geometry":{"type":"Point","coordinates":[-87.66402,21.16328]},"geometry_name":"the_geom","properties":{"CVEGEO":"310960213","NOMGEO":"San José Conde","CVE_ENT":"31","NOM_ENT":"Yucatán","AMBITO":"Rural","area_km2":0.09}},{"type":"Feature","id":"310960218","geometry":{"type":"Point","coordinates":[-87.67501,21.12194]},"geometry_name":"the_geom","properties":{"CVEGEO":"310960218","NOMGEO":"San Manuel Kilómetro Once","CVE_ENT":"31","NOM_ENT":"Yucatán","AMBITO":"Rural","area_km2":0.264}},{"type":"Feature","id":"310960230","geometry":{"type":"Point","coordinates":[-87.6549,21.29565]},"geometry_name":"the_geom","properties":{"CVEGEO":"310960230","NOMGEO":"San Pedro Bacab","CVE_ENT":"31","NOM_ENT":"Yucatán","AMBITO":"Rural","area_km2":0.105}},{"type":"Feature","id":"310960314","geometry":{"type":"Point","coordinates":[-87.65316,21.184]},"geometry_name":"the_geom","properties":{"CVEGEO":"310960314","NOMGEO":"San Hipólito","CVE_ENT":"31","NOM_ENT":"Yucatán","AMBITO":"Rural","area_km2":0.092}},{"type":"Feature","id":"310960315","geometry":{"type":"Point","coordinates":[-87.64335,21.18343]},"geometry_name":"the_geom","properties":{"CVEGEO":"310960315","NOMGEO":"Luis Rosado Vega","CVE_ENT":"31","NOM_ENT":"Yucatán","AMBITO":"Rural","area_km2":0.061}},{"type":"Feature","id":"310960319","geometry":{"type":"Point","coordinates":[-87.65872,21.03739]},"geometry_name":"the_geom","properties":{"CVEGEO":"310960319","NOMGEO":"Felipe Carrillo Puerto Número Uno","CVE_ENT":"31","NOM_ENT":"Yucatán","AMBITO":"Rural","area_km2":0.149}},{"type":"Feature","id":"310960322","geometry":{"type":"Point","coordinates":[-87.67741,21.06656]},"geometry_name":"the_geom","properties":{"CVEGEO":"310960322","NOMGEO":"San José Montecristo","CVE_ENT":"31","NOM_ENT":"Yucatán","AMBITO":"Rural","area_km2":0.143}},{"type":"Feature","id":"310960323","geometry":{"type":"Point","coordinates":[-87.73705,21.20138]},"geometry_name":"the_geom","properties":{"CVEGEO":"310960323","NOMGEO":"Emiliano Zapata","CVE_ENT":"31","NOM_ENT":"Yucatán","AMBITO":"Rural","area_km2":0.084}},{"type":"Feature","id":"310960327","geometry":{"type":"Point","coordinates":[-87.68937,21.2315]},"geometry_name":"the_geom","properties":{"CVEGEO":"310960327","NOMGEO":"Francisco Villa","CVE_ENT":"31","NOM_ENT":"Yucatán","AMBITO":"Rural","area_km2":0.04}},{"type":"Feature","id":"310960329","geometry":{"type":"Point","coordinates":[-87.56637,21.31835]},"geometry_name":"the_geom","properties":{"CVEGEO":"310960329","NOMGEO":"El Limonar","CVE_ENT":"31","NOM_ENT":"Yucatán","AMBITO":"Rural","area_km2":0.055}},{"type":"Feature","id":"310960375","geometry":{"type":"Point","coordinates":[-87.7471,21.31258]},"geometry_name":"the_geom","properties":{"CVEGEO":"310960375","NOMGEO":"Santa Rosa y Anexas","CVE_ENT":"31","NOM_ENT":"Yucatán","AMBITO":"Rural","area_km2":0.318}},{"type":"Feature","id":"310960377","geometry":{"type":"Point","coordinates":[-87.74493,21.35484]},"geometry_name":"the_geom","properties":{"CVEGEO":"310960377","NOMGEO":"Santa María","CVE_ENT":"31","NOM_ENT":"Yucatán","AMBITO":"Rural","area_km2":0.5}},{"type":"Feature","id":"310960398","geometry":{"type":"Point","coordinates":[-87.68853,21.19036]},"geometry_name":"the_geom","properties":{"CVEGEO":"310960398","NOMGEO":"San Juan Kilómetro Cuatro","CVE_ENT":"31","NOM_ENT":"Yucatán","AMBITO":"Rural","area_km2":0.092}},{"type":"Feature","id":"310960404","geometry":{"type":"Point","coordinates":[-87.7105,21.19672]},"geometry_name":"the_geom","properties":{"CVEGEO":"310960404","NOMGEO":"Teapa","CVE_ENT":"31","NOM_ENT":"Yucatán","AMBITO":"Rural","area_km2":0.079}},{"type":"Feature","id":"310960440","geometry":{"type":"Point","coordinates":[-87.75538,21.01447]},"geometry_name":"the_geom","properties":{"CVEGEO":"310960440","NOMGEO":"Trascorral","CVE_ENT":"31","NOM_ENT":"Yucatán","AMBITO":"Rural","area_km2":0.058}},{"type":"Feature","id":"310960470","geometry":{"type":"Point","coordinates":[-87.76525,21.25506]},"geometry_name":"the_geom","properties":{"CVEGEO":"310960470","NOMGEO":"Santa Ana","CVE_ENT":"31","NOM_ENT":"Yucatán","AMBITO":"Rural","area_km2":0.144}},{"type":"Feature","id":"310960471","geometry":{"type":"Point","coordinates":[-87.6917,20.98508]},"geometry_name":"the_geom","properties":{"CVEGEO":"310960471","NOMGEO":"San Andrés","CVE_ENT":"31","NOM_ENT":"Yucatán","AMBITO":"Rural","area_km2":0.191}},{"type":"Feature","id":"310960497","geometry":{"type":"Point","coordinates":[-87.95856,21.14889]},"geometry_name":"the_geom","properties":{"CVEGEO":"310960497","NOMGEO":"Kabichén","CVE_ENT":"31","NOM_ENT":"Yucatán","AMBITO":"Rural","area_km2":0.235}},{"type":"Feature","id":"310960506","geometry":{"type":"Point","coordinates":[-87.68293,21.00091]},"geometry_name":"the_geom","properties":{"CVEGEO":"310960506","NOMGEO":"Chan Tres Reyes","CVE_ENT":"31","NOM_ENT":"Yucatán","AMBITO":"Rural","area_km2":0.091}},{"type":"Feature","id":"310960509","geometry":{"type":"Point","coordinates":[-87.78559,20.99094]},"geometry_name":"the_geom","properties":{"CVEGEO":"310960509","NOMGEO":"Chan Cenote","CVE_ENT":"31","NOM_ENT":"Yucatán","AMBITO":"Urbana","area_km2":0.855}},{"type":"Feature","id":"310960869","geometry":{"type":"Point","coordinates":[-88.18504,21.12333]},"geometry_name":"the_geom","properties":{"CVEGEO":"310960869","NOMGEO":"X-Uenkal","CVE_ENT":"31","NOM_ENT":"Yucatán","AMBITO":"Rural","area_km2":0.325}},{"type":"Feature","id":"310960886","geometry":{"type":"Point","coordinates":[-87.64279,21.03227]},"geometry_name":"the_geom","properties":{"CVEGEO":"310960886","NOMGEO":"Álamo","CVE_ENT":"31","NOM_ENT":"Yucatán","AMBITO":"Rural","area_km2":0.132}},{"type":"Feature","id":"310970001","geometry":{"type":"Point","coordinates":[-88.75128,20.90226]},"geometry_name":"the_geom","properties":{"CVEGEO":"310970001","NOMGEO":"Tunkás","CVE_ENT":"31","NOM_ENT":"Yucatán","AMBITO":"Urbana","area_km2":3.021}},{"type":"Feature","id":"310970005","geometry":{"type":"Point","coordinates":[-88.67619,20.94684]},"geometry_name":"the_geom","properties":{"CVEGEO":"310970005","NOMGEO":"San José Pibtuch","CVE_ENT":"31","NOM_ENT":"Yucatán","AMBITO":"Rural","area_km2":0.144}},{"type":"Feature","id":"310970007","geometry":{"type":"Point","coordinates":[-88.77937,20.81371]},"geometry_name":"the_geom","properties":{"CVEGEO":"310970007","NOMGEO":"San Antonio Chuc","CVE_ENT":"31","NOM_ENT":"Yucatán","AMBITO":"Rural","area_km2":0.252}},{"type":"Feature","id":"310970068","geometry":{"type":"Point","coordinates":[-88.84056,20.83556]},"geometry_name":"the_geom","properties":{"CVEGEO":"310970068","NOMGEO":"Onichén","CVE_ENT":"31","NOM_ENT":"Yucatán","AMBITO":"Rural","area_km2":0.066}},{"type":"Feature","id":"310980001","geometry":{"type":"Point","coordinates":[-89.05029,20.07196]},"geometry_name":"the_geom","properties":{"CVEGEO":"310980001","NOMGEO":"Tzucacab","CVE_ENT":"31","NOM_ENT":"Yucatán","AMBITO":"Urbana","area_km2":6.681}},{"type":"Feature","id":"310980005","geometry":{"type":"Point","coordinates":[-88.94941,19.9572]},"geometry_name":"the_geom","properties":{"CVEGEO":"310980005","NOMGEO":"Catmís","CVE_ENT":"31","NOM_ENT":"Yucatán","AMBITO":"Rural","area_km2":1.09}},{"type":"Feature","id":"310980006","geometry":{"type":"Point","coordinates":[-89.13168,20.09328]},"geometry_name":"the_geom","properties":{"CVEGEO":"310980006","NOMGEO":"Caxaytuk","CVE_ENT":"31","NOM_ENT":"Yucatán","AMBITO":"Rural","area_km2":0.384}},{"type":"Feature","id":"310980008","geometry":{"type":"Point","coordinates":[-89.00446,19.81041]},"geometry_name":"the_geom","properties":{"CVEGEO":"310980008","NOMGEO":"Corral","CVE_ENT":"31","NOM_ENT":"Yucatán","AMBITO":"Rural","area_km2":0.25}},{"type":"Feature","id":"310980010","geometry":{"type":"Point","coordinates":[-89.05561,20.1185]},"geometry_name":"the_geom","properties":{"CVEGEO":"310980010","NOMGEO":"Dzemucut","CVE_ENT":"31","NOM_ENT":"Yucatán","AMBITO":"Rural","area_km2":0.023}},{"type":"Feature","id":"310980011","geometry":{"type":"Point","coordinates":[-89.0467,20.09001]},"geometry_name":"the_geom","properties":{"CVEGEO":"310980011","NOMGEO":"Dzí","CVE_ENT":"31","NOM_ENT":"Yucatán","AMBITO":"Rural","area_km2":0.375}},{"type":"Feature","id":"310980012","geometry":{"type":"Point","coordinates":[-89.06533,20.12309]},"geometry_name":"the_geom","properties":{"CVEGEO":"310980012","NOMGEO":"Ek-Balam","CVE_ENT":"31","NOM_ENT":"Yucatán","AMBITO":"Rural","area_km2":0.382}},{"type":"Feature","id":"310980022","geometry":{"type":"Point","coordinates":[-89.04157,19.8709]},"geometry_name":"the_geom","properties":{"CVEGEO":"310980022","NOMGEO":"Noh-Bec","CVE_ENT":"31","NOM_ENT":"Yucatán","AMBITO":"Rural","area_km2":0.291}},{"type":"Feature","id":"310980024","geometry":{"type":"Point","coordinates":[-89.10445,19.84149]},"geometry_name":"the_geom","properties":{"CVEGEO":"310980024","NOMGEO":"San Salvador Piste Akal","CVE_ENT":"31","NOM_ENT":"Yucatán","AMBITO":"Rural","area_km2":0.198}},{"type":"Feature","id":"310980025","geometry":{"type":"Point","coordinates":[-88.99648,19.89676]},"geometry_name":"the_geom","properties":{"CVEGEO":"310980025","NOMGEO":"Polhuacxil","CVE_ENT":"31","NOM_ENT":"Yucatán","AMBITO":"Rural","area_km2":0.099}},{"type":"Feature","id":"310980028","geometry":{"type":"Point","coordinates":[-89.03838,19.91381]},"geometry_name":"the_geom","properties":{"CVEGEO":"310980028","NOMGEO":"Sacbecán","CVE_ENT":"31","NOM_ENT":"Yucatán","AMBITO":"Rural","area_km2":0.186}},{"type":"Feature","id":"310980037","geometry":{"type":"Point","coordinates":[-89.04099,19.71077]},"geometry_name":"the_geom","properties":{"CVEGEO":"310980037","NOMGEO":"Tigre Grande","CVE_ENT":"31","NOM_ENT":"Yucatán","AMBITO":"Rural","area_km2":0.162}},{"type":"Feature","id":"310980039","geometry":{"type":"Point","coordinates":[-88.98231,19.8384]},"geometry_name":"the_geom","properties":{"CVEGEO":"310980039","NOMGEO":"Xcobiakal (Xcobilakal)","CVE_ENT":"31","NOM_ENT":"Yucatán","AMBITO":"Rural","area_km2":0.088}},{"type":"Feature","id":"310980043","geometry":{"type":"Point","coordinates":[-89.05076,19.78651]},"geometry_name":"the_geom","properties":{"CVEGEO":"310980043","NOMGEO":"El Escondido","CVE_ENT":"31","NOM_ENT":"Yucatán","AMBITO":"Rural","area_km2":0.197}},{"type":"Feature","id":"310980045","geometry":{"type":"Point","coordinates":[-89.10319,19.79736]},"geometry_name":"the_geom","properties":{"CVEGEO":"310980045","NOMGEO":"Blanca Flor","CVE_ENT":"31","NOM_ENT":"Yucatán","AMBITO":"Rural","area_km2":0.125}},{"type":"Feature","id":"310990001","geometry":{"type":"Point","coordinates":[-88.31708,20.71718]},"geometry_name":"the_geom","properties":{"CVEGEO":"310990001","NOMGEO":"Uayma","CVE_ENT":"31","NOM_ENT":"Yucatán","AMBITO":"Urbana","area_km2":1.4}},{"type":"Feature","id":"310990023","geometry":{"type":"Point","coordinates":[-88.31986,20.82452]},"geometry_name":"the_geom","properties":{"CVEGEO":"310990023","NOMGEO":"Santa María Aznar","CVE_ENT":"31","NOM_ENT":"Yucatán","AMBITO":"Rural","area_km2":0.384}},{"type":"Feature","id":"310990080","geometry":{"type":"Point","coordinates":[-88.40802,20.67389]},"geometry_name":"the_geom","properties":{"CVEGEO":"310990080","NOMGEO":"San Lorenzo","CVE_ENT":"31","NOM_ENT":"Yucatán","AMBITO":"Rural","area_km2":0.041}},{"type":"Feature","id":"311000001","geometry":{"type":"Point","coordinates":[-89.74592,21.031]},"geometry_name":"the_geom","properties":{"CVEGEO":"311000001","NOMGEO":"Ucú","CVE_ENT":"31","NOM_ENT":"Yucatán","AMBITO":"Urbana","area_km2":3.695}},{"type":"Feature","id":"311000003","geometry":{"type":"Point","coordinates":[-89.75524,21.04464]},"geometry_name":"the_geom","properties":{"CVEGEO":"311000003","NOMGEO":"Yaxché de Peón","CVE_ENT":"31","NOM_ENT":"Yucatán","AMBITO":"Rural","area_km2":0.722}},{"type":"Feature","id":"311010001","geometry":{"type":"Point","coordinates":[-89.72937,20.89397]},"geometry_name":"the_geom","properties":{"CVEGEO":"311010001","NOMGEO":"Umán","CVE_ENT":"31","NOM_ENT":"Yucatán","AMBITO":"Urbana","area_km2":17.369}},{"type":"Feature","id":"311010002","geometry":{"type":"Point","coordinates":[-89.83255,20.85017]},"geometry_name":"the_geom","properties":{"CVEGEO":"311010002","NOMGEO":"Bolón","CVE_ENT":"31","NOM_ENT":"Yucatán","AMBITO":"Rural","area_km2":1.137}},{"type":"Feature","id":"311010005","geometry":{"type":"Point","coordinates":[-89.79328,20.89941]},"geometry_name":"the_geom","properties":{"CVEGEO":"311010005","NOMGEO":"Dzibikak","CVE_ENT":"31","NOM_ENT":"Yucatán","AMBITO":"Rural","area_km2":1.002}},{"type":"Feature","id":"311010006","geometry":{"type":"Point","coordinates":[-89.69189,20.8073]},"geometry_name":"the_geom","properties":{"CVEGEO":"311010006","NOMGEO":"Hotzuc","CVE_ENT":"31","NOM_ENT":"Yucatán","AMBITO":"Rural","area_km2":0.203}},{"type":"Feature","id":"311010007","geometry":{"type":"Point","coordinates":[-89.74064,20.90515]},"geometry_name":"the_geom","properties":{"CVEGEO":"311010007","NOMGEO":"Hunxectamán","CVE_ENT":"31","NOM_ENT":"Yucatán","AMBITO":"Rural","area_km2":0.74}},{"type":"Feature","id":"311010009","geometry":{"type":"Point","coordinates":[-89.76292,20.94517]},"geometry_name":"the_geom","properties":{"CVEGEO":"311010009","NOMGEO":"Oxcum","CVE_ENT":"31","NOM_ENT":"Yucatán","AMBITO":"Rural","area_km2":0.512}},{"type":"Feature","id":"311010010","geometry":{"type":"Point","coordinates":[-89.80978,20.87477]},"geometry_name":"the_geom","properties":{"CVEGEO":"311010010","NOMGEO":"Oxholón","CVE_ENT":"31","NOM_ENT":"Yucatán","AMBITO":"Rural","area_km2":0.405}},{"type":"Feature","id":"311010011","geometry":{"type":"Point","coordinates":[-89.80548,20.81794]},"geometry_name":"the_geom","properties":{"CVEGEO":"311010011","NOMGEO":"Poxilá","CVE_ENT":"31","NOM_ENT":"Yucatán","AMBITO":"Rural","area_km2":0.489}},{"type":"Feature","id":"311010012","geometry":{"type":"Point","coordinates":[-89.85989,20.87868]},"geometry_name":"the_geom","properties":{"CVEGEO":"311010012","NOMGEO":"San Antonio Chum","CVE_ENT":"31","NOM_ENT":"Yucatán","AMBITO":"Rural","area_km2":0.616}},{"type":"Feature","id":"311010013","geometry":{"type":"Point","coordinates":[-89.7548,20.66896]},"geometry_name":"the_geom","properties":{"CVEGEO":"311010013","NOMGEO":"San Antonio Mulix","CVE_ENT":"31","NOM_ENT":"Yucatán","AMBITO":"Rural","area_km2":0.191}},{"type":"Feature","id":"311010014","geometry":{"type":"Point","coordinates":[-89.70711,20.89056]},"geometry_name":"the_geom","properties":{"CVEGEO":"311010014","NOMGEO":"Taníl","CVE_ENT":"31","NOM_ENT":"Yucatán","AMBITO":"Rural","area_km2":0.525}},{"type":"Feature","id":"311010015","geometry":{"type":"Point","coordinates":[-89.70886,20.84455]},"geometry_name":"the_geom","properties":{"CVEGEO":"311010015","NOMGEO":"Tebec","CVE_ENT":"31","NOM_ENT":"Yucatán","AMBITO":"Rural","area_km2":0.431}},{"type":"Feature","id":"311010016","geometry":{"type":"Point","coordinates":[-89.68293,20.88052]},"geometry_name":"the_geom","properties":{"CVEGEO":"311010016","NOMGEO":"Ticimul","CVE_ENT":"31","NOM_ENT":"Yucatán","AMBITO":"Rural","area_km2":0.856}},{"type":"Feature","id":"311010017","geometry":{"type":"Point","coordinates":[-89.67129,20.8566]},"geometry_name":"the_geom","properties":{"CVEGEO":"311010017","NOMGEO":"Xcucul Sur","CVE_ENT":"31","NOM_ENT":"Yucatán","AMBITO":"Rural","area_km2":0.518}},{"type":"Feature","id":"311010018","geometry":{"type":"Point","coordinates":[-89.74212,20.82435]},"geometry_name":"the_geom","properties":{"CVEGEO":"311010018","NOMGEO":"Xtepén","CVE_ENT":"31","NOM_ENT":"Yucatán","AMBITO":"Rural","area_km2":0.647}},{"type":"Feature","id":"311010019","geometry":{"type":"Point","coordinates":[-89.72252,20.74679]},"geometry_name":"the_geom","properties":{"CVEGEO":"311010019","NOMGEO":"Yaxcopoil","CVE_ENT":"31","NOM_ENT":"Yucatán","AMBITO":"Rural","area_km2":0.856}},{"type":"Feature","id":"311010057","geometry":{"type":"Point","coordinates":[-89.81755,20.89711]},"geometry_name":"the_geom","properties":{"CVEGEO":"311010057","NOMGEO":"Sac Nicté","CVE_ENT":"31","NOM_ENT":"Yucatán","AMBITO":"Rural","area_km2":0.034}},{"type":"Feature","id":"311010113","geometry":{"type":"Point","coordinates":[-89.68606,20.8276]},"geometry_name":"the_geom","properties":{"CVEGEO":"311010113","NOMGEO":"Petec Biltún","CVE_ENT":"31","NOM_ENT":"Yucatán","AMBITO":"Rural","area_km2":0.096}},{"type":"Feature","id":"311010409","geometry":{"type":"Point","coordinates":[-89.67591,20.89098]},"geometry_name":"the_geom","properties":{"CVEGEO":"311010409","NOMGEO":"Gran Santa Cruz [Fraccionamiento]","CVE_ENT":"31","NOM_ENT":"Yucatán","AMBITO":"Rural","area_km2":0.208}},{"type":"Feature","id":"311020001","geometry":{"type":"Point","coordinates":[-88.20131,20.69006]},"geometry_name":"the_geom","properties":{"CVEGEO":"311020001","NOMGEO":"Valladolid","CVE_ENT":"31","NOM_ENT":"Yucatán","AMBITO":"Urbana","area_km2":17.072}},{"type":"Feature","id":"311020045","geometry":{"type":"Point","coordinates":[-88.24489,20.64637]},"geometry_name":"the_geom","properties":{"CVEGEO":"311020045","NOMGEO":"Dzitnup","CVE_ENT":"31","NOM_ENT":"Yucatán","AMBITO":"Rural","area_km2":0.716}},{"type":"Feature","id":"311020047","geometry":{"type":"Point","coordinates":[-88.26103,20.66496]},"geometry_name":"the_geom","properties":{"CVEGEO":"311020047","NOMGEO":"Ebtún","CVE_ENT":"31","NOM_ENT":"Yucatán","AMBITO":"Rural","area_km2":0.81}},{"type":"Feature","id":"311020051","geometry":{"type":"Point","coordinates":[-88.09602,20.47855]},"geometry_name":"the_geom","properties":{"CVEGEO":"311020051","NOMGEO":"Xkampepén","CVE_ENT":"31","NOM_ENT":"Yucatán","AMBITO":"Rural","area_km2":0.022}},{"type":"Feature","id":"311020055","geometry":{"type":"Point","coordinates":[-88.09875,20.61674]},"geometry_name":"the_geom","properties":{"CVEGEO":"311020055","NOMGEO":"Kanxoc","CVE_ENT":"31","NOM_ENT":"Yucatán","AMBITO":"Urbana","area_km2":1.304}},{"type":"Feature","id":"311020069","geometry":{"type":"Point","coordinates":[-88.09538,20.43598]},"geometry_name":"the_geom","properties":{"CVEGEO":"311020069","NOMGEO":"Nohsuytún","CVE_ENT":"31","NOM_ENT":"Yucatán","AMBITO":"Rural","area_km2":0.187}},{"type":"Feature","id":"311020075","geometry":{"type":"Point","coordinates":[-88.26384,20.71553]},"geometry_name":"the_geom","properties":{"CVEGEO":"311020075","NOMGEO":"Pixoy","CVE_ENT":"31","NOM_ENT":"Yucatán","AMBITO":"Rural","area_km2":0.99}},{"type":"Feature","id":"311020077","geometry":{"type":"Point","coordinates":[-88.23625,20.73322]},"geometry_name":"the_geom","properties":{"CVEGEO":"311020077","NOMGEO":"Popolá","CVE_ENT":"31","NOM_ENT":"Yucatán","AMBITO":"Urbana","area_km2":2.486}},{"type":"Feature","id":"311020081","geometry":{"type":"Point","coordinates":[-88.06758,20.71809]},"geometry_name":"the_geom","properties":{"CVEGEO":"311020081","NOMGEO":"San Andrés X-Bac","CVE_ENT":"31","NOM_ENT":"Yucatán","AMBITO":"Rural","area_km2":0.11}},{"type":"Feature","id":"311020116","geometry":{"type":"Point","coordinates":[-88.0958,20.49276]},"geometry_name":"the_geom","properties":{"CVEGEO":"311020116","NOMGEO":"Santa Rosa","CVE_ENT":"31","NOM_ENT":"Yucatán","AMBITO":"Rural","area_km2":0.031}},{"type":"Feature","id":"311020127","geometry":{"type":"Point","coordinates":[-88.1411,20.75984]},"geometry_name":"the_geom","properties":{"CVEGEO":"311020127","NOMGEO":"Tahmuy","CVE_ENT":"31","NOM_ENT":"Yucatán","AMBITO":"Rural","area_km2":0.682}},{"type":"Feature","id":"311020129","geometry":{"type":"Point","coordinates":[-88.15488,20.72119]},"geometry_name":"the_geom","properties":{"CVEGEO":"311020129","NOMGEO":"Tesoco","CVE_ENT":"31","NOM_ENT":"Yucatán","AMBITO":"Rural","area_km2":1.296}},{"type":"Feature","id":"311020130","geometry":{"type":"Point","coordinates":[-88.11087,20.70162]},"geometry_name":"the_geom","properties":{"CVEGEO":"311020130","NOMGEO":"Tikuch","CVE_ENT":"31","NOM_ENT":"Yucatán","AMBITO":"Rural","area_km2":1.087}},{"type":"Feature","id":"311020132","geometry":{"type":"Point","coordinates":[-88.14287,20.64159]},"geometry_name":"the_geom","properties":{"CVEGEO":"311020132","NOMGEO":"Tixhualactún","CVE_ENT":"31","NOM_ENT":"Yucatán","AMBITO":"Rural","area_km2":1.089}},{"type":"Feature","id":"311020149","geometry":{"type":"Point","coordinates":[-87.9494,20.8038]},"geometry_name":"the_geom","properties":{"CVEGEO":"311020149","NOMGEO":"X-Cohuó","CVE_ENT":"31","NOM_ENT":"Yucatán","AMBITO":"Rural","area_km2":0.068}},{"type":"Feature","id":"311020174","geometry":{"type":"Point","coordinates":[-88.16287,20.59775]},"geometry_name":"the_geom","properties":{"CVEGEO":"311020174","NOMGEO":"Xocén","CVE_ENT":"31","NOM_ENT":"Yucatán","AMBITO":"Urbana","area_km2":1.443}},{"type":"Feature","id":"311020183","geometry":{"type":"Point","coordinates":[-88.02978,20.41781]},"geometry_name":"the_geom","properties":{"CVEGEO":"311020183","NOMGEO":"Xuilub","CVE_ENT":"31","NOM_ENT":"Yucatán","AMBITO":"Rural","area_km2":0.409}},{"type":"Feature","id":"311020188","geometry":{"type":"Point","coordinates":[-88.03822,20.79063]},"geometry_name":"the_geom","properties":{"CVEGEO":"311020188","NOMGEO":"Yalcobá","CVE_ENT":"31","NOM_ENT":"Yucatán","AMBITO":"Urbana","area_km2":1.272}},{"type":"Feature","id":"311020189","geometry":{"type":"Point","coordinates":[-88.15785,20.68053]},"geometry_name":"the_geom","properties":{"CVEGEO":"311020189","NOMGEO":"Yalcón","CVE_ENT":"31","NOM_ENT":"Yucatán","AMBITO":"Rural","area_km2":0.225}},{"type":"Feature","id":"311020192","geometry":{"type":"Point","coordinates":[-88.08818,20.71771]},"geometry_name":"the_geom","properties":{"CVEGEO":"311020192","NOMGEO":"Yaxché","CVE_ENT":"31","NOM_ENT":"Yucatán","AMBITO":"Rural","area_km2":0.135}},{"type":"Feature","id":"311020262","geometry":{"type":"Point","coordinates":[-88.08916,20.70504]},"geometry_name":"the_geom","properties":{"CVEGEO":"311020262","NOMGEO":"San Antonio","CVE_ENT":"31","NOM_ENT":"Yucatán","AMBITO":"Rural","area_km2":0.087}},{"type":"Feature","id":"311020263","geometry":{"type":"Point","coordinates":[-88.18336,20.76861]},"geometry_name":"the_geom","properties":{"CVEGEO":"311020263","NOMGEO":"Chan Yokdzonot","CVE_ENT":"31","NOM_ENT":"Yucatán","AMBITO":"Rural","area_km2":0.094}},{"type":"Feature","id":"311020300","geometry":{"type":"Point","coordinates":[-88.066,20.37851]},"geometry_name":"the_geom","properties":{"CVEGEO":"311020300","NOMGEO":"Chamul","CVE_ENT":"31","NOM_ENT":"Yucatán","AMBITO":"Rural","area_km2":0.051}},{"type":"Feature","id":"311020481","geometry":{"type":"Point","coordinates":[-87.9793,20.7936]},"geometry_name":"the_geom","properties":{"CVEGEO":"311020481","NOMGEO":"X-Bacab","CVE_ENT":"31","NOM_ENT":"Yucatán","AMBITO":"Rural","area_km2":0.069}},{"type":"Feature","id":"311020538","geometry":{"type":"Point","coordinates":[-88.125,20.74732]},"geometry_name":"the_geom","properties":{"CVEGEO":"311020538","NOMGEO":"Zodzilchén","CVE_ENT":"31","NOM_ENT":"Yucatán","AMBITO":"Rural","area_km2":0.037}},{"type":"Feature","id":"311020608","geometry":{"type":"Point","coordinates":[-88.16643,20.74261]},"geometry_name":"the_geom","properties":{"CVEGEO":"311020608","NOMGEO":"Tepakán","CVE_ENT":"31","NOM_ENT":"Yucatán","AMBITO":"Rural","area_km2":0.039}},{"type":"Feature","id":"311020631","geometry":{"type":"Point","coordinates":[-87.93476,20.54805]},"geometry_name":"the_geom","properties":{"CVEGEO":"311020631","NOMGEO":"Bolmay","CVE_ENT":"31","NOM_ENT":"Yucatán","AMBITO":"Rural","area_km2":0.175}},{"type":"Feature","id":"311020655","geometry":{"type":"Point","coordinates":[-88.3307,20.66884]},"geometry_name":"the_geom","properties":{"CVEGEO":"311020655","NOMGEO":"Santa Eleuteria","CVE_ENT":"31","NOM_ENT":"Yucatán","AMBITO":"Rural","area_km2":0.045}},{"type":"Feature","id":"311020671","geometry":{"type":"Point","coordinates":[-88.02798,20.83089]},"geometry_name":"the_geom","properties":{"CVEGEO":"311020671","NOMGEO":"Yaax-Hal","CVE_ENT":"31","NOM_ENT":"Yucatán","AMBITO":"Rural","area_km2":0.072}},{"type":"Feature","id":"311030001","geometry":{"type":"Point","coordinates":[-89.18225,20.83482]},"geometry_name":"the_geom","properties":{"CVEGEO":"311030001","NOMGEO":"Xocchel","CVE_ENT":"31","NOM_ENT":"Yucatán","AMBITO":"Urbana","area_km2":2.578}},{"type":"Feature","id":"311040001","geometry":{"type":"Point","coordinates":[-88.8263,20.54898]},"geometry_name":"the_geom","properties":{"CVEGEO":"311040001","NOMGEO":"Yaxcabá","CVE_ENT":"31","NOM_ENT":"Yucatán","AMBITO":"Urbana","area_km2":2.34}},{"type":"Feature","id":"311040002","geometry":{"type":"Point","coordinates":[-88.76198,20.44213]},"geometry_name":"the_geom","properties":{"CVEGEO":"311040002","NOMGEO":"Canakom","CVE_ENT":"31","NOM_ENT":"Yucatán","AMBITO":"Rural","area_km2":0.374}},{"type":"Feature","id":"311040010","geometry":{"type":"Point","coordinates":[-88.68237,20.26403]},"geometry_name":"the_geom","properties":{"CVEGEO":"311040010","NOMGEO":"Tinuncah","CVE_ENT":"31","NOM_ENT":"Yucatán","AMBITO":"Rural","area_km2":0.164}},{"type":"Feature","id":"311040011","geometry":{"type":"Point","coordinates":[-88.59782,20.31187]},"geometry_name":"the_geom","properties":{"CVEGEO":"311040011","NOMGEO":"Cipché","CVE_ENT":"31","NOM_ENT":"Yucatán","AMBITO":"Rural","area_km2":0.04}},{"type":"Feature","id":"311040018","geometry":{"type":"Point","coordinates":[-88.72196,20.39037]},"geometry_name":"the_geom","properties":{"CVEGEO":"311040018","NOMGEO":"San Pedro","CVE_ENT":"31","NOM_ENT":"Yucatán","AMBITO":"Rural","area_km2":0.13}},{"type":"Feature","id":"311040019","geometry":{"type":"Point","coordinates":[-88.68907,20.33126]},"geometry_name":"the_geom","properties":{"CVEGEO":"311040019","NOMGEO":"Tiholop","CVE_ENT":"31","NOM_ENT":"Yucatán","AMBITO":"Rural","area_km2":1.359}},{"type":"Feature","id":"311040021","geometry":{"type":"Point","coordinates":[-88.62872,20.25644]},"geometry_name":"the_geom","properties":{"CVEGEO":"311040021","NOMGEO":"Xlapak","CVE_ENT":"31","NOM_ENT":"Yucatán","AMBITO":"Rural","area_km2":0.166}},{"type":"Feature","id":"311040027","geometry":{"type":"Point","coordinates":[-88.64398,20.46112]},"geometry_name":"the_geom","properties":{"CVEGEO":"311040027","NOMGEO":"Yokdzonot-Hú","CVE_ENT":"31","NOM_ENT":"Yucatán","AMBITO":"Rural","area_km2":0.086}},{"type":"Feature","id":"311040031","geometry":{"type":"Point","coordinates":[-88.68106,20.39453]},"geometry_name":"the_geom","properties":{"CVEGEO":"311040031","NOMGEO":"Huechen Balam","CVE_ENT":"31","NOM_ENT":"Yucatán","AMBITO":"Rural","area_km2":0.224}},{"type":"Feature","id":"311040032","geometry":{"type":"Point","coordinates":[-88.80963,20.70665]},"geometry_name":"the_geom","properties":{"CVEGEO":"311040032","NOMGEO":"Libre Unión","CVE_ENT":"31","NOM_ENT":"Yucatán","AMBITO":"Rural","area_km2":1.425}},{"type":"Feature","id":"311040035","geometry":{"type":"Point","coordinates":[-88.73148,20.71002]},"geometry_name":"the_geom","properties":{"CVEGEO":"311040035","NOMGEO":"Yokdzonot","CVE_ENT":"31","NOM_ENT":"Yucatán","AMBITO":"Rural","area_km2":1.188}},{"type":"Feature","id":"311040041","geometry":{"type":"Point","coordinates":[-88.73607,20.65763]},"geometry_name":"the_geom","properties":{"CVEGEO":"311040041","NOMGEO":"X-Mexil","CVE_ENT":"31","NOM_ENT":"Yucatán","AMBITO":"Rural","area_km2":0.103}},{"type":"Feature","id":"311040043","geometry":{"type":"Point","coordinates":[-88.67597,20.54045]},"geometry_name":"the_geom","properties":{"CVEGEO":"311040043","NOMGEO":"Yaxunah","CVE_ENT":"31","NOM_ENT":"Yucatán","AMBITO":"Rural","area_km2":0.665}},{"type":"Feature","id":"311040045","geometry":{"type":"Point","coordinates":[-88.72846,20.54067]},"geometry_name":"the_geom","properties":{"CVEGEO":"311040045","NOMGEO":"Chimay","CVE_ENT":"31","NOM_ENT":"Yucatán","AMBITO":"Rural","area_km2":0.139}},{"type":"Feature","id":"311040047","geometry":{"type":"Point","coordinates":[-88.66002,20.50541]},"geometry_name":"the_geom","properties":{"CVEGEO":"311040047","NOMGEO":"Santa María","CVE_ENT":"31","NOM_ENT":"Yucatán","AMBITO":"Rural","area_km2":0.333}},{"type":"Feature","id":"311040051","geometry":{"type":"Point","coordinates":[-88.7099,20.50902]},"geometry_name":"the_geom","properties":{"CVEGEO":"311040051","NOMGEO":"Kancabdzonot","CVE_ENT":"31","NOM_ENT":"Yucatán","AMBITO":"Rural","area_km2":0.82}},{"type":"Feature","id":"311040052","geometry":{"type":"Point","coordinates":[-88.91601,20.4926]},"geometry_name":"the_geom","properties":{"CVEGEO":"311040052","NOMGEO":"Tixcacaltuyub","CVE_ENT":"31","NOM_ENT":"Yucatán","AMBITO":"Urbana","area_km2":1.556}},{"type":"Feature","id":"311040054","geometry":{"type":"Point","coordinates":[-88.64984,20.25615]},"geometry_name":"the_geom","properties":{"CVEGEO":"311040054","NOMGEO":"San Marcos","CVE_ENT":"31","NOM_ENT":"Yucatán","AMBITO":"Rural","area_km2":0.118}},{"type":"Feature","id":"311040056","geometry":{"type":"Point","coordinates":[-88.65098,20.59478]},"geometry_name":"the_geom","properties":{"CVEGEO":"311040056","NOMGEO":"Popolá","CVE_ENT":"31","NOM_ENT":"Yucatán","AMBITO":"Rural","area_km2":0.383}},{"type":"Feature","id":"311040060","geometry":{"type":"Point","coordinates":[-88.83056,20.44889]},"geometry_name":"the_geom","properties":{"CVEGEO":"311040060","NOMGEO":"Tahdzibichén","CVE_ENT":"31","NOM_ENT":"Yucatán","AMBITO":"Rural","area_km2":1.303}},{"type":"Feature","id":"311040067","geometry":{"type":"Point","coordinates":[-88.84463,20.32074]},"geometry_name":"the_geom","properties":{"CVEGEO":"311040067","NOMGEO":"Cisteil","CVE_ENT":"31","NOM_ENT":"Yucatán","AMBITO":"Rural","area_km2":0.166}},{"type":"Feature","id":"311050001","geometry":{"type":"Point","coordinates":[-89.4191,21.06132]},"geometry_name":"the_geom","properties":{"CVEGEO":"311050001","NOMGEO":"Yaxkukul","CVE_ENT":"31","NOM_ENT":"Yucatán","AMBITO":"Urbana","area_km2":1.881}},{"type":"Feature","id":"311050027","geometry":{"type":"Point","coordinates":[-89.49241,21.05713]},"geometry_name":"the_geom","properties":{"CVEGEO":"311050027","NOMGEO":"Ya'ax Lu'um","CVE_ENT":"31","NOM_ENT":"Yucatán","AMBITO":"Rural","area_km2":0.261}},{"type":"Feature","id":"311060001","geometry":{"type":"Point","coordinates":[-89.11586,21.23449]},"geometry_name":"the_geom","properties":{"CVEGEO":"311060001","NOMGEO":"Yobaín","CVE_ENT":"31","NOM_ENT":"Yucatán","AMBITO":"Urbana","area_km2":1.595}},{"type":"Feature","id":"311060002","geometry":{"type":"Point","coordinates":[-89.12022,21.35624]},"geometry_name":"the_geom","properties":{"CVEGEO":"311060002","NOMGEO":"Chabihau","CVE_ENT":"31","NOM_ENT":"Yucatán","AMBITO":"Rural","area_km2":0.375}}]}